forecast_time,latitude,longitude,forecast_temperature,forecast_pressure,forecast_wind_speed,forecast_rainfall_6h,ml_temperature,ml_pressure,ml_wind_speed,ml_rainfall
2022-06-01 06:00:00,11.0,74.0,26.61337890625004,1009.1313125,5.416022980198645,8.22528,26.486640707531134,1009.0562310083587,3.7396824462738105,0.44991014201999274
2022-06-01 06:00:00,11.0,75.0,27.213378906250057,1009.1473125,5.426345456641444,4.33728,26.3271696739488,1009.1401489295039,3.6877441136238107,0.8655848005722426
2022-06-01 06:00:00,11.0,76.0,29.61337890625004,1003.8353125,1.7646431285839517,4.64832,28.70551610440079,1005.9009382475117,2.067658372190686,2.258054655670811
2022-06-01 06:00:00,11.0,77.0,30.713378906250057,961.4993125,5.716383961550163,0.5529600000000002,30.24227611335995,958.3201106146822,5.288066970535957,0.3905811910125934
2022-06-01 06:00:00,11.0,78.0,33.31337890625002,988.9073125,5.509422224004283,0.0,34.13599825636113,987.9564460513499,4.96002140273333,0.0013292429086046132
2022-06-01 06:00:00,12.0,74.0,26.413378906250045,1008.9073125,5.003702244101436,0.6912000000000001,26.894974033877535,1008.6817413853709,2.8983237119388514,0.2982756891773288
2022-06-01 06:00:00,12.0,75.0,27.713378906250057,1008.5393125,1.0131052469392037,2.2809600000000003,26.798355607140024,1008.356746600781,2.820100273988041,0.24046112686700644
2022-06-01 06:00:00,12.0,76.0,26.813378906250023,918.2833125,1.863786911252312,2.5056,26.35200832428207,922.8816313838629,2.3143852523103283,0.2052685559456492
2022-06-01 06:00:00,12.0,77.0,27.813378906250023,924.8753125,3.6992442138997874,1.1059200000000002,27.238787508301588,919.8205466180552,3.3193560936990227,0.091564621406201
2022-06-01 06:00:00,12.0,78.0,31.913378906250045,958.9873125,4.47622319723815,0.0,30.339983003174705,952.4975950798926,3.6442283985188144,0.001927912706987564
2022-06-01 06:00:00,13.0,74.0,28.61337890625004,1008.3473125000002,2.446148776762246,2.45376,27.092381669833667,1008.6667564654839,2.8412853168692007,0.21882546841454725
2022-06-01 06:00:00,13.0,75.0,30.61337890625004,999.8993125,2.082981792906234,4.68288,28.93881692308728,998.5111108565742,2.2366197189736075,1.3321478626764596
2022-06-01 06:00:00,13.0,76.0,27.01337890625001,903.3713125,2.9590291574860004,2.54016,26.139015143418426,899.5998245172389,2.677123068446678,0.21428803981255476
2022-06-01 06:00:00,13.0,77.0,28.913378906250045,921.4833125,3.9269794987449633,0.0,28.05449733616802,919.8675828618121,3.0586305572704013,0.004161391419363858
2022-06-01 06:00:00,13.0,78.0,29.213378906250057,911.0193125,5.710560310745769,0.0,28.505253475145516,912.2496091031087,4.484444568355139,0.0037691652232985837
2022-06-01 06:00:00,14.0,74.0,28.313378906250023,1008.1233125,1.3803801401134017,6.912000000000001,27.283013486461222,1007.6887307681483,2.840593420967195,0.6317668675312129
2022-06-01 06:00:00,14.0,75.0,24.813378906250023,941.3233125,0.949709063267434,0.6566400000000001,26.89732002038093,939.3978262308207,2.3554280139776274,0.44204409239889986
2022-06-01 06:00:00,14.0,76.0,25.713378906250057,928.8273125,4.352078421522166,0.2419200000000001,26.9846902748181,929.4773668936378,3.1299385578673835,0.10738531060367168
2022-06-01 06:00:00,14.0,77.0,29.713378906250057,935.4993125,6.346658647774887,0.0,29.847265960805554,934.5156651341666,3.8986889801909608,0.00542944008222644
2022-06-01 06:00:00,14.0,78.0,31.213378906250057,934.0113125,7.352892138004852,0.0,30.728433101091603,934.5011273640076,4.551430462260711,0.003136392647091575
2022-06-01 06:00:00,15.0,74.0,30.11337890625004,1003.0993125,2.509850401567939,1.9526400000000004,28.07371668750952,1001.2573932660315,2.7704348470218862,0.31416664551784995
2022-06-01 06:00:00,15.0,75.0,30.813378906250023,944.5873125000002,2.537380609331229,0.44928,28.919258845091257,943.9079348441671,2.9166060088968457,0.5211617145543919
2022-06-01 06:00:00,15.0,76.0,29.313378906250023,944.9233125,3.830968544052061,0.0,29.925629370317463,946.3295946039681,3.097694646448655,0.01613822566454064
2022-06-01 06:00:00,15.0,77.0,29.913378906250045,955.0673125,4.710083775790989,0.5529600000000002,30.255928140842236,953.0321392581119,3.9113372880929775,0.12848604699651975
2022-06-01 06:00:00,15.0,78.0,33.81337890625002,971.4993125,6.806571640354783,0.0,33.1220600167143,970.7253795867458,4.5460262978836745,0.005131363639819088
2022-06-01 06:00:00,16.0,74.0,32.913378906250045,952.6513125,1.8222791522592128,0.01728,30.13040612323017,953.3776751851912,2.5865161275673296,0.055553930223599376
2022-06-01 06:00:00,16.0,75.0,30.313378906250023,934.2193125,3.438382346299564,0.0,29.14513115949562,934.9582547418061,3.006800895012842,0.001479134003067157
2022-06-01 06:00:00,16.0,76.0,28.213378906250057,943.0993125,2.02930265192122,0.0,29.05989497813493,942.9302180980161,3.4475599937516894,0.025959292534175553
2022-06-01 06:00:00,16.0,77.0,30.01337890625001,963.3553125,3.0100424793852776,0.0,31.083273754236803,962.1661077011115,3.8684449283990405,0.009477065519927105
2022-06-01 06:00:00,16.0,78.0,34.413378906250045,972.1073125,5.666800371924436,0.0,33.289388811026456,971.3714512428843,4.562308095632953,0.0026732770120365557
2022-06-01 06:00:00,17.0,74.0,32.31337890625002,933.2113125,0.7876944143506299,0.0,29.57717371776192,935.4474332160843,2.3155279451856488,0.028568931693670224
2022-06-01 06:00:00,17.0,75.0,28.413378906250045,935.7553125,3.6197402291237255,0.0,28.610270233620383,935.5540041881926,2.608752031122295,0.0143979455707402
2022-06-01 06:00:00,17.0,76.0,30.413378906250045,951.4353125,2.553376224093576,0.03456,31.38838284593255,951.7102184024207,3.9154467706085376,0.051892804161427754
2022-06-01 06:00:00,17.0,77.0,32.113378906250034,959.1793125,7.700547455754615,0.5011200000000001,31.506366646806523,956.4421732879356,4.206121259665875,0.16928517408521018
2022-06-01 06:00:00,17.0,78.0,32.413378906250045,937.3553125,6.645143199345914,0.0,30.890600505883995,938.8539332226591,4.085502816605846,0.009054847404756107
2022-06-01 06:00:00,18.0,74.0,31.01337890625001,921.9313125,3.3018943079197163,0.0,28.77199394659525,922.7391534057007,2.4194487077618883,0.0028285383194920936
2022-06-01 06:00:00,18.0,75.0,32.413378906250045,949.9793125,3.753269306026848,0.0,30.31766903193653,949.5967966496822,2.777914796985508,0.004310758721646733
2022-06-01 06:00:00,18.0,76.0,32.21337890625006,944.9233125,5.6059254944726895,0.0,31.172747113768196,945.7936325979373,4.166024110823355,0.004361250218977015
2022-06-01 06:00:00,18.0,77.0,33.613378906250034,938.9713125,5.914809372437473,0.0,33.04478449749866,939.0259230581739,3.7006995103454656,0.011230197358791156
2022-06-01 06:00:00,18.0,78.0,34.913378906250045,950.9873125,6.080304643340567,0.0,33.66101585825531,949.7553885605956,3.731329295096676,0.009588413328182669
2022-06-02 06:00:00,11.0,74.0,27.906787109375045,1009.1204375,6.205627868369104,0.01728,27.066898377102277,1009.1993856664812,5.014834142746035,0.23447299872153166
2022-06-02 06:00:00,11.0,75.0,27.906787109375045,1008.8004375000002,5.955812525288417,5.529599999999999,26.87956583641231,1008.8669400203346,3.7011296017146855,0.2768703473975932
2022-06-02 06:00:00,11.0,76.0,31.10678710937504,1003.5364375,2.892409247383769,2.21184,29.322505516746016,1005.3726779103166,2.2579075809027542,0.23210659276708473
2022-06-02 06:00:00,11.0,77.0,30.706787109375057,961.4244375,5.760295364814032,0.8985600000000001,30.138001644182708,958.0723806787829,4.978946623192693,0.5976286046482542
2022-06-02 06:00:00,11.0,78.0,34.30678710937502,988.7044375,5.212036887818057,0.0,35.49610225909921,987.7777402334119,3.981865797643296,0.0012652653625589193
2022-06-02 06:00:00,12.0,74.0,27.50678710937501,1008.8964375,6.101704792231319,0.3456000000000001,27.18290861834976,1008.6888867737828,4.0494406367112905,0.209026277320956
2022-06-02 06:00:00,12.0,75.0,28.50678710937501,1008.6564375,4.200960491044862,1.9526400000000004,27.25998541736138,1008.1500151177318,2.4298041480101107,0.10965985817420282
2022-06-02 06:00:00,12.0,76.0,27.00678710937501,918.3204375,2.5308670340032213,1.1404800000000002,26.663458075942238,922.6553425843775,2.6212672956243135,0.31664981127523967
2022-06-02 06:00:00,12.0,77.0,28.806787109375023,924.8484375,3.3019599270463424,0.4320000000000001,27.966938307456342,919.8284988028965,3.4765241361778694,0.06276930350248619
2022-06-02 06:00:00,12.0,78.0,32.20678710937506,959.1204375,3.665759202633868,0.0,30.968712048672,952.5934201588227,3.342130469900372,0.0022571796273216566
2022-06-02 06:00:00,13.0,74.0,28.50678710937501,1008.6404375,5.250779876455664,0.01728,27.561593697130974,1008.6968733817533,3.252506300790151,0.17292863313652937
2022-06-02 06:00:00,13.0,75.0,30.306787109375023,1000.4004375,2.3305506982439823,2.88576,29.37371721138096,998.6615644008339,1.9135999025369206,0.43343028527590793
2022-06-02 06:00:00,13.0,76.0,26.60678710937504,903.6804375000002,4.771191360293427,0.13824,26.512681011026764,899.8043975064944,2.947183911889648,0.0737187708763761
2022-06-02 06:00:00,13.0,77.0,29.306787109375023,921.6644375,3.632301308718743,0.0,28.783739044015864,919.9084809505022,3.0106877796530793,0.0025107954956000073
2022-06-02 06:00:00,13.0,78.0,29.406787109375045,911.3604375,5.191793399734143,0.0,28.561685903600544,912.695365093624,4.159042860342222,0.0015821455986763636
2022-06-02 06:00:00,14.0,74.0,29.10678710937504,1008.3844375,4.098859121524079,2.69568,27.913361431310108,1007.7070824642726,2.7678708723940306,0.22009371897169597
2022-06-02 06:00:00,14.0,75.0,27.50678710937501,941.5524375,3.211383956865582,1.1059200000000002,27.22999439625362,939.5878252001064,2.7375587116539246,0.2539516352664617
2022-06-02 06:00:00,14.0,76.0,28.406787109375045,928.7844375,5.500709471681915,0.01728,28.230773801668008,929.5250259503297,4.038165061552334,0.037243485773634885
2022-06-02 06:00:00,14.0,77.0,31.00678710937501,935.4884375,5.585296344712373,0.0,30.165313345871883,934.4066276218261,4.2663853196759485,0.0008196759753670819
2022-06-02 06:00:00,14.0,78.0,32.80678710937502,933.9044375,5.898794898481481,0.0,31.074352811989296,934.2415787598916,4.462589885384435,0.0011801219432304854
2022-06-02 06:00:00,15.0,74.0,29.60678710937504,1003.4564375,4.453167905983603,0.06912,28.059384580017582,1001.3219293975791,3.691341244456252,0.10524793197265048
2022-06-02 06:00:00,15.0,75.0,31.00678710937501,944.8644375,4.399461809509831,0.01728,29.201392068704607,944.1568925582544,3.2828521820626833,0.04828716657699294
2022-06-02 06:00:00,15.0,76.0,31.906787109375045,944.8484375,5.900609989360307,0.0,30.80613324377679,946.2971086268905,4.321586431603258,0.0018176878391410157
2022-06-02 06:00:00,15.0,77.0,34.406787109375045,954.3204375,5.864826060604698,0.0,33.22218819244277,952.5478597349163,4.515632200812254,0.0015451777455704732
2022-06-02 06:00:00,15.0,78.0,35.906787109375045,971.1524375,6.408454358128059,0.0,34.48275975982021,970.5194392684921,4.527088394006647,0.005177159139594184
2022-06-02 06:00:00,16.0,74.0,29.306787109375023,953.1684375,2.3451987614941383,0.0,29.887594357116406,953.6906419701252,2.762325934118725,0.061893715966155005
2022-06-02 06:00:00,16.0,75.0,31.706787109375057,934.2084375,4.525210010498602,0.0,31.10524407553178,934.6249487049769,3.3853165600194823,0.002017018411613166
2022-06-02 06:00:00,16.0,76.0,32.906787109375045,942.8484375,5.274581181949534,0.0,31.217304785828897,942.5888309011772,3.941151473550897,0.002282675053507129
2022-06-02 06:00:00,16.0,77.0,35.20678710937506,962.5924375,5.875177524283938,0.0,33.23366655024439,961.4422429301587,3.9911314440087335,0.001717746557344382
2022-06-02 06:00:00,16.0,78.0,35.80678710937502,971.3604375,6.629105313706407,0.0,34.27988052687843,970.7109083766265,4.394900060963227,0.005904295726695107
2022-06-02 06:00:00,17.0,74.0,29.306787109375023,933.5844375,3.22734929185187,0.0,30.225871344886247,935.4511150503223,2.8920421538610355,0.01229762887573516
2022-06-02 06:00:00,17.0,75.0,32.106787109375034,935.8404375,3.102198652401312,0.0,32.21193695185752,935.1052353497612,3.3308122548132917,0.008216344523165565
2022-06-02 06:00:00,17.0,76.0,34.30678710937502,950.8644375,5.220413096199969,0.0,34.28812620362695,950.7299691541667,4.336307464855438,0.006316218700457206
2022-06-02 06:00:00,17.0,77.0,36.906787109375045,957.7924375,5.824418019684286,0.0,34.03441145667269,955.022627064028,3.472460753329374,0.002954766100304112
2022-06-02 06:00:00,17.0,78.0,35.30678710937502,936.4964375,5.069145956372473,0.0,31.877687483849215,938.4200954236862,3.9151062513083685,0.0035164021052497252
2022-06-02 06:00:00,18.0,74.0,31.60678710937504,922.3364375,4.063017305339932,0.0,31.40943445977908,922.8189792427249,2.9110365768324984,0.0034138005087102096
2022-06-02 06:00:00,18.0,75.0,34.20678710937506,950.2404375,7.5404656177763165,0.0864,34.27380078857935,949.3942813497221,4.184982906490336,0.034664639470920806
2022-06-02 06:00:00,18.0,76.0,36.00678710937507,943.9204375000002,6.639961606897279,0.0,34.12305425868663,944.6889324552911,4.130392106521033,0.003299486053835327
2022-06-02 06:00:00,18.0,77.0,36.00678710937507,938.3044375,6.3005420854683125,0.0,35.112992313410054,938.4271451220633,3.773921965743652,0.0054513174353842475
2022-06-02 06:00:00,18.0,78.0,38.60678710937504,949.5844375,6.060674661133126,0.0,35.664976630201075,948.8431858780813,3.740694797671427,0.003662907764248581
2022-06-03 06:00:00,11.0,74.0,29.064697265625057,1008.1264375,5.361669835583015,0.0,27.543236133103182,1008.1031272052622,4.756217824629276,0.24327704398470051
2022-06-03 06:00:00,11.0,75.0,28.764697265625045,1007.9184375,4.285626823868015,0.0,27.31796446478861,1008.0020156637147,3.3411086097472342,0.5139899492959198
2022-06-03 06:00:00,11.0,76.0,31.664697265625023,1002.8624375,2.884973412332131,0.14688,30.161246459110142,1004.4547087406341,2.7383060613407837,0.2039558555333892
2022-06-03 06:00:00,11.0,77.0,32.56469726562506,960.8304375,4.769771214583848,0.32832,31.505572358045466,957.2076228796032,3.716970052266239,0.037201246315837065
2022-06-03 06:00:00,11.0,78.0,35.264697265625045,988.1264375,4.608520032786847,0.0,35.446438787115106,987.156816238254,3.4791965953080255,0.002866061398606457
2022-06-03 06:00:00,12.0,74.0,29.264697265625045,1007.8864375,5.366454749655277,0.03456,27.299016042938764,1007.8375255591521,4.722935744499769,0.4725575313889225
2022-06-03 06:00:00,12.0,75.0,28.86469726562501,1007.6144375,2.2858678983807605,0.05184,27.773592713513686,1007.286976018757,2.3790724226965323,0.09593150228331619
2022-06-03 06:00:00,12.0,76.0,28.86469726562501,917.5664375,1.9851777308509249,0.01728,27.816163042022676,921.718275583968,2.1230829060632277,0.08991798208994395
2022-06-03 06:00:00,12.0,77.0,29.36469726562501,924.3504375,2.5449234678180006,0.0,28.76602748131482,919.1340031765479,2.639603966767726,0.0032338359344771476
2022-06-03 06:00:00,12.0,78.0,33.36469726562501,958.4624375,3.035163671647944,0.0,31.651864949959013,951.6976715225528,3.017645629625221,0.001056245004661858
2022-06-03 06:00:00,13.0,74.0,29.46469726562504,1007.5344375,5.4219140225559,0.0432,27.90007475513709,1007.6459779706083,4.503317691906479,0.26086028884514517
2022-06-03 06:00:00,13.0,75.0,31.46469726562504,999.2304375,2.4382761500707675,0.03456,30.152658761570837,997.7039903443658,2.3928444576298187,0.1334822337802619
2022-06-03 06:00:00,13.0,76.0,28.564697265625057,902.9104375000002,3.640673666254664,0.0,27.19838762135317,898.9111884348026,2.5444043729381316,0.011729979553130798
2022-06-03 06:00:00,13.0,77.0,29.664697265625023,921.3424375,2.998642133783877,0.0,28.71429568156483,919.2526612293649,2.547083585573541,0.0014576248457432153
2022-06-03 06:00:00,13.0,78.0,30.36469726562501,910.9744375,5.364246966317318,0.0,29.023521287652123,911.8664322080828,3.9508302776662547,0.0016100278659179881
2022-06-03 06:00:00,14.0,74.0,29.164697265625023,1007.4384375,5.857880339199404,0.7084800000000001,28.49689887855293,1006.569271866627,4.414723957597844,0.5326642536223312
2022-06-03 06:00:00,14.0,75.0,29.264697265625045,940.5904375,3.167522823581572,0.09504,27.713023920457246,938.4877742486503,2.7003917043887147,0.11759904899827321
2022-06-03 06:00:00,14.0,76.0,30.164697265625023,927.6304375,4.855648028973017,0.0,28.484511287608473,928.5415364531356,3.5670276940796013,0.00034558453456553064
2022-06-03 06:00:00,14.0,77.0,31.96469726562504,934.8144375,4.479813180354615,0.0,30.2829938733408,933.7611493032247,3.38561703841675,0.0002945774265904388
2022-06-03 06:00:00,14.0,78.0,33.06469726562506,933.6784375,5.215958222019006,0.0,31.084965420846068,933.6931964607944,4.015705168817263,0.00014597722008410487
2022-06-03 06:00:00,15.0,74.0,30.264697265625045,1002.6064375,5.708240399203389,0.00864,28.6977987623029,1000.3012740859529,4.515673447757238,0.04706914305670554
2022-06-03 06:00:00,15.0,75.0,30.36469726562501,944.1904375,3.1947556372985404,0.0,29.080839405589547,943.0779206258998,2.583278255232577,0.00035070526008518444
2022-06-03 06:00:00,15.0,76.0,32.66469726562502,943.9504375,1.5155609548388511,0.0,30.536589207488092,945.509574885753,2.422174471259479,0.0019995391352552534
2022-06-03 06:00:00,15.0,77.0,34.56469726562506,953.5824375,4.553439431063435,0.0,32.76867579668032,952.0307381958465,3.5468163344447348,0.0009831800797221566
2022-06-03 06:00:00,15.0,78.0,37.66469726562502,970.2704375,6.470797517744204,0.0,33.437216535650826,969.8286708561112,4.2329533529829,0.00043596032064677724
2022-06-03 06:00:00,16.0,74.0,30.96469726562504,952.2384375,2.1591745018215702,0.0,29.03076923157938,952.6707083552772,2.62545901231056,0.0036005823213482707
2022-06-03 06:00:00,16.0,75.0,31.764697265625045,933.3584375,4.199035034704497,0.0,30.781059394123705,934.0097048992336,2.908987508688342,0.00013191702276275843
2022-06-03 06:00:00,16.0,76.0,32.86469726562501,942.1264375,5.395924859183738,0.0,30.724954837268623,941.8635670566791,3.7962143221716222,0.00012470043229682325
2022-06-03 06:00:00,16.0,77.0,36.96469726562504,961.8544375,6.509312053975841,0.0,33.015771767297636,960.8993928036364,3.914750337237261,0.0004383510356762386
2022-06-03 06:00:00,16.0,78.0,37.96469726562504,970.3184375,7.666477588900479,0.0,33.676034124367746,970.0915522673415,4.438473463957146,0.001654693478558021
2022-06-03 06:00:00,17.0,74.0,31.064697265625057,932.7984375,2.924464311927622,0.0,29.47444316303968,934.897815619986,3.0542342030675367,0.0009444798711101813
2022-06-03 06:00:00,17.0,75.0,32.06469726562506,935.1504375,5.208547934872377,0.0,31.529237056974612,934.5170120251961,3.24001218363776,0.000309741554867255
2022-06-03 06:00:00,17.0,76.0,34.56469726562506,949.9504375,6.619832769527031,0.0,33.55751542084654,949.9761203536898,4.45226673178889,0.000363857492011803
2022-06-03 06:00:00,17.0,77.0,35.56469726562506,957.9984375,6.051060793495802,0.0,33.182711499521176,955.1238786260811,3.638410722449047,0.000500198966765906
2022-06-03 06:00:00,17.0,78.0,29.36469726562501,937.2464375,6.522176499231596,0.0,31.082066177715625,938.3461026009795,3.974730546722053,0.005899922261468572
2022-06-03 06:00:00,18.0,74.0,31.46469726562504,922.0144375,2.7890280649169794,0.0,31.18547771525528,922.3816236968362,3.1012732309648654,0.0010844916053797755
2022-06-03 06:00:00,18.0,75.0,36.06469726562506,949.1984375,4.823842058473482,0.0,33.1635553400331,948.7577042519846,3.7936701153189345,0.0004266831415915022
2022-06-03 06:00:00,18.0,76.0,35.964697265625034,943.8864375,5.383530186917971,0.0,33.645514274759265,944.5519569487833,3.839017209462104,0.0003837442282877394
2022-06-03 06:00:00,18.0,77.0,35.264697265625045,938.3984375,5.907611702983083,0.0,33.99595214395105,938.4606084415874,3.0519496648632534,0.0017006021213569866
2022-06-03 06:00:00,18.0,78.0,37.16469726562502,950.2064375,4.71424696751482,0.0,34.51116178616474,949.0690628228175,3.5983251583866096,0.0009806401600621734
2022-06-04 06:00:00,11.0,74.0,28.969531250000045,1007.6465625,5.356402669445121,0.13824,27.817262395599258,1007.4150263439683,5.088235044451012,0.19482066752069901
2022-06-04 06:00:00,11.0,75.0,28.869531250000023,1007.5025625,4.553562516150275,0.3110400000000001,28.188309500395494,1007.2733692738888,4.463612205082677,0.13401237853710588
2022-06-04 06:00:00,11.0,76.0,30.969531250000045,1002.3665625,2.533676633244304,0.2419200000000001,29.809175390737686,1004.298508381798,2.8670243723408957,0.21373409297637308
2022-06-04 06:00:00,11.0,77.0,32.76953125000006,960.1905625,4.8942875010747295,0.01728,31.577679975939756,956.7895161678305,3.9750178528157667,0.012940707138867764
2022-06-04 06:00:00,11.0,78.0,34.969531250000045,987.9985625000002,3.3340191493298588,0.0,35.57909209571693,986.9840456319041,2.8296977055579866,0.002483064062863171
2022-06-04 06:00:00,12.0,74.0,29.269531250000057,1007.3105625,4.838329739141463,4.9248,28.145353116055546,1007.017468379643,4.613711075410447,0.7525890032450562
2022-06-04 06:00:00,12.0,75.0,28.06953125000001,1007.1985625,2.329758182741573,0.13824,28.050648973103172,1006.8439429043391,2.9809644380017852,0.060880392066492824
2022-06-04 06:00:00,12.0,76.0,29.56953125000001,917.1185625000002,1.8039412814952065,0.01728,28.767357472797205,921.258736440913,1.9913159585202247,0.05505954244731337
2022-06-04 06:00:00,12.0,77.0,30.66953125000004,923.6945625,1.7371024153398216,0.0,29.113280243182555,918.7986417910321,1.99425322479453,0.009867566828493136
2022-06-04 06:00:00,12.0,78.0,33.169531250000034,958.1425625,1.9719557720710783,0.0,31.667864529365083,951.4987373129502,1.9864774914630179,0.005937772001424548
2022-06-04 06:00:00,13.0,74.0,29.369531250000023,1007.2465625,5.283229431807199,0.7430400000000003,28.51897737608467,1007.124685149511,4.672339049725393,0.18367273661196237
2022-06-04 06:00:00,13.0,75.0,31.769531250000057,998.9425625,2.9599147551948297,0.06912,30.659828060235625,997.5923870131747,2.521409419642947,0.07826247736981909
2022-06-04 06:00:00,13.0,76.0,28.369531250000023,902.7825625,2.651277459011164,0.0,27.1206294711045,898.8223017292468,2.3850999917074303,0.012124525370864255
2022-06-04 06:00:00,13.0,77.0,30.66953125000004,920.8145625,2.76889639613896,0.0,29.155489252499997,919.0148648695236,2.3977331289947093,0.001992649856160189
2022-06-04 06:00:00,13.0,78.0,31.66953125000004,910.7825625,3.8412258158270673,0.0,30.040940227839442,911.8013909696302,3.0272875887949224,0.0017201449568005733
2022-06-04 06:00:00,14.0,74.0,29.269531250000057,1006.9905625,5.184177884533749,0.0,29.15118525438263,1006.191432396548,4.395156885582517,0.13383774033206344
2022-06-04 06:00:00,14.0,75.0,30.16953125000004,940.4785625,1.863166066044756,0.0,29.068811177567472,938.457056807738,2.238418464259408,0.003199485637093248
2022-06-04 06:00:00,14.0,76.0,30.16953125000004,927.9025625,3.7764053735689007,0.0,29.014367579305308,928.4955643750142,3.131620237160685,0.00027346785582050333
2022-06-04 06:00:00,14.0,77.0,31.869531250000023,934.9585625,4.1287009790048605,0.0,30.770714728454028,933.7192565090446,3.1571146730504176,0.0001133982286543277
2022-06-04 06:00:00,14.0,78.0,33.26953125000006,933.6145625,5.260336652336112,0.0,31.779086901957143,933.7184138122226,3.8959558597868513,0.00014597722008410487
2022-06-04 06:00:00,15.0,74.0,30.469531250000045,1001.7585625000002,6.487342261344977,0.0,28.7994733360172,999.9885374062435,4.740794526616404,0.028175740716914508
2022-06-04 06:00:00,15.0,75.0,31.969531250000045,944.0785625,1.757555258014152,0.0,30.379063348943934,942.9605654311372,2.3428632008839183,0.0011796929044270007
2022-06-04 06:00:00,15.0,76.0,32.86953125000002,943.9345625,3.308735500448217,0.0,31.286955971631777,945.3451640385306,3.1728219860690734,0.00013385829198624518
2022-06-04 06:00:00,15.0,77.0,34.469531250000045,953.7905625,3.9658110115225886,0.0,33.67407476103777,951.9299515859366,3.5619150887177056,0.00016939146250989894
2022-06-04 06:00:00,15.0,78.0,37.06953125000007,970.6065625,5.69155763968288,0.0,34.75050177349469,969.9399007347756,4.083682620371489,0.0005699480242064819
2022-06-04 06:00:00,16.0,74.0,32.06953125000001,951.5985625,2.04171089900834,0.0,30.52196679235264,952.5423087519848,2.789994194707094,0.001957885948098911
2022-06-04 06:00:00,16.0,75.0,31.369531250000023,933.8225625,2.660247955763724,0.0,31.198086848423483,934.1080005179233,3.1296917518697884,0.00036972108487297447
2022-06-04 06:00:00,16.0,76.0,34.06953125000007,941.8705625,3.5082200830319663,0.0,32.79995596095504,941.7482524610714,3.495301010051152,0.00024162333522501374
2022-06-04 06:00:00,16.0,77.0,37.76953125000006,961.7105625,4.826815229565331,0.0,34.2559625936124,960.8790131127632,3.6206042278891384,0.0005683929034454941
2022-06-04 06:00:00,16.0,78.0,38.36953125000002,970.5425625,6.12952668717588,0.0,34.69641923808728,970.2697299607139,3.9075063697337766,0.0013339843428715552
2022-06-04 06:00:00,17.0,74.0,31.06953125000001,932.4945625,3.528410521359273,0.0,29.77622869436905,934.8551549747084,3.068132798895989,0.00020468674604357976
2022-06-04 06:00:00,17.0,75.0,32.76953125000006,935.2625625,2.423838064617523,0.0,31.223147481100852,934.6541283562436,3.505744477234598,0.0007110582409574652
2022-06-04 06:00:00,17.0,76.0,35.26953125000006,950.1905625,4.998048666750611,0.0,34.28490698364684,950.1681390576715,4.268277861111781,0.00023219913451561158
2022-06-04 06:00:00,17.0,77.0,36.469531250000045,958.0785625,5.9040676975752335,0.0,34.65635827579099,955.1149681441366,3.6942205082833435,0.0015289189662460255
2022-06-04 06:00:00,17.0,78.0,36.36953125000002,936.4785625,6.462814970308368,0.0,33.74881149855304,938.2727083778129,3.9416203923798716,0.0005622067575006747
2022-06-04 06:00:00,18.0,74.0,32.36953125000002,921.4385625,3.18639659924931,0.0,31.425552342406984,922.3751238332516,3.2162445822366004,0.0008366177281505495
2022-06-04 06:00:00,18.0,75.0,35.669531250000034,949.1985625,4.349319765039924,0.0,33.49004899632279,948.7556982330955,3.233933728804452,0.0005031775870327066
2022-06-04 06:00:00,18.0,76.0,35.56953125000007,944.0145625,4.724144479283532,0.0,33.16428426363231,944.7245793064286,3.4805203968245997,0.00029586776445243723
2022-06-04 06:00:00,18.0,77.0,37.06953125000007,938.0145625,6.129515697998044,0.0,34.99136271783996,938.4386437209226,3.178688508574205,0.000778839269937562
2022-06-04 06:00:00,18.0,78.0,37.669531250000034,949.9505625,7.011628367914177,0.0,35.42870091216667,948.9112547992855,4.167995863424738,0.0006824335513764233
2022-06-05 06:00:00,11.0,74.0,28.779321289062523,1007.7661875,4.170636224790373,0.15552,28.241629778253966,1007.7230194861515,3.7557986368139527,0.13045818070443796
2022-06-05 06:00:00,11.0,75.0,28.57932128906253,1007.5581875,4.016971728331354,0.6912000000000001,27.66232133935895,1007.7100055580563,3.30295264407783,0.3504809593378322
2022-06-05 06:00:00,11.0,76.0,32.47932128906251,1002.3101875,2.0180513922785623,0.3110400000000001,30.952378680589014,1004.3954513464282,2.176522750057647,0.27324837032138144
2022-06-05 06:00:00,11.0,77.0,33.079321289062534,960.3901875,5.156325598499073,0.3456000000000001,32.04041631552448,956.9738099502644,4.347465228515227,0.03196072701038766
2022-06-05 06:00:00,11.0,78.0,35.47932128906257,987.9101875,4.086397267512317,0.0,35.899695914177244,986.9371066307144,2.9087314559608033,0.01064961133968727
2022-06-05 06:00:00,12.0,74.0,28.779321289062523,1007.5901875,3.3084190775914704,0.39744,28.377347208412665,1007.6361262107149,3.2638410107533145,0.23538876564904265
2022-06-05 06:00:00,12.0,75.0,28.07932128906253,1007.4781875,0.9706162975515896,0.22464,28.103338407539642,1007.4100839694977,2.2002755663903235,0.08111869366376187
2022-06-05 06:00:00,12.0,76.0,28.879321289062545,917.3341875,2.146820243798285,0.01728,27.744911123718218,921.6558266180684,2.3161174003420926,0.1817562472161608
2022-06-05 06:00:00,12.0,77.0,30.07932128906253,923.9101875,2.255289101566154,0.0,28.92134287055134,919.023286278571,2.3280076616005103,0.0228483827475036
2022-06-05 06:00:00,12.0,78.0,32.17932128906256,958.5021875,2.3685821801127687,0.0,31.49900229100001,951.7655699232135,2.3517412870449026,0.013241950715788233
2022-06-05 06:00:00,13.0,74.0,28.779321289062523,1007.4781875,2.3125344330212023,0.22464,28.649932731746016,1007.7185881353703,3.1265121145364496,0.07952140643702192
2022-06-05 06:00:00,13.0,75.0,31.879321289062545,999.2061875,1.4557640857105356,0.15552,30.422068150444442,997.9199361457936,1.9594559747174818,0.18981354634117645
2022-06-05 06:00:00,13.0,76.0,28.379321289062545,902.9341875,3.3522620265036536,0.01728,27.42557686418122,898.9988154550397,2.8901084132973756,0.07118922034623842
2022-06-05 06:00:00,13.0,77.0,30.47932128906251,920.8061875,2.941620601585854,0.0,29.323126748761908,919.1589647762696,2.4092575299001866,0.012557014156084163
2022-06-05 06:00:00,13.0,78.0,30.779321289062523,910.8061875,3.7037122821498647,0.0,29.30154382397619,911.915671601218,3.190576819572375,0.007614221679057912
2022-06-05 06:00:00,14.0,74.0,28.779321289062523,1007.2861875,1.9451964388074845,0.03456,28.91217225775792,1006.7049270423413,3.2041191719636934,0.06492993403892604
2022-06-05 06:00:00,14.0,75.0,30.17932128906256,940.4061875,2.3335182499509206,0.0,29.06314142111508,938.6699284384258,2.6276196046095106,0.005691305477049723
2022-06-05 06:00:00,14.0,76.0,30.17932128906256,927.5901875,3.811278547419234,0.0,29.074879050194202,928.5926850802509,3.378926431937492,0.0010371727915910165
2022-06-05 06:00:00,14.0,77.0,30.67932128906256,935.0621875,2.717308728247826,0.0,30.669582897444464,934.0660940346562,3.1744971583919437,0.0024819252734932054
2022-06-05 06:00:00,14.0,78.0,33.27932128906252,933.6541875,4.308101391406109,0.0,31.920403675262715,933.7812262829764,3.831367221745701,0.0010771417514440049
2022-06-05 06:00:00,15.0,74.0,30.279321289062523,1002.2941875,3.577131374865804,0.0,28.900963873812174,1000.4345163210058,3.0924566141407697,0.0215951411047768
2022-06-05 06:00:00,15.0,75.0,29.879321289062545,944.2621875,3.1049707031444367,0.0,29.372180431432124,943.3163147731358,2.9685272156190337,0.006701948139148249
2022-06-05 06:00:00,15.0,76.0,32.379321289062545,943.9741875,4.246109533204624,0.0,30.987104539953336,945.4615775890474,3.788014919022556,0.0002586990519325958
2022-06-05 06:00:00,15.0,77.0,35.079321289062534,953.5101875,2.8629814476405,0.0,34.247945217286436,952.0078075153414,3.842867482974529,0.002292203353770796
2022-06-05 06:00:00,15.0,78.0,36.17932128906256,970.8701875,4.074373106616097,0.0,35.27953486495104,970.0069902327119,4.019907651621752,0.002062164809711398
2022-06-05 06:00:00,16.0,74.0,31.779321289062523,952.1181875,1.742102184290651,0.0,30.454710129414288,952.7677204417856,2.7047709169073113,0.004347070844120841
2022-06-05 06:00:00,16.0,75.0,31.779321289062523,933.7341875,2.5485113226973324,0.0,31.271149328061487,934.0757753229236,3.2071782626558565,0.000323715752660524
2022-06-05 06:00:00,16.0,76.0,33.579321289062534,941.9421875,5.019736754159239,0.0,32.423481210365075,941.7356073468655,3.9108016316024083,0.0005236656595545579
2022-06-05 06:00:00,16.0,77.0,37.07932128906253,961.7821875,5.002387740514299,0.0,35.006593316793676,960.8460238048266,3.6953613925913342,0.0018087327295323082
2022-06-05 06:00:00,16.0,78.0,37.87932128906255,970.7421875,5.000509031803751,0.0,35.70503717292857,970.2392111430818,3.6977454957654876,0.003001283449427034
2022-06-05 06:00:00,17.0,74.0,31.879321289062545,932.8061875,1.987240745916057,0.0,31.016964826430673,934.9534661067316,3.1079638330242045,0.0009690269234050911
2022-06-05 06:00:00,17.0,75.0,32.879321289062545,935.1421875,2.217623316708032,0.0,32.54353490610355,934.456933797489,3.192028146890126,0.0007528838653767033
2022-06-05 06:00:00,17.0,76.0,36.47932128906257,949.7821875,3.5039062571073725,0.0,35.44944084834127,949.8636930362829,4.55836057292222,0.0008434758008394375
2022-06-05 06:00:00,17.0,77.0,38.17932128906256,957.1901875,3.3298806513666817,0.0,35.88942680409129,954.6307228080918,3.922743674147743,0.005009853632567608
2022-06-05 06:00:00,17.0,78.0,36.67932128906256,936.1501875,4.359297190838142,0.0,34.73313182959921,938.1105325101151,3.520800410972519,0.003604219458651504
2022-06-05 06:00:00,18.0,74.0,32.47932128906251,921.6861875,1.353272148827244,0.0,31.503163964335968,922.230601094312,2.6922493479972243,0.020038540493770116
2022-06-05 06:00:00,18.0,75.0,36.57932128906253,949.0141875000002,3.558692407524094,0.0,35.13179478707937,948.6565485785356,4.013804994881953,0.0011098201611047917
2022-06-05 06:00:00,18.0,76.0,36.87932128906255,943.1581875,2.335660733186504,0.0,35.46470774335316,944.0333720573808,3.6896592417361824,0.0027819177154024257
2022-06-05 06:00:00,18.0,77.0,37.37932128906255,938.0381875,5.66893230317758,0.0,36.07840326709521,938.3196639599996,3.055408693636506,0.001855362720556801
2022-06-05 06:00:00,18.0,78.0,38.67932128906256,949.9581875,5.31976188422802,0.0,36.5522293323201,948.7580879252417,3.4746730049363426,0.002439030275844637
2022-06-06 06:00:00,11.0,74.0,28.584497070312523,1008.3865,2.758265493266148,0.0,28.045885952915572,1008.0533753774848,2.6612882488463825,0.12854247186335707
2022-06-06 06:00:00,11.0,75.0,28.38449707031253,1008.5945000000002,0.1523871447649696,0.2073600000000001,27.86146851526851,1008.2694401070231,1.824198566051031,0.1827382868032628
2022-06-06 06:00:00,11.0,76.0,27.184497070312545,1004.0825,0.72777074677289,3.05856,27.991605574972574,1005.2155195741803,1.5338348194354232,0.6111702359434507
2022-06-06 06:00:00,11.0,77.0,30.38449707031253,962.4025,1.1935302751379495,2.35008,29.76835586299209,958.3950799518256,2.7543880613725054,0.16249578126900213
2022-06-06 06:00:00,11.0,78.0,31.48449707031256,990.3705,3.616348656256524,0.0,32.90909526513179,988.7774923744456,3.1045958502985673,0.008832384836654052
2022-06-06 06:00:00,12.0,74.0,27.48449707031256,1008.3705,1.415270949825817,0.0,28.067136456019853,1007.941206615463,2.8413718939652246,0.11067469939426691
2022-06-06 06:00:00,12.0,75.0,28.184497070312545,1008.1785,2.65847135353999,0.0,27.751835985835744,1007.7923202446291,2.6315823919325063,0.11877769633586976
2022-06-06 06:00:00,12.0,76.0,26.88449707031253,918.6745,1.006147396794883,0.2419200000000001,26.071618528717266,922.6295040924197,2.0109394599517674,0.2479818615400489
2022-06-06 06:00:00,12.0,77.0,27.48449707031256,925.6185,1.5971283788996098,2.31552,27.564964093410065,919.7771782705296,2.6174937990131095,0.09614564410416439
2022-06-06 06:00:00,12.0,78.0,28.48449707031256,960.3385,2.4361186923661724,0.0,29.219655029523825,952.695199869035,2.9496643486865617,0.026373561983173515
2022-06-06 06:00:00,13.0,74.0,28.38449707031253,1007.6985,1.411685905503016,0.0,28.106747909250206,1007.9721219864422,2.7681293781268623,0.05587467349118416
2022-06-06 06:00:00,13.0,75.0,30.88449707031253,999.8265,1.845393511688868,0.0,28.50750577737696,998.2832711483596,2.0303063256039104,0.09856388889640863
2022-06-06 06:00:00,13.0,76.0,25.98449707031256,904.0345,2.3590189023688155,0.0,25.8785207585166,899.8423527317324,2.603924276288437,0.03632118353151094
2022-06-06 06:00:00,13.0,77.0,27.98449707031256,922.4345,0.6831524226075905,0.01728,27.42710567439418,919.7274956572751,2.3714966644870956,0.06005697415936184
2022-06-06 06:00:00,13.0,78.0,23.98449707031256,912.4665,3.1153341868563427,0.06912,26.417273928494247,913.0462162049212,3.510255763643315,0.09906076744775048
2022-06-06 06:00:00,14.0,74.0,28.48449707031256,1007.1865,1.838062125990032,0.0,28.44716902564173,1006.7979311724608,3.605083659747233,0.05575706304668575
2022-06-06 06:00:00,14.0,75.0,25.38449707031253,941.2985,1.0063540882184534,0.0,27.035826476579363,939.2252594113753,2.349870003059559,0.059461004074882216
2022-06-06 06:00:00,14.0,76.0,24.184497070312545,928.7385,2.425863382485372,0.0,26.888670072599194,929.3381185456622,2.826876161162693,0.03632633089249332
2022-06-06 06:00:00,14.0,77.0,27.48449707031256,936.2905,1.289526930008732,0.0,28.739730860773804,934.588482008175,2.8585219313695998,0.03092823295465717
2022-06-06 06:00:00,14.0,78.0,28.084497070312523,935.2505,3.342636068263844,0.0,29.005410268980164,934.7578381750135,3.5268692157137167,0.010526017670881465
2022-06-06 06:00:00,15.0,74.0,28.48449707031256,1002.7065,3.4985338957932965,0.0,28.20288067273752,1000.6619898064154,3.3776924721843677,0.03437203612046343
2022-06-06 06:00:00,15.0,75.0,28.184497070312545,945.0105,2.110806994507432,0.0,27.48425460769337,944.074260890793,2.3977508514615824,0.012046900539413822
2022-06-06 06:00:00,15.0,76.0,28.684497070312545,944.9305,2.7701718830808124,0.0,29.008279923919588,946.3678342915873,2.4763847410063438,0.005601404114306487
2022-06-06 06:00:00,15.0,77.0,29.28449707031251,955.4425,2.707783236298697,0.0,30.52986393325398,953.2177177162301,2.998167646556608,0.013986524480692682
2022-06-06 06:00:00,15.0,78.0,32.28449707031251,972.7545,3.79747851634792,0.0,31.479683687204105,971.5467166764022,3.580543566458896,0.005459909994264291
2022-06-06 06:00:00,16.0,74.0,27.88449707031253,952.8665,1.156825919109697,0.0,27.7823829888944,953.4853332223072,2.5565550193026976,0.0522523444291881
2022-06-06 06:00:00,16.0,75.0,29.78449707031251,933.8745,1.6515531031233888,0.0,29.067838552386256,934.8221842825653,1.628103591252205,0.011194012630289185
2022-06-06 06:00:00,16.0,76.0,30.78449707031251,943.0105,2.782327866294965,0.0,29.487574515190033,942.8074429641408,2.428001338296457,0.0017569186566658572
2022-06-06 06:00:00,16.0,77.0,33.58449707031252,963.2825,2.712508157406903,0.0,31.655838325330695,962.0448855697625,3.192207445427539,0.010567376548647613
2022-06-06 06:00:00,16.0,78.0,32.884497070312534,972.7065,4.503771489863273,0.0,31.54681356280607,971.7097900645243,3.524994543181101,0.009474357601952664
2022-06-06 06:00:00,17.0,74.0,28.684497070312545,933.6825,2.768134845619022,0.0,29.097304723792536,935.6008883694759,2.2796403049291842,0.008500583553121902
2022-06-06 06:00:00,17.0,75.0,27.084497070312523,936.2105,3.3676994558738085,0.0,29.193166644154772,935.703073801984,2.614038396875659,0.03285230103903738
2022-06-06 06:00:00,17.0,76.0,33.184497070312545,951.0905,5.15166723582633,0.0,32.63847640698377,951.0273445731208,3.3608874701674027,0.007403670054298474
2022-06-06 06:00:00,17.0,77.0,33.78449707031251,959.0265,4.6029159953500125,0.0,32.47011418499867,956.0924431691794,3.3093319787676574,0.01630014839128935
2022-06-06 06:00:00,17.0,78.0,32.28449707031251,937.6025,4.987440389299054,0.0,31.04130291419879,939.0464826403182,3.6154309053845,0.009610218086162905
2022-06-06 06:00:00,18.0,74.0,30.78449707031251,922.3385,3.636312892376648,0.0,30.17422934765875,923.0047188304235,2.244770470634426,0.003947334003265751
2022-06-06 06:00:00,18.0,75.0,30.584497070312523,950.6905,2.9560153705937484,0.0,31.92709241056214,950.0072292967601,2.0496402083740928,0.0043553676075182395
2022-06-06 06:00:00,18.0,76.0,32.98449707031256,944.8665,5.273481042977174,0.0,32.63322838330025,945.4898624692333,3.097713060594808,0.007414392926374892
2022-06-06 06:00:00,18.0,77.0,33.48449707031256,939.1385,5.428290752551246,0.0,32.65046659902247,939.3199935751588,3.31120417631981,0.012024545984810965
2022-06-06 06:00:00,18.0,78.0,37.38449707031253,950.5145,5.9817742158680645,0.0,34.58327822931615,949.4952556811908,3.635071699765208,0.010109590798006112
2022-06-07 06:00:00,11.0,74.0,27.91621093750001,1009.241875,4.876311726723996,6.186240000000001,27.13456955700774,1009.1149923520235,3.7031911931623003,0.1891467548934261
2022-06-07 06:00:00,11.0,75.0,27.616210937500057,1009.273875,3.0622838239286927,6.16896,26.95631680182197,1009.1417378945631,3.2700508909967567,0.29435297340309613
2022-06-07 06:00:00,11.0,76.0,28.216210937500023,1004.441875,2.130732718001242,5.0976,27.816966852384933,1006.0071600771428,1.5400426177966462,0.888520754357844
2022-06-07 06:00:00,11.0,77.0,30.216210937500023,961.705875,6.449906612055158,0.3456000000000001,27.737188252321168,958.5656026160048,4.321775240804019,0.03798118494801555
2022-06-07 06:00:00,11.0,78.0,34.016210937500034,989.209875,6.555527914055984,0.0,33.05052423833331,988.8026042809128,4.162133016261864,0.01472766646708767
2022-06-07 06:00:00,12.0,74.0,27.91621093750001,1008.969875,1.9385929859489164,1.9699200000000008,27.260910489305722,1008.8163083953182,2.995242070621637,0.18283008106602047
2022-06-07 06:00:00,12.0,75.0,27.816210937500045,1008.841875,2.701436302636356,0.3456000000000001,26.799648885794856,1008.5481031276058,3.2952515964294524,0.3037936085417137
2022-06-07 06:00:00,12.0,76.0,24.01621093750004,918.457875,2.560822248309312,1.4169600000000002,25.56387126674205,922.8591612653438,2.877737953802742,0.26962821891158284
2022-06-07 06:00:00,12.0,77.0,28.616210937500057,924.777875,4.735170043757177,0.0,26.92733596250398,919.9258657661697,3.2640244885096403,0.00942739403077495
2022-06-07 06:00:00,12.0,78.0,32.11621093750006,959.033875,2.8506984207161343,0.0,29.508045227472223,952.9837296999871,2.434640565695524,0.005883278648660282
2022-06-07 06:00:00,13.0,74.0,28.41621093750001,1008.281875,3.318717424442059,0.0,27.56295537594822,1008.7129904620714,3.169222271131138,0.04885657721839435
2022-06-07 06:00:00,13.0,75.0,31.116210937500057,1000.281875,2.2652858779677976,0.5356800000000002,28.805896607444424,999.0164856365486,2.3805677865383656,0.27500175280581324
2022-06-07 06:00:00,13.0,76.0,24.41621093750001,903.881875,4.99085438396746,0.10368,25.478085813716937,899.8609973700661,3.172370059974303,0.23392121846648928
2022-06-07 06:00:00,13.0,77.0,30.01621093750004,921.593875,4.048179699377435,0.0,27.24762194360847,920.070710931918,3.218856509835125,0.012130063942716783
2022-06-07 06:00:00,13.0,78.0,29.816210937500045,911.465875,4.751753329933037,0.0,27.112028988687833,912.9441085267193,4.420014137972835,0.0062874856390451
2022-06-07 06:00:00,14.0,74.0,28.816210937500045,1007.913875,3.5920264741440286,0.0,27.539786921000015,1007.5796433180147,3.354186082687033,0.04250264164570999
2022-06-07 06:00:00,14.0,75.0,25.51621093750004,941.769875,2.548294100719948,0.0864,26.32666517545697,939.8771614504768,2.9345455860903624,0.23202611695997688
2022-06-07 06:00:00,14.0,76.0,28.01621093750004,928.889875,6.050192173272657,0.0,27.542828071801388,929.5852235656741,4.027867470953555,0.13213685778342912
2022-06-07 06:00:00,14.0,77.0,30.116210937500057,935.737875,6.040805803645557,0.0,29.192023196531476,934.7571361535437,4.086237931423744,0.013012792771873484
2022-06-07 06:00:00,14.0,78.0,29.51621093750004,934.521875,5.795468203753448,0.0,29.619815467237817,934.8366389244584,4.764389354769682,0.029951980903024217
2022-06-07 06:00:00,15.0,74.0,29.41621093750001,1003.529875,2.8039165708458738,0.05184,27.577272910964844,1001.329358201547,2.8318866257527473,0.12795680345278446
2022-06-07 06:00:00,15.0,75.0,29.316210937500045,945.145875,4.196587078444484,0.05184,27.17741561897877,944.2551736338883,3.3596819449077056,0.13110928635632366
2022-06-07 06:00:00,15.0,76.0,30.616210937500057,944.985875,5.327760878461135,0.0,28.247998632145034,946.6828188673277,4.250476650390972,0.005361737575041473
2022-06-07 06:00:00,15.0,77.0,31.91621093750001,954.889875,5.115280302178742,0.0,29.89744020780877,953.3979528780451,4.387737399118401,0.003892972685351442
2022-06-07 06:00:00,15.0,78.0,35.016210937500034,971.625875,5.330067584066567,0.0,32.44017380210187,971.0318661742582,5.088077086849726,0.0616160363011644
2022-06-07 06:00:00,16.0,74.0,28.716210937500023,953.145875,2.094420751126301,0.15552,27.520269400604757,953.8774215503481,2.2674808697201625,0.24510611178177186
2022-06-07 06:00:00,16.0,75.0,29.51621093750004,934.441875,4.462312265345354,0.0,29.53873435286203,935.0370336232115,3.7100119165230065,0.016036090405220547
2022-06-07 06:00:00,16.0,76.0,31.41621093750001,942.937875,5.0509819388333135,0.0,30.68137410212178,942.934315848069,4.010385696292746,0.003680531043142826
2022-06-07 06:00:00,16.0,77.0,34.91621093750007,962.665875,4.577835666148807,0.0,32.17279091207407,961.7352241801586,4.241556580989468,0.059786240176088655
2022-06-07 06:00:00,16.0,78.0,36.11621093750006,971.449875,5.625069729735721,0.0,33.82735768012959,970.6806156900391,4.814510958036404,0.05861739530924034
2022-06-07 06:00:00,17.0,74.0,30.116210937500057,933.1938750000002,4.970107439531145,0.01728,28.26225962772751,935.7405874288412,3.503731851986598,0.12649603767200532
2022-06-07 06:00:00,17.0,75.0,30.816210937500045,935.673875,5.180889146203426,0.0,30.181744015356664,935.4446923453753,4.059385927362564,0.005294701478461088
2022-06-07 06:00:00,17.0,76.0,34.516210937500034,950.345875,3.410757559605301,0.0,33.29706521851722,950.8509023944574,4.358464462708791,0.004319616567664715
2022-06-07 06:00:00,17.0,77.0,36.21621093750002,958.0738750000002,4.533525473005428,0.0,34.19169429159259,955.3229868697557,4.288644030737875,0.03145319225700736
2022-06-07 06:00:00,17.0,78.0,34.516210937500034,936.793875,5.587116325922442,0.0,32.548677269003974,938.1800590369794,4.60632028851459,0.011136775658175866
2022-06-07 06:00:00,18.0,74.0,31.616210937500057,921.337875,4.240670969898037,0.0,29.664766839477508,922.602016188797,3.6966615911867664,0.004784901060133903
2022-06-07 06:00:00,18.0,75.0,35.71621093750002,948.841875,5.41485578978376,0.0,32.931749374928565,949.0360154555034,4.366357599153472,0.007643831621316726
2022-06-07 06:00:00,18.0,76.0,35.516210937500034,943.625875,4.88176703222995,0.0,33.51185063529763,944.7307617417981,3.992739087780296,0.008075700586477125
2022-06-07 06:00:00,18.0,77.0,36.816210937500045,937.897875,4.869909425646278,0.0,34.847107197588024,938.388346636667,3.8968332557266,0.009614628268508294
2022-06-07 06:00:00,18.0,78.0,37.91621093750007,949.833875,6.403132308555982,0.0,35.62848981012702,948.7987715143777,4.257903941642458,0.008809634972237617
2022-06-08 06:00:00,11.0,74.0,28.60053710937501,1009.5230625,6.4714774713816166,2.2896,26.679651573551208,1009.923923219762,6.062440429008735,0.9648989548480971
2022-06-08 06:00:00,11.0,75.0,28.300537109375057,1009.1550625,5.995995107779998,0.2419200000000001,26.57522965348129,1009.6168610687702,5.998016155045634,0.6388069958228155
2022-06-08 06:00:00,11.0,76.0,31.10053710937501,1003.9070625,2.443910102752181,0.4320000000000001,29.58055719526879,1006.0380495811891,2.774779422745751,0.25012672038166567
2022-06-08 06:00:00,11.0,77.0,30.70053710937504,961.5550625,5.886708446698199,0.32832,30.155895962733425,958.3165231084123,5.540695440143922,0.10887826793888798
2022-06-08 06:00:00,11.0,78.0,33.60053710937501,988.8990625,5.740633638271111,0.0,34.49907211397222,988.0114731999668,4.834709205245345,0.0013248387546835078
2022-06-08 06:00:00,12.0,74.0,28.20053710937504,1009.5070625,6.175378938785847,2.49696,26.66237595083712,1009.6896084267865,6.025493714228176,0.8926970216356012
2022-06-08 06:00:00,12.0,75.0,28.10053710937501,1009.2190625,2.7593059975981373,2.86848,26.479738264175623,1009.2766373325801,4.2301921763258425,1.2530671469570593
2022-06-08 06:00:00,12.0,76.0,26.70053710937504,918.6910625000002,2.616581106709751,0.8899200000000003,25.98462404074387,923.237597616799,3.1605258014780913,0.3177352516220996
2022-06-08 06:00:00,12.0,77.0,28.800537109375057,924.9150625,4.4711558982993065,0.0,28.444377280800982,919.9715660351374,4.571296503656313,0.006314277287849401
2022-06-08 06:00:00,12.0,78.0,32.30053710937506,958.9790625,3.900868731932885,0.0,30.653551239942335,952.595593394867,3.73004836757245,0.000642620674029249
2022-06-08 06:00:00,13.0,74.0,27.900537109375023,1009.2830625,6.723159309584515,2.32416,26.971362718515046,1009.5052943377792,6.395624458988059,0.44073468800312215
2022-06-08 06:00:00,13.0,75.0,29.10053710937501,1001.1710625,2.9411697420690124,4.561920000000001,27.57803079775278,1000.1667914459914,2.496433852720686,3.300582906282312
2022-06-08 06:00:00,13.0,76.0,26.500537109375045,903.8750625,5.725230268678866,0.3369600000000001,26.2959104193836,900.0829827366405,4.843725412326303,0.05991039522620599
2022-06-08 06:00:00,13.0,77.0,29.300537109375057,921.8590625,4.429088061127798,0.0,28.19769657884102,920.1586509478707,4.143438449121889,0.0012859383313797276
2022-06-08 06:00:00,13.0,78.0,29.400537109375023,911.4110625,6.645775947754788,0.0,28.223699325605825,912.762178208769,5.247561361770553,0.003199176707443622
2022-06-08 06:00:00,14.0,74.0,28.20053710937504,1008.8190625,6.120603796082166,1.4342400000000004,26.963930355424946,1008.2765183602045,4.738087397343031,0.4942989606515414
2022-06-08 06:00:00,14.0,75.0,27.800537109375057,941.6190625,4.121239331966757,0.4665600000000001,26.460456502101977,940.332624469048,3.5647550115091553,0.9729264764259221
2022-06-08 06:00:00,14.0,76.0,28.900537109375023,928.6910625000002,6.578726342652204,0.00864,28.568604580102892,929.6695613735715,4.96050100333274,0.028101056223020913
2022-06-08 06:00:00,14.0,77.0,30.000537109375045,935.9230625,6.905790518404405,0.0,30.08317491073284,934.6376589219158,4.731539975955175,0.0028497269420895096
2022-06-08 06:00:00,14.0,78.0,30.800537109375057,934.2750625,7.5853065332664995,0.0,30.554410271045114,934.5675269798123,5.041649892740295,0.0019180634777075033
2022-06-08 06:00:00,15.0,74.0,29.10053710937501,1004.0670625,3.66257283930638,0.23328,27.134688113113526,1001.8331545604108,3.0105366047952207,0.18026503258732413
2022-06-08 06:00:00,15.0,75.0,30.500537109375045,944.9470625,5.480660383633053,0.01728,27.9487394614954,944.5474096502779,4.751709873569088,0.2399561357475058
2022-06-08 06:00:00,15.0,76.0,31.20053710937504,945.0910625,5.787146537574924,0.0,30.552206276849763,946.6247335632273,4.734073812952015,0.0009925844881402393
2022-06-08 06:00:00,15.0,77.0,32.700537109375034,954.6430625,5.748414107768914,0.0,31.94766609005895,953.0619826768657,4.57508015120966,0.0006546522645194428
2022-06-08 06:00:00,15.0,78.0,35.200537109375034,971.4430625,6.844441635891934,0.0,33.19241813739443,970.9342923626195,4.813850837738732,0.0032157712302682867
2022-06-08 06:00:00,16.0,74.0,30.20053710937504,953.1870625,3.1509267545596487,0.23328,28.12406236076878,953.9948195943163,3.06591837942123,0.15126355394364893
2022-06-08 06:00:00,16.0,75.0,31.20053710937504,934.1790625,5.167584937892572,0.0,30.594016733838863,934.9194568156477,4.129781372842382,0.0011579993753696408
2022-06-08 06:00:00,16.0,76.0,32.500537109375045,942.8510625,5.076708471518461,0.0,31.07658265578972,942.7230689391798,3.9482760341097296,0.0006863692416776672
2022-06-08 06:00:00,16.0,77.0,35.000537109375045,962.6750625,5.022111562810862,0.0,32.48440402308435,961.7806856977777,3.9849698062289622,0.0026975651289081436
2022-06-08 06:00:00,16.0,78.0,35.000537109375045,971.3630625,6.052688279491481,0.0,32.77288996583091,971.0462533811515,4.754177020007343,0.0023141207595170597
2022-06-08 06:00:00,17.0,74.0,29.70053710937504,933.4270625,5.314557166819893,0.02592,28.733613278179856,935.7054635619891,3.604679294519556,0.1222468519350761
2022-06-08 06:00:00,17.0,75.0,30.000537109375045,936.0190625,4.549162124358018,0.0,31.54171643792064,935.479214687756,4.234304815512204,0.005028932375306936
2022-06-08 06:00:00,17.0,76.0,33.30053710937506,950.7070625,4.037638912386614,0.0,32.971179850876986,951.0070499251053,4.033927275774902,0.001380993998925051
2022-06-08 06:00:00,17.0,77.0,36.20053710937504,957.9870625,5.003792688358357,0.0,33.68565836838886,955.4799992986714,4.0037635030946195,0.0024503687438087794
2022-06-08 06:00:00,17.0,78.0,36.20053710937504,936.2750625,6.574199289446999,0.0,32.655575774084795,938.5195789886068,4.753193727015722,0.001511556251804875
2022-06-08 06:00:00,18.0,74.0,29.70053710937504,922.0350625,2.779630560564624,0.02592,30.413969467350533,922.6171846834233,3.3164192623283273,0.06425381770899766
2022-06-08 06:00:00,18.0,75.0,34.000537109375045,949.5870625,5.038002665532473,0.0,33.78081142751455,949.1801420615216,4.028456814282891,0.005985034771143044
2022-06-08 06:00:00,18.0,76.0,35.500537109375045,943.7630625,6.230241812755931,0.0,34.41278139125928,944.6635645098415,4.617741465306145,0.004248044958471958
2022-06-08 06:00:00,18.0,77.0,36.90053710937502,937.9550625,6.042258760287553,0.0,34.70743546805027,938.5228280152088,3.7708624919596136,0.0040276299409687825
2022-06-08 06:00:00,18.0,78.0,37.80053710937506,949.9070625,6.817486614491567,0.0,34.644895692256625,949.1545278498152,4.423916028685592,0.0032001295099752304
2022-06-09 06:00:00,11.0,74.0,28.130126953125057,1008.736,5.806319722717836,1.92672,27.444630972892853,1008.3623969374572,5.184931208006314,0.16240443088313397
2022-06-09 06:00:00,11.0,75.0,28.93012695312501,1008.576,5.753371696720563,2.74752,27.533529650395323,1008.4759542605514,3.9283124493292005,0.21997573932227563
2022-06-09 06:00:00,11.0,76.0,31.130126953125057,1003.344,3.3922779009373256,1.0368000000000002,29.76225093524279,1005.2050637723806,2.9513517852419358,0.2876060809759884
2022-06-09 06:00:00,11.0,77.0,31.830126953125045,960.944,5.762946612112831,0.3628800000000001,31.23446471793605,957.5134677865085,5.008087631993605,0.07119765260958097
2022-06-09 06:00:00,11.0,78.0,34.43012695312507,988.432,4.875758328615432,0.0,35.09863051800661,987.7183542798074,4.000590787122258,0.0015573659917487268
2022-06-09 06:00:00,12.0,74.0,28.53012695312504,1008.5120000000002,5.692895877189032,2.30688,27.230969156695963,1007.9787572759172,5.039438255917081,0.21430771065750165
2022-06-09 06:00:00,12.0,75.0,29.330126953125045,1008.352,4.340661384134795,1.2441600000000002,27.496453293130187,1007.8490254383602,3.021893243838197,0.13340075155056164
2022-06-09 06:00:00,12.0,76.0,27.330126953125045,917.936,2.644484280742466,1.7539200000000004,26.670186029900613,922.524718552407,3.198443680506042,0.3318836678860475
2022-06-09 06:00:00,12.0,77.0,29.130126953125057,924.384,4.513874313721902,0.0,28.44482110047421,919.6406439122668,4.585450917636423,0.006974992218982701
2022-06-09 06:00:00,12.0,78.0,32.030126953125034,958.688,3.695066296206284,0.0,30.694140598870593,952.3096963153962,3.549849368102694,0.0009488743008102126
2022-06-09 06:00:00,13.0,74.0,28.730126953125023,1008.0320000000002,7.231844248335811,0.3110400000000001,27.940112736919836,1008.099567168649,5.853921681294763,0.1285138340328454
2022-06-09 06:00:00,13.0,75.0,30.330126953125045,1000.144,2.7613170706403176,2.8512000000000004,28.99915846777383,998.5005108418525,2.4947112936950675,0.6382938425455692
2022-06-09 06:00:00,13.0,76.0,26.830126953125045,903.248,6.464308181498688,0.44928,25.99933763649951,899.1987326830721,5.146232646926725,0.08677166546613199
2022-06-09 06:00:00,13.0,77.0,29.730126953125023,920.992,5.383976161570519,0.0,28.37315631280426,919.503800136732,4.296947971214715,0.0010155110443167401
2022-06-09 06:00:00,13.0,78.0,29.03012695312504,910.832,5.370604142844721,0.0,28.226186588339296,911.9650731750535,4.694043580527119,0.0009022363149713094
2022-06-09 06:00:00,14.0,74.0,28.630126953125057,1007.472,6.464788860549479,0.35424,27.665253035057376,1006.9117993272228,5.977923257409149,0.1579645441783608
2022-06-09 06:00:00,14.0,75.0,28.43012695312501,940.8,3.739627104488528,1.1318400000000002,26.92001203844466,938.9661450538886,4.043789974906263,0.24135681147613705
2022-06-09 06:00:00,14.0,76.0,28.630126953125057,927.856,7.379493482903755,0.0,28.304780961395213,928.63512866832,5.349205336543644,0.025440225611057157
2022-06-09 06:00:00,14.0,77.0,30.93012695312501,934.656,7.581868997282489,0.0,30.081837854844046,933.9609545711755,5.020559636009353,0.0012277065193102678
2022-06-09 06:00:00,14.0,78.0,32.43012695312501,933.408,6.289831423627862,0.0,30.877697575361967,933.8934730351326,4.964191860181586,0.0010779543127288345
2022-06-09 06:00:00,15.0,74.0,29.03012695312504,1002.688,4.135525839184511,0.8985600000000001,27.494432596268943,1000.5930598587962,4.438058306180217,0.19193130480640097
2022-06-09 06:00:00,15.0,75.0,30.53012695312504,944.0,5.178754322213402,0.06912,27.998122197800978,943.2239407108735,4.729627488756253,0.09298608210315809
2022-06-09 06:00:00,15.0,76.0,32.13012695312506,943.68,6.950249071087776,0.0,29.98064956465804,945.2810386103698,5.423056604186419,0.0009411898744849051
2022-06-09 06:00:00,15.0,77.0,34.23012695312502,953.472,5.567567739940698,0.0,32.554589612233826,952.2252711597221,4.852255494134493,0.001721493469387397
2022-06-09 06:00:00,15.0,78.0,35.830126953125045,970.416,5.675488087470176,0.0,33.3457300638664,970.1530420945761,4.5808217346962605,0.0018752358604170027
2022-06-09 06:00:00,16.0,74.0,29.53012695312504,951.808,2.9197080436770984,0.10368,28.096552567666592,952.6289386886508,3.4298746437328886,0.18667922583180943
2022-06-09 06:00:00,16.0,75.0,30.43012695312501,933.1520000000002,4.333177053920743,0.0,29.300635577264348,934.0968613534923,4.2707278323390145,0.0014041438149695687
2022-06-09 06:00:00,16.0,76.0,32.93012695312501,941.504,5.392294722543073,0.0,30.47088635320912,941.6923782501588,4.673635100428277,0.0005561868371922993
2022-06-09 06:00:00,16.0,77.0,35.63012695312506,961.52,4.892179619300609,0.0,32.01824544691534,960.6437218438742,4.142680785476426,0.0019087127860925612
2022-06-09 06:00:00,16.0,78.0,35.73012695312502,970.5120000000002,5.616026687407399,0.0,32.47422552101058,970.4440963815872,4.419059122920071,0.001734453589263707
2022-06-09 06:00:00,17.0,74.0,30.730126953125023,931.888,3.899575340181319,0.0432,28.538594911306863,934.4837186402383,3.1632668423626615,0.13331484041943473
2022-06-09 06:00:00,17.0,75.0,31.03012695312504,934.416,4.228702293571457,0.0,29.71571821759475,934.6386060807064,3.581490750209567,0.0012314724960491407
2022-06-09 06:00:00,17.0,76.0,32.330126953125045,949.744,4.332797150144134,0.0,30.59814337979464,950.03724792377,3.879190974636352,0.0008438521882681982
2022-06-09 06:00:00,17.0,77.0,31.830126953125045,957.904,1.8671043893010169,0.0,31.43968601901699,955.1862966968457,3.1189300775739324,0.006349591891324732
2022-06-09 06:00:00,17.0,78.0,33.830126953125045,936.2720000000002,4.880179274146879,0.0,30.83861407938492,938.3641131665431,4.173810313569387,0.0014566178345619477
2022-06-09 06:00:00,18.0,74.0,30.130126953125057,920.72,3.2656227110877527,0.01728,30.021006474904766,921.7333631998524,2.693269751543299,0.05596679442966373
2022-06-09 06:00:00,18.0,75.0,33.73012695312502,948.592,4.32844691286612,0.0,31.942898936202376,948.5672142815068,3.236009634890088,0.004336108777659496
2022-06-09 06:00:00,18.0,76.0,33.93012695312501,942.944,3.970866283909312,0.0,30.952088638296313,944.0889241673282,3.4609052918779812,0.004101399200457309
2022-06-09 06:00:00,18.0,77.0,35.93012695312507,937.072,2.8942228861993766,0.0,31.885415287571437,938.053759867975,3.811122938048293,0.010732683723849444
2022-06-09 06:00:00,18.0,78.0,37.330126953125045,949.36,5.399010668899523,0.0,33.932314218826114,948.9153902455283,3.9654668724438253,0.005212531978545048
2022-06-10 06:00:00,11.0,74.0,28.67514648437504,1009.3130625,5.488772139109323,0.2764800000000001,27.151401565719784,1009.2427940414013,5.858065233313346,0.4409156571267574
2022-06-10 06:00:00,11.0,75.0,28.17514648437504,1009.4250625,3.796266780675817,0.11232,27.06728178767942,1009.6552297502124,3.785513799170315,0.2667327599305527
2022-06-10 06:00:00,11.0,76.0,31.67514648437504,1004.2090625,2.4181531311655715,0.6825600000000002,29.97551000905459,1006.1383805036771,2.1226097631142578,0.6467469603946769
2022-06-10 06:00:00,11.0,77.0,31.475146484375045,962.1610625,5.711316229348996,0.01728,30.78012339688296,958.6292285585313,5.283702995812068,0.046901890121187485
2022-06-10 06:00:00,11.0,78.0,34.475146484375045,989.5690625,6.090721692676564,0.0,34.860181710835974,988.931068014577,4.701809199353721,0.013164256324342228
2022-06-10 06:00:00,12.0,74.0,28.57514648437501,1009.0090625,5.844729970083112,4.104,26.60841715227187,1009.2924488941932,5.462982732632362,1.6389194240121754
2022-06-10 06:00:00,12.0,75.0,28.17514648437504,1009.1690625,2.6125772576316253,0.8380800000000002,26.66010259110826,1009.1003955017325,3.852363568934001,1.1811504928568755
2022-06-10 06:00:00,12.0,76.0,26.975146484375045,918.8810625,2.947559283182484,0.18144,26.336042030143236,923.3512000083068,3.219650661099506,0.2429161853231677
2022-06-10 06:00:00,12.0,77.0,29.17514648437504,925.1690625,4.542885482936848,0.0,28.676540946367865,920.2533931167414,4.428962880467935,0.010825508170302315
2022-06-10 06:00:00,12.0,78.0,31.57514648437501,959.8890625,3.257588408861241,0.0,30.7875296548682,953.2125347421993,2.9052094625840574,0.004722803893450392
2022-06-10 06:00:00,13.0,74.0,28.275146484375057,1008.7850625,7.197677367570796,6.143039999999999,26.68285345237945,1009.2247047098886,6.291971218184887,1.4945014959776954
2022-06-10 06:00:00,13.0,75.0,29.975146484375045,1000.8810625,2.525312299944352,0.7084800000000001,28.239957987401247,999.6510811930548,3.1456663526889947,2.6875185910972617
2022-06-10 06:00:00,13.0,76.0,26.17514648437504,904.0970625,6.393085591039714,0.13824,25.864209173376764,900.178709929815,5.535102177049601,0.12230837997405648
2022-06-10 06:00:00,13.0,77.0,28.875146484375023,922.1290625,5.028047507107964,0.0,28.470255996812885,920.391053835717,4.608769862864822,0.00952319649577434
2022-06-10 06:00:00,13.0,78.0,28.375146484375023,911.9210625,6.131469268930897,0.0,27.897460970104465,913.1149723152773,5.481536040486275,0.026626839513923774
2022-06-10 06:00:00,14.0,74.0,28.475146484375045,1008.2730625,6.556019841150782,6.02208,26.676545590081407,1007.9448826560887,6.309560204221716,1.493009726186537
2022-06-10 06:00:00,14.0,75.0,27.07514648437501,941.6810625000002,4.506089002774147,1.0022400000000002,25.7125843287871,940.1777057141832,4.48584453861916,0.8207985977898896
2022-06-10 06:00:00,14.0,76.0,28.57514648437501,928.7850625,6.817973275490093,0.0,28.22886397452698,929.6340521885325,5.599677891889195,0.08762938827439336
2022-06-10 06:00:00,14.0,77.0,29.875146484375023,935.9050625,5.51571650644209,0.0,30.494627350155465,934.7573736263071,4.814530597967464,0.005591869950175875
2022-06-10 06:00:00,14.0,78.0,31.475146484375045,934.5130625,4.94556101916471,0.0,30.92614260446793,934.6820160838874,4.648456416112831,0.00518142276203372
2022-06-10 06:00:00,15.0,74.0,28.07514648437501,1003.5530625,4.400448603878385,6.61824,26.420488421919913,1001.4187330493642,4.671844390826985,2.9688078043807122
2022-06-10 06:00:00,15.0,75.0,29.57514648437501,944.8170625,5.77095320919508,1.5897600000000005,27.936311669445573,944.4009284460714,4.893158452723932,0.18336308595061873
2022-06-10 06:00:00,15.0,76.0,31.275146484375057,944.6410625,7.651127317835889,0.00864,29.91363989753214,946.1810940200255,6.091244330282406,0.07667382906706532
2022-06-10 06:00:00,15.0,77.0,32.87514648437502,954.7210625,6.266716610437358,0.0,32.06357782781567,953.1058815584128,5.406038953392556,0.014485537249221461
2022-06-10 06:00:00,15.0,78.0,34.675146484375034,972.0330625,6.593215037936272,0.0,33.33733104772316,971.3634988463219,5.180623089672913,0.0074940091535966044
2022-06-10 06:00:00,16.0,74.0,28.275146484375057,952.5450625,3.2327839331362656,4.61376,26.4574088065821,953.2566337292006,3.788737797019666,2.834905163990581
2022-06-10 06:00:00,16.0,75.0,29.17514648437504,933.8890625,4.525815962056619,0.5184000000000001,28.880424798178574,934.7255487237913,5.020999589243707,0.23705656526445576
2022-06-10 06:00:00,16.0,76.0,31.275146484375057,942.8010625000002,5.915951825472613,0.01728,29.824645781815065,942.6199555539686,5.183108577393917,0.05409672326624059
2022-06-10 06:00:00,16.0,77.0,33.77514648437506,963.0250625,5.614111372190582,0.0,32.480654876187515,962.056822098572,4.756743967076427,0.004702562490539322
2022-06-10 06:00:00,16.0,78.0,34.37514648437502,972.0010625,5.879813832796407,0.0,32.842391531738095,971.5789998791264,4.737905817877581,0.010018217803189426
2022-06-10 06:00:00,17.0,74.0,29.57514648437501,932.4810625,4.186796660306091,1.2355200000000004,28.376512158148167,934.8406554251983,4.007026136405929,0.15862457141126024
2022-06-10 06:00:00,17.0,75.0,30.375146484375023,935.2810625,4.431328721019758,0.00864,30.092232980015883,934.85300329537,4.496379647344676,0.07802943583938142
2022-06-10 06:00:00,17.0,76.0,32.175146484375034,950.6570625,4.374498410459148,0.0,31.974095957402533,950.9018169446433,4.111542838933426,0.0033237265389593398
2022-06-10 06:00:00,17.0,77.0,33.77514648437506,958.6730625,4.468421864629291,0.0,32.5328965549825,955.9449211876787,4.168268849688412,0.003600886648305795
2022-06-10 06:00:00,17.0,78.0,33.87514648437502,937.2650625,4.700345479047948,0.0,31.30527968151586,938.9360203621429,4.380749492885991,0.003245362648684931
2022-06-10 06:00:00,18.0,74.0,29.275146484375057,921.2810625,0.7617901186721201,0.12096,30.304355732044982,921.9267560518663,2.4193732234278706,0.12840386385913743
2022-06-10 06:00:00,18.0,75.0,32.87514648437502,949.1050625,2.3241771614649416,0.0,32.74603644624871,948.9265821577505,2.7438755130098933,0.008973272875260322
2022-06-10 06:00:00,18.0,76.0,33.175146484375034,943.6650625,3.3073674735094616,0.0,31.717540019776436,944.975213792803,3.4043942091290234,0.005304601364668683
2022-06-10 06:00:00,18.0,77.0,34.87514648437502,938.1130625,3.7032064027635534,0.0,32.58356901459259,938.8577210390482,3.5692805265165575,0.0069011839806541264
2022-06-10 06:00:00,18.0,78.0,33.77514648437506,950.7850625,3.1985298083504685,0.0,32.90442551296032,949.7127514946959,3.7473576381558464,0.009522018424796655
2022-06-11 06:00:00,11.0,74.0,28.18073730468751,1009.95234375,5.840600947814777,6.16032,27.297775808495057,1010.0023264755297,5.610958365725753,0.28837257721502674
2022-06-11 06:00:00,11.0,75.0,28.38073730468756,1010.11234375,2.559855685548236,5.54688,27.049990542776875,1010.6297462137695,4.020731296943089,0.29226570483252295
2022-06-11 06:00:00,11.0,76.0,30.080737304687545,1005.10434375,2.3204048588465387,2.25504,28.170023317046308,1007.1130480718261,1.748252990667692,0.3053596135347458
2022-06-11 06:00:00,11.0,77.0,31.38073730468756,962.57634375,5.840165712109215,0.11232,30.211803225026216,959.5248235169892,5.677049267200388,0.04621621029784987
2022-06-11 06:00:00,11.0,78.0,34.580737304687545,990.00034375,5.851823008050771,0.0,34.91496280511112,989.3990214942995,4.63889784027457,0.004223040298609636
2022-06-11 06:00:00,12.0,74.0,28.38073730468756,1009.6643437500002,4.477024365132479,6.281280000000001,27.279181764523575,1010.0647892073016,4.951612077316588,0.2691128006196341
2022-06-11 06:00:00,12.0,75.0,27.980737304687523,1009.95234375,3.908019886287028,1.8144000000000005,26.785966512670132,1009.9121492363491,4.2819623700471405,0.4844383695168977
2022-06-11 06:00:00,12.0,76.0,26.68073730468751,919.44034375,3.034842989460472,0.0864,24.51770422941137,923.9194421177377,3.361977527836899,0.3010034715001334
2022-06-11 06:00:00,12.0,77.0,29.080737304687545,925.80834375,4.2065850416774975,0.0,27.764501666345495,920.9768460344077,3.9005895773237262,0.010432208196493879
2022-06-11 06:00:00,12.0,78.0,31.080737304687545,960.40034375,3.108890241416923,0.0,29.94198763184085,953.7560463860842,3.076045470860416,0.0062429866764160905
2022-06-11 06:00:00,13.0,74.0,27.88073730468756,1009.44034375,4.129176176485889,6.84288,27.265071879848982,1010.1406901514686,5.2357700954962665,0.41121166316120705
2022-06-11 06:00:00,13.0,75.0,30.480737304687523,1001.50434375,2.6845693137568407,2.8944,27.680829627974877,1000.4061944157139,2.6082795390780236,1.4746659202855146
2022-06-11 06:00:00,13.0,76.0,26.38073730468756,904.59234375,6.604784295036335,0.09504,24.50598889803634,901.0080492051642,5.619230732874684,0.16630416802648473
2022-06-11 06:00:00,13.0,77.0,29.28073730468753,922.40034375,4.874299017909127,0.0,27.999670569871043,920.9430989527644,4.64519336205644,0.004767957653986854
2022-06-11 06:00:00,13.0,78.0,28.88073730468756,912.40034375,6.0936437569242905,0.0,27.67416314213328,913.6079839450798,5.386571170292531,0.009821643881353263
2022-06-11 06:00:00,14.0,74.0,27.88073730468756,1009.15234375,4.954201795214707,6.09984,26.93443714924911,1008.7842423743651,5.521983004447639,0.5428521117113089
2022-06-11 06:00:00,14.0,75.0,26.78073730468753,942.46434375,3.908426743255671,3.2832000000000003,23.79317918014124,940.7141865204632,3.7890922172443022,1.1024593221185002
2022-06-11 06:00:00,14.0,76.0,28.28073730468753,929.4243437500002,6.744109394238696,0.03456,26.690473633373824,930.5820064887428,5.594989192809205,0.13430966954718615
2022-06-11 06:00:00,14.0,77.0,29.480737304687523,936.49634375,5.674777511295806,0.0,29.979491883053154,935.328890714762,4.927540036874541,0.006579429930354956
2022-06-11 06:00:00,14.0,78.0,30.980737304687523,935.05634375,5.4851991455178615,0.0,30.395285686125522,935.1456412829523,5.059531742936134,0.00642012616331109
2022-06-11 06:00:00,15.0,74.0,27.68073730468751,1004.75234375,3.30636929693412,8.15616,26.052650019313855,1002.507709626667,4.751245855202298,1.8728445508371119
2022-06-11 06:00:00,15.0,75.0,27.980737304687523,945.90434375,5.385159801878783,2.6352,25.47681499459944,945.4141586307935,4.349843915030853,0.27074509378438827
2022-06-11 06:00:00,15.0,76.0,30.480737304687523,945.55234375,7.139214938592854,0.01728,27.528628466374357,947.6211389769443,5.911169343657801,0.06667783979535416
2022-06-11 06:00:00,15.0,77.0,31.980737304687523,955.61634375,6.676439436758835,0.0,30.773529958859175,954.1090596831982,5.506187906633205,0.010091242550178202
2022-06-11 06:00:00,15.0,78.0,33.48073730468752,972.86434375,7.485270366456954,0.0,32.83242278985712,972.0759439727495,5.666082146163492,0.006270385421748578
2022-06-11 06:00:00,16.0,74.0,25.78073730468753,953.93634375,3.431419024464751,3.81024,24.285570071795018,954.7362048508951,3.1480336198034293,2.1105853115654494
2022-06-11 06:00:00,16.0,75.0,28.580737304687545,934.86434375,6.460804087042582,0.06048,26.48464335005754,935.8027099722754,5.482244577844054,0.1000231965960798
2022-06-11 06:00:00,16.0,76.0,30.68073730468751,943.34434375,7.237943376016932,0.00864,27.793614995623024,943.7126980923151,5.417174788292595,0.1193350265707021
2022-06-11 06:00:00,16.0,77.0,33.18073730468751,963.56834375,6.251670112637092,0.0,30.82797480628255,963.3330494458339,5.544761003207236,0.027680375430273685
2022-06-11 06:00:00,16.0,78.0,33.98073730468752,972.75234375,6.090318272321848,0.0,31.83265504486796,972.4139665850644,5.112361971529804,0.021313376904179736
2022-06-11 06:00:00,17.0,74.0,22.480737304687523,934.08034375,3.270004001510721,1.7712000000000003,24.322357263424248,936.2822161624598,3.1352338850903174,1.226003264810828
2022-06-11 06:00:00,17.0,75.0,28.480737304687523,936.16034375,7.077601160111728,0.9936,26.75356656078028,936.2332127072219,5.488909769830951,0.14289038347015615
2022-06-11 06:00:00,17.0,76.0,31.28073730468753,951.34434375,6.5972536084193685,0.00864,30.350573433943378,951.7672261247891,5.698973390355691,0.09795408351833651
2022-06-11 06:00:00,17.0,77.0,32.780737304687534,959.28034375,5.905049861365154,0.0,30.175309230381032,956.9692260543898,4.935102840202436,0.08097686034557147
2022-06-11 06:00:00,17.0,78.0,31.88073730468756,937.92034375,6.238043774673265,0.0,29.524949670702625,939.7301139705562,5.300969760641331,0.05860886128285641
2022-06-11 06:00:00,18.0,74.0,28.88073730468756,921.69634375,2.852137869688039,7.65504,25.974363755324088,922.6120564891268,3.527049392706906,0.8732237146660972
2022-06-11 06:00:00,18.0,75.0,32.280737304687534,949.60034375,2.5983289773590306,1.2182400000000004,31.0144600407311,949.422842230317,3.635889566003875,0.44369106021357235
2022-06-11 06:00:00,18.0,76.0,31.28073730468753,944.70434375,4.892115008443038,0.0,30.80909903775914,945.6206699289413,4.47587408447682,0.02956509246916471
2022-06-11 06:00:00,18.0,77.0,32.280737304687534,939.15234375,5.804851646230064,0.0,30.571158391785012,939.5803931825792,4.343075285236332,0.06616941552427116
2022-06-11 06:00:00,18.0,78.0,33.48073730468752,951.45634375,4.655739149616431,0.0,32.349057088878304,950.5289982281348,4.270065818665768,0.017649596060045
2022-06-12 06:00:00,11.0,74.0,28.481689453125057,1009.6714375,5.9772206795118015,8.34624,26.361763949111342,1010.2587988697617,6.2311605701443,1.1047024978972746
2022-06-12 06:00:00,11.0,75.0,28.481689453125057,1009.7194375,2.5563033996602944,4.11264,26.472656827216422,1010.246395276984,4.096939640237265,1.0846546520570866
2022-06-12 06:00:00,11.0,76.0,27.481689453125057,1005.3194375,0.5499933511863153,6.186240000000001,28.138124051907816,1007.1073450552652,1.5150127393645676,0.774545871469084
2022-06-12 06:00:00,11.0,77.0,31.081689453125023,962.8394375,5.434328215621425,0.4665600000000001,30.64414413291912,959.6313377025439,4.801670765398217,0.09868218975794467
2022-06-12 06:00:00,11.0,78.0,33.98168945312506,990.2954375000002,4.603722621255383,0.0,34.694267835402144,989.6356452348805,3.5577585647741263,0.0041605799701633
2022-06-12 06:00:00,12.0,74.0,28.581689453125023,1009.3194375,5.6328587732861415,9.4176,26.291646156886166,1009.6027735138225,5.784582261737156,2.619335313381345
2022-06-12 06:00:00,12.0,75.0,27.38168945312504,1009.7514375,2.554014066594932,7.22304,26.383024470879505,1009.8796120755691,3.911544767993747,1.1947856796843537
2022-06-12 06:00:00,12.0,76.0,25.081689453125023,919.4794375,2.952463097253889,0.4838400000000002,24.99543389408478,923.9393563628565,2.829809156757287,0.3224390362021476
2022-06-12 06:00:00,12.0,77.0,29.38168945312504,925.7034375,4.816169036719476,0.7257600000000002,28.24945610108233,920.9063842012698,3.6909595883878796,0.07437306737026518
2022-06-12 06:00:00,12.0,78.0,31.581689453125023,960.5674375,3.49715677076649,0.0,30.68617244803726,954.1387725548021,2.758930252161429,0.005624540535466543
2022-06-12 06:00:00,13.0,74.0,26.981689453125057,1009.4314375,3.5290622732031847,10.05696,26.253046179931484,1010.0025910931339,4.35927971275451,2.413655012559778
2022-06-12 06:00:00,13.0,75.0,28.681689453125045,1001.7994375,1.6281486205164988,5.90976,26.815138181112562,1000.2757462911901,1.9768727615765642,0.9975277912083982
2022-06-12 06:00:00,13.0,76.0,24.481689453125057,904.9034375,5.940655157638268,0.03456,24.950665309193347,901.1904566203231,4.492519496792971,0.1028220811627924
2022-06-12 06:00:00,13.0,77.0,29.28168945312501,922.6794375,4.949376569683969,0.0,28.63699211371137,921.0155329031355,4.0678769017765894,0.003640925937485619
2022-06-12 06:00:00,13.0,78.0,29.28168945312501,912.5514375,5.804245887543695,0.0,28.645634209609774,913.7704612587303,4.411279208811427,0.0037621030862586948
2022-06-12 06:00:00,14.0,74.0,28.581689453125023,1009.2554375,3.878307127172535,3.66336,26.4464797307353,1008.599812566111,3.8979960282021535,1.316003927816991
2022-06-12 06:00:00,14.0,75.0,26.78168945312501,942.5674375,4.031461484377722,2.90304,24.509038239199448,940.7036572603047,3.219088691089422,0.9856416027202325
2022-06-12 06:00:00,14.0,76.0,28.181689453125045,929.6714375,6.373353322931915,0.03456,27.820149923712936,930.583651175449,4.691234648361537,0.06126771455631224
2022-06-12 06:00:00,14.0,77.0,29.681689453125045,936.8554375,5.718359571783549,0.0,30.488037007028797,935.4520459154759,4.433788934962224,0.006117863040733508
2022-06-12 06:00:00,14.0,78.0,30.981689453125057,935.5114375,5.888411969145875,0.0,30.940183515926098,935.4497562120517,4.457974922302648,0.007057097757049544
2022-06-12 06:00:00,15.0,74.0,26.88168945312504,1004.7434375,4.429983523047705,7.89696,26.191291767033285,1002.1578082096028,3.65640496189858,1.0809292514328421
2022-06-12 06:00:00,15.0,75.0,26.78168945312501,946.3594375,4.376038839925515,0.7603200000000002,26.061275536115545,945.3213859365864,3.1720380551138114,0.39939658858829047
2022-06-12 06:00:00,15.0,76.0,29.88168945312504,945.9274375,6.992102283755966,0.0,28.66037866069974,947.494056294695,5.150120345676856,0.02484326839124174
2022-06-12 06:00:00,15.0,77.0,31.681689453125045,956.0074375,5.846647410958515,0.0,31.278212249310563,954.1497250600262,4.704861358895039,0.0051756843391181475
2022-06-12 06:00:00,15.0,78.0,33.48168945312506,973.2074375,6.571571238731583,0.0,33.225093400394165,972.3669736391523,4.971793877255334,0.0029166291017367796
2022-06-12 06:00:00,16.0,74.0,24.181689453125045,954.1354375,2.386473153448495,2.81664,26.705291216812167,954.4452472212562,2.1468384686704165,0.5539008435012215
2022-06-12 06:00:00,16.0,75.0,28.78168945312501,935.0474375,5.978245172506657,0.2764800000000001,27.923525944106167,935.6263242695373,4.626935285555664,0.0838410766920736
2022-06-12 06:00:00,16.0,76.0,30.081689453125023,943.9434375,6.2170222247149125,0.0,29.205302954649543,944.0470664694978,4.728361091197132,0.023434305847627047
2022-06-12 06:00:00,16.0,77.0,32.78168945312501,964.1034375,5.607509143963156,0.0,30.704496124767534,963.4440818381614,4.736057572311754,0.012433298202025034
2022-06-12 06:00:00,16.0,78.0,33.48168945312506,973.2714375,5.482235343021223,0.0,31.85386958440476,972.8667833867336,4.844006217286381,0.009573179835160409
2022-06-12 06:00:00,17.0,74.0,26.38168945312504,933.7354375,4.908962980087014,2.21184,26.32375736531217,936.0015769044704,2.780318234316083,0.35083740945738295
2022-06-12 06:00:00,17.0,75.0,28.581689453125023,936.4234375,6.144427072052449,0.05184,28.522841634272986,936.14908898279,4.8145979989854935,0.08392274227868705
2022-06-12 06:00:00,17.0,76.0,30.681689453125045,951.9914375,5.914648881995165,0.0,30.837415285444433,952.1547009846221,4.821403302420247,0.05725920956570312
2022-06-12 06:00:00,17.0,77.0,31.88168945312504,959.9114375,5.009223130185935,0.0,30.933959876861426,957.0657482044585,4.13077981814749,0.016842063607583793
2022-06-12 06:00:00,17.0,78.0,31.681689453125045,938.1834375,5.539556647635691,0.0,29.862570886129138,939.9978034618521,4.802749950420267,0.01816544200797828
2022-06-12 06:00:00,18.0,74.0,26.28168945312501,922.2794375,4.409067495791248,0.8121600000000001,26.199668491255878,923.0791449850002,2.482850462666166,0.20606353700432084
2022-06-12 06:00:00,18.0,75.0,30.28168945312501,950.3274375,3.918745285187247,2.17728,30.837817234999978,949.9915816087181,3.5107244435314473,0.34964551853234177
2022-06-12 06:00:00,18.0,76.0,30.88168945312504,944.9994375,4.607494750067116,0.0,30.792301266060836,946.1323799444838,4.151167019312749,0.014960164580325579
2022-06-12 06:00:00,18.0,77.0,29.181689453125045,939.8474375,4.701220208213478,0.0,30.37510488809258,940.1468316615078,4.0733798202162195,0.044786452148130804
2022-06-12 06:00:00,18.0,78.0,32.78168945312501,951.7514375,5.0550029374935,0.0,31.11195879288034,950.9312452002512,3.714400878648856,0.01732916233348886
2022-06-13 06:00:00,11.0,74.0,28.74997558593753,1010.1565312500002,4.304744669082884,0.00864,27.683924591102368,1010.4863353373419,5.218915889044914,0.16739235771228592
2022-06-13 06:00:00,11.0,75.0,28.449975585937523,1010.17253125,1.7506805891916737,0.0,27.150238946197394,1010.5865477119055,2.849865515940397,0.3794180686662846
2022-06-13 06:00:00,11.0,76.0,30.84997558593756,1005.29253125,1.4332005015754965,0.0,28.681376314440026,1007.3045266003173,1.67115069945215,0.5382606064572479
2022-06-13 06:00:00,11.0,77.0,32.249975585937534,963.00453125,4.028549859525758,0.6739200000000002,31.25555116312819,959.9698280186901,3.6658813803418244,0.20272897136202053
2022-06-13 06:00:00,11.0,78.0,33.94997558593752,990.89253125,4.020619584315178,0.0,34.429890728830685,990.3707084875394,3.081030431724247,0.01145627073528696
2022-06-13 06:00:00,12.0,74.0,28.84997558593756,1010.01253125,4.346470046061516,0.4233600000000001,27.708174181738553,1010.1481110324731,5.2306954278495255,0.2510059461815681
2022-06-13 06:00:00,12.0,75.0,27.549975585937545,1010.33253125,1.2850894477248482,0.06048,26.89930208979737,1010.2882449317206,3.0412387222471438,0.19668860676457278
2022-06-13 06:00:00,12.0,76.0,26.74997558593753,920.02853125,2.499111132213563,0.0,25.613163014554228,924.6450886952772,3.016585943155529,0.25785715829139433
2022-06-13 06:00:00,12.0,77.0,29.14997558593751,926.50853125,4.443393929781182,0.0,27.854991712544948,921.6152160321568,3.7110285802845873,0.009949217035247829
2022-06-13 06:00:00,12.0,78.0,31.949975585937523,961.19653125,3.7813020923557215,0.0,30.38400537605823,955.5530794423795,3.0648426426480326,0.0022669188887038992
2022-06-13 06:00:00,13.0,74.0,28.24997558593753,1010.22053125,4.285682241075072,5.01984,27.256829790495573,1010.4632326655684,5.098906940165477,0.4457139283489945
2022-06-13 06:00:00,13.0,75.0,30.049975585937545,1002.57253125,1.0958285633329037,1.4774400000000003,28.14024727236864,1000.8975605785187,2.4968997210825408,0.2893984501472339
2022-06-13 06:00:00,13.0,76.0,25.74997558593753,905.59653125,5.831288284137242,0.0,25.2704789100873,901.8181233168384,4.598339995206948,0.06153716737097356
2022-06-13 06:00:00,13.0,77.0,29.64997558593751,923.34053125,5.129145837033687,0.0,28.121179339502227,921.4419184793127,3.78718087952061,0.004542290594793153
2022-06-13 06:00:00,13.0,78.0,28.949975585937523,913.37253125,4.595821312997003,0.0,27.661699725891285,915.0476121786772,3.986379402755821,0.004956283409054768
2022-06-13 06:00:00,14.0,74.0,27.84997558593756,1010.28453125,4.0655484963475415,7.32672,27.11754481832534,1009.9950363113359,5.62789623357011,0.5849402323584916
2022-06-13 06:00:00,14.0,75.0,27.449975585937523,943.37253125,3.723999932078746,0.8640000000000002,25.864695148681296,941.4387478456689,3.4805004625242093,0.3313249613297675
2022-06-13 06:00:00,14.0,76.0,29.14997558593751,930.38053125,7.40511510331482,0.0,28.168655616041143,931.7009442296029,4.886330238522867,0.025411323020020766
2022-06-13 06:00:00,14.0,77.0,30.34997558593756,937.61253125,7.170823697863535,0.0,30.343418823518142,937.3364780281878,4.4829549049755215,0.01121743448966015
2022-06-13 06:00:00,14.0,78.0,30.84997558593756,936.47653125,6.301696991031761,0.0,30.506211245872795,936.2919831833331,4.160205202298878,0.007457078901735471
2022-06-13 06:00:00,15.0,74.0,27.64997558593751,1005.61253125,3.11125417555425,3.3696,26.144310279290682,1003.2974289291143,4.249751767757024,0.6402310132524833
2022-06-13 06:00:00,15.0,75.0,27.74997558593753,947.35653125,4.826000564769316,0.3196800000000001,26.954520018203727,946.1278491305554,3.7552397160534223,0.2478836630449202
2022-06-13 06:00:00,15.0,76.0,30.74997558593753,946.92453125,6.843561463297821,0.02592,28.99351905726983,947.9654291252515,4.895713687804859,0.08666473937185644
2022-06-13 06:00:00,15.0,77.0,32.14997558593751,956.94053125,6.023322470203634,0.0,31.481843505061896,954.4193732987173,4.005274239018407,0.00539182600102213
2022-06-13 06:00:00,15.0,78.0,33.64997558593751,974.09253125,5.808904752180376,0.0,33.29065190241666,973.2816443130822,3.960354836546197,0.0027256683625814715
2022-06-13 06:00:00,16.0,74.0,23.64997558593751,955.16453125,1.3644126504988348,0.6652800000000002,26.19383943202116,955.0136794215819,2.1355859727653677,0.5117579710226905
2022-06-13 06:00:00,16.0,75.0,29.549975585937545,936.07653125,6.278724321659914,0.00864,29.078425348367393,936.4012569796828,4.520799828282443,0.06887917563116035
2022-06-13 06:00:00,16.0,76.0,30.84997558593756,944.90853125,6.697186093303759,0.0,29.843089173869096,945.4644560554367,4.658041000754131,0.018273418587556704
2022-06-13 06:00:00,16.0,77.0,33.249975585937534,965.13253125,5.552057975178889,0.0,31.510678577483887,964.3623905520099,3.738881091102049,0.008856163245069906
2022-06-13 06:00:00,16.0,78.0,32.84997558593756,974.33253125,4.342831715658432,0.0,31.73062555526002,973.2487442799869,3.49095755771526,0.0038737668455424115
2022-06-13 06:00:00,17.0,74.0,28.64997558593751,934.82853125,5.8677203491377306,1.3392000000000004,26.716297662323527,936.783675096442,4.046278639334103,0.16835074967677474
2022-06-13 06:00:00,17.0,75.0,29.949975585937523,937.58053125,5.5834774308386885,0.0,30.49882729758884,937.5329721701318,4.723660034796033,0.06886611538422724
2022-06-13 06:00:00,17.0,76.0,31.24997558593753,953.24453125,4.890020899788927,0.0,32.15686089420006,953.143009931552,3.9709790294898992,0.01345416197261626
2022-06-13 06:00:00,17.0,77.0,32.84997558593756,961.26053125,5.009610851627849,0.0,31.52989879413608,959.4695792065997,3.4618994705090587,0.0070586119311173805
2022-06-13 06:00:00,17.0,78.0,32.049975585937545,939.54853125,5.4923487357184,0.0,29.646000231870353,940.9868829164161,3.9600792781124636,0.010435519203413105
2022-06-13 06:00:00,18.0,74.0,29.24997558593753,923.42053125,4.2039557968393,1.1923200000000005,28.458969086020485,923.6106588596043,4.010443373817989,0.1298779931817861
2022-06-13 06:00:00,18.0,75.0,31.84997558593756,951.86853125,3.695386561887505,0.0,32.61292556075889,951.6478207044709,3.3556845845347985,0.03221547853021706
2022-06-13 06:00:00,18.0,76.0,31.24997558593753,946.65253125,5.139584574232144,0.0,31.296396363632283,947.6114678182269,3.9309510161836156,0.039483066634556335
2022-06-13 06:00:00,18.0,77.0,31.64997558593751,941.19653125,5.074416040331391,0.0,31.147596249768945,941.5105773827779,3.695298683678238,0.030866075119192635
2022-06-13 06:00:00,18.0,78.0,31.14997558593751,953.61253125,4.500250753211287,0.0,31.563721244302318,953.0294203901997,3.503033981043877,0.02107136507531939
2022-06-14 06:00:00,11.0,74.0,28.750000000000057,1009.79415625,5.22139443870997,0.4665600000000001,27.81653262101326,1009.8678599807537,5.712889518455243,0.2456975601299455
2022-06-14 06:00:00,11.0,75.0,28.65000000000004,1009.73015625,3.944473976092118,0.0,27.603998619001583,1009.925544762298,4.45788507963031,0.22430104532238967
2022-06-14 06:00:00,11.0,76.0,31.15000000000004,1004.48215625,3.0061144552378303,0.0,30.446604775679315,1006.2829050182537,3.235615432221856,0.3203439150564044
2022-06-14 06:00:00,11.0,77.0,32.25000000000006,962.24215625,3.494756189219986,0.9158400000000002,31.66681515838273,958.7820384676188,3.318894027441186,0.40364211811828116
2022-06-14 06:00:00,11.0,78.0,34.150000000000034,989.84215625,4.499601826657398,0.0,34.9561751671799,989.0298043719055,2.6978645366626073,0.003681118185637432
2022-06-14 06:00:00,12.0,74.0,29.05000000000001,1009.50615625,4.142420665686365,0.0,27.999980501802273,1009.6363291664245,4.704959990395363,0.11645425587611816
2022-06-14 06:00:00,12.0,75.0,27.450000000000045,1009.6821562500002,0.4387925346876934,0.0,27.5686979006243,1009.551576250596,2.5703021315721433,0.19850179435559187
2022-06-14 06:00:00,12.0,76.0,28.350000000000023,919.25015625,2.2578636287077662,0.0,26.72343554851368,923.697002634604,2.7538205382790037,0.32787429775838384
2022-06-14 06:00:00,12.0,77.0,29.750000000000057,925.81015625,3.5031217658355933,0.0864,28.518738911828702,920.9221821021079,3.3894024948883064,0.040625856116524674
2022-06-14 06:00:00,12.0,78.0,32.75000000000006,960.21015625,3.940357671074753,0.0,31.323778711558855,953.4479480529627,3.0388135863235264,0.0021083941458517217
2022-06-14 06:00:00,13.0,74.0,29.05000000000001,1009.45815625,2.7493012112564896,0.03456,27.91298015357828,1009.7416016625796,4.153751080718303,0.19112170399126124
2022-06-14 06:00:00,13.0,75.0,30.850000000000023,1001.57015625,1.7278980402561628,0.0,29.047890205400897,1000.1141499155166,2.1233744938850925,0.14153465096020165
2022-06-14 06:00:00,13.0,76.0,27.55000000000001,904.83415625,3.821109540682665,0.0,26.705616487487664,901.0772375889815,3.3422575294060484,0.05990077253966438
2022-06-14 06:00:00,13.0,77.0,29.850000000000023,922.67415625,3.398834340597637,0.0,28.638501111823825,920.9981282264976,3.150083835702029,0.04034403787993708
2022-06-14 06:00:00,13.0,78.0,29.950000000000045,912.41815625,4.811057187515497,0.0,28.210616513518527,913.6763280121037,3.565750472892594,0.016165469099800243
2022-06-14 06:00:00,14.0,74.0,28.850000000000023,1009.60215625,1.537724322057139,0.3110400000000001,27.783105394420225,1009.1721175616268,3.591061657304287,0.2715194591199595
2022-06-14 06:00:00,14.0,75.0,28.850000000000023,942.62615625,3.365009496704536,0.0,27.620573553103682,940.798814794709,2.9668301054141253,0.11099462827638375
2022-06-14 06:00:00,14.0,76.0,29.55000000000001,929.93815625,5.159709745710704,0.0,28.82514978506449,930.7643376042856,3.834352913408276,0.015322684110338205
2022-06-14 06:00:00,14.0,77.0,30.450000000000045,937.09015625,5.73064584097714,0.0,30.671271820000936,935.7989567352641,4.066281401391651,0.015328496705429127
2022-06-14 06:00:00,14.0,78.0,31.350000000000023,935.65015625,6.421191335401976,0.0,31.02087297994795,935.5595237245415,4.067872601269987,0.008191603608441357
2022-06-14 06:00:00,15.0,74.0,28.950000000000045,1005.02615625,2.530407633142304,0.05184,27.521748452477024,1002.9023525702255,3.7424505003627915,0.16863743800794803
2022-06-14 06:00:00,15.0,75.0,29.950000000000045,946.33815625,4.412339583200961,0.0,28.63355997324881,945.7911445142854,3.2884638047359975,0.028913041498680972
2022-06-14 06:00:00,15.0,76.0,31.950000000000045,946.25815625,5.21628948796812,0.0,30.7839156913685,947.6967044035437,3.896706435873936,0.005028717271846831
2022-06-14 06:00:00,15.0,77.0,33.05000000000001,956.11415625,5.595075407904551,0.0,32.68976706490189,954.1889195054086,3.9874391060821837,0.0033461783896806038
2022-06-14 06:00:00,15.0,78.0,34.55000000000007,973.17015625,5.990633042494405,0.0,33.69299256680688,972.5406095966126,3.873479600477142,0.004593635877839907
2022-06-14 06:00:00,16.0,74.0,28.15000000000004,954.64215625,2.6652745037781456,0.10368,27.637734684501734,954.9810157223643,3.1332644666122262,0.33630211688409656
2022-06-14 06:00:00,16.0,75.0,29.750000000000057,935.74615625,4.549449021394049,0.0,29.414387149439026,935.9361763775702,3.50222587239829,0.05608288042471775
2022-06-14 06:00:00,16.0,76.0,31.450000000000045,944.25815625,5.30428176576311,0.0,30.927993950294326,944.3232834296433,3.678300182888973,0.003891782908017709
2022-06-14 06:00:00,16.0,77.0,33.85000000000002,964.37015625,5.143621687515412,0.0,32.011364149805544,963.4078418100662,3.23759323988057,0.0034452221216967724
2022-06-14 06:00:00,16.0,78.0,34.35000000000002,973.39415625,5.45265468931956,0.0,33.029792230947116,973.1199568870504,3.768686531482232,0.0034781123265177002
2022-06-14 06:00:00,17.0,74.0,28.850000000000023,934.78615625,5.289974660248929,0.10368,28.01961315346283,936.7567182394843,3.829852222282035,0.21333692741408664
2022-06-14 06:00:00,17.0,75.0,29.750000000000057,937.25015625,5.771352978882597,0.0,31.09401544627137,937.0335557147348,4.295076631164622,0.04576919908960857
2022-06-14 06:00:00,17.0,76.0,32.25000000000006,952.19415625,5.258049550917517,0.0,31.94862763607917,952.4507041674864,3.555608198944667,0.0032663867602529843
2022-06-14 06:00:00,17.0,77.0,33.75000000000006,960.08215625,4.466292825525596,0.0,31.32741985563096,957.5106987782808,2.9700864167761836,0.003443082310470158
2022-06-14 06:00:00,17.0,78.0,33.150000000000034,938.53015625,4.326105200171486,0.0,30.142456660567454,940.4678123139154,3.3409943275832363,0.005218443225129822
2022-06-14 06:00:00,18.0,74.0,29.15000000000004,923.13815625,2.5221372514705584,0.01728,30.000088507309545,923.4564809450017,3.511029488149902,0.1416372821458894
2022-06-14 06:00:00,18.0,75.0,31.850000000000023,951.13815625,2.77908539744826,0.0,32.92912104482277,950.6277850148019,2.7719413021311037,0.00970267324365055
2022-06-14 06:00:00,18.0,76.0,29.05000000000001,946.14615625,2.345720577177291,0.0,31.119870819156088,946.5719593882669,3.074801898817168,0.03773428694686556
2022-06-14 06:00:00,18.0,77.0,32.150000000000034,940.16215625,3.3336357979861626,0.0,31.31941324066858,940.6955063648817,2.766997645766557,0.009820187805709714
2022-06-14 06:00:00,18.0,78.0,33.05000000000001,952.53015625,3.75069828418208,0.0,32.01495143702946,951.6299181466775,3.029429094029557,0.007555375832707332
2022-06-15 06:00:00,11.0,74.0,28.694091796875057,1009.20334375,6.608107658318105,1.5465600000000004,27.103796639814682,1009.3475533733996,6.214562239122681,0.4619853037905102
2022-06-15 06:00:00,11.0,75.0,28.49409179687501,1008.97934375,5.231317871955213,8.50176,26.886146147004727,1009.441497300039,4.398668060493385,0.5136253844059177
2022-06-15 06:00:00,11.0,76.0,29.49409179687501,1004.14734375,2.0262190359719,3.78432,28.629979668678576,1005.8122287000929,2.1016629894242,1.584947600589195
2022-06-15 06:00:00,11.0,77.0,30.694091796875057,962.03534375,3.933562497727953,1.1664000000000003,29.719514271792068,958.6439559484123,3.0005063654467627,0.9543788645803608
2022-06-15 06:00:00,11.0,78.0,32.29409179687502,989.74734375,4.480230151961771,0.0,33.569954545669326,989.0498790399527,2.7289604810806614,0.0022305926932275648
2022-06-15 06:00:00,12.0,74.0,28.894091796875045,1009.10734375,5.736295855709928,3.27456,27.238811648205427,1009.2184279678298,4.8905959600374,0.5332018132196336
2022-06-15 06:00:00,12.0,75.0,28.394091796875045,1009.02734375,3.997453126886765,1.0195200000000002,26.7313596880569,1008.966642014643,3.231662026203319,0.6198660722816801
2022-06-15 06:00:00,12.0,76.0,26.99409179687501,918.81934375,2.1560629238811413,2.19456,25.756189545799955,923.159066744577,2.33781962200204,0.18685637135175648
2022-06-15 06:00:00,12.0,77.0,28.694091796875057,925.42734375,3.64164217384958,0.00864,27.574516004542087,920.5570830318636,3.2789666975381806,0.025612814706444484
2022-06-15 06:00:00,12.0,78.0,31.49409179687501,959.85934375,3.762738936518337,0.0,30.36323163367705,953.4304639273444,2.879830579625701,0.0028372196583859896
2022-06-15 06:00:00,13.0,74.0,28.194091796875057,1008.89934375,4.634447957291599,4.4496,26.780835911250612,1009.2857732994456,3.5360665050786064,0.7198728272465996
2022-06-15 06:00:00,13.0,75.0,29.894091796875045,1000.91534375,2.187646894107318,3.56832,28.337948657176845,999.5444851405556,1.8989146691007204,1.5920148651654635
2022-06-15 06:00:00,13.0,76.0,25.694091796875057,904.40334375,3.855531994503631,0.06912,25.309901153197846,900.6344088903968,2.9736508952208363,0.15925396330869956
2022-06-15 06:00:00,13.0,77.0,28.294091796875023,922.38734375,3.258090606789105,0.0,26.820866837387175,920.9000046781277,3.477214427064766,0.035728514772734477
2022-06-15 06:00:00,13.0,78.0,27.794091796875023,912.13134375,5.456209940225268,0.00864,26.96144273516187,913.5561447933466,4.422500421469437,0.020580575008410956
2022-06-15 06:00:00,14.0,74.0,28.59409179687504,1008.70734375,3.640153142395835,1.6156800000000004,26.91244956957862,1008.3231573045948,2.6882802632558525,0.8833211690103764
2022-06-15 06:00:00,14.0,75.0,28.09409179687504,941.90734375,3.1189321727381545,0.6739200000000002,26.994241684551493,940.2876392043528,2.5422675421205976,0.34362749221750644
2022-06-15 06:00:00,14.0,76.0,28.894091796875045,929.13934375,5.188903185383379,0.00864,27.666154701658712,930.3169448908593,3.6695719472019883,0.036676582415594475
2022-06-15 06:00:00,14.0,77.0,28.99409179687501,936.43534375,4.912012679361042,0.0,28.020011481875525,935.6079637937044,3.8612688571850815,0.009596032304714043
2022-06-15 06:00:00,14.0,78.0,28.99409179687501,934.99534375,5.620976178643308,0.0,27.94250420416188,935.6218898474549,4.36839272120084,0.00648680972812568
2022-06-15 06:00:00,15.0,74.0,29.09409179687504,1004.19534375,3.125645973500001,0.13824,27.57631983697596,1002.2070130300011,2.9549359086130944,0.24654482367314667
2022-06-15 06:00:00,15.0,75.0,30.09409179687504,945.44334375,4.06551537824164,0.05184,27.54503840733715,945.1274697809919,2.7448130427666992,0.221453503566052
2022-06-15 06:00:00,15.0,76.0,30.99409179687501,945.39534375,4.7905729834195485,0.0,29.222747904935137,947.32691320447,3.3289026883925406,0.006114981798181684
2022-06-15 06:00:00,15.0,77.0,30.294091796875023,955.17134375,4.846899274368668,0.0,30.048089510481187,954.0187843351639,3.7121916406158753,0.006200953409986471
2022-06-15 06:00:00,15.0,78.0,31.394091796875045,972.54734375,5.508126809090014,0.0,30.541383320758154,972.5065920382938,4.255463492752659,0.002694795281856245
2022-06-15 06:00:00,16.0,74.0,28.99409179687501,953.73134375,2.7875950021816336,0.14688,28.353670825483587,954.6227463844602,2.860920685744433,0.18376129158019278
2022-06-15 06:00:00,16.0,75.0,30.194091796875057,934.78734375,5.005017117393983,0.0,29.276482777550658,935.6926805411624,3.251364268779568,0.04762493515639985
2022-06-15 06:00:00,16.0,76.0,31.294091796875023,943.34734375,5.821917623275311,0.0,29.850554422969314,943.6263320281092,3.6853766835116235,0.011253923565272248
2022-06-15 06:00:00,16.0,77.0,31.09409179687504,963.49134375,5.086272152747336,0.0,30.105631911761616,963.1393770347221,3.2672379849619597,0.005899654121872825
2022-06-15 06:00:00,16.0,78.0,33.094091796875034,972.62734375,5.421335978942704,0.0,30.60218536784186,972.898783425158,4.084475571135409,0.0028157539991920414
2022-06-15 06:00:00,17.0,74.0,29.294091796875023,933.82734375,5.7104967560515725,0.14688,28.778937039815375,936.2720388154423,3.7776309089575824,0.13947875012585448
2022-06-15 06:00:00,17.0,75.0,30.99409179687501,936.21134375,5.304663172596697,0.0,31.03338449451058,936.1502459544962,3.728557290123706,0.01168460052656626
2022-06-15 06:00:00,17.0,76.0,32.19409179687506,951.41134375,4.7554782561816165,0.0,31.993679214231996,952.160054371971,3.2822043665929956,0.002108264929949218
2022-06-15 06:00:00,17.0,77.0,32.594091796875034,959.20334375,4.262273638566176,0.0,30.780023115506925,957.1910551038889,3.0606438081096634,0.004038803733735511
2022-06-15 06:00:00,17.0,78.0,31.99409179687501,937.74734375,5.157607946914795,0.0,29.425414537882286,940.0563539854503,3.746551275562789,0.005876036213980612
2022-06-15 06:00:00,18.0,74.0,29.59409179687504,922.21134375,3.076280079675759,0.02592,30.180043969636262,923.1222034149207,3.5162202043184707,0.12855215270600157
2022-06-15 06:00:00,18.0,75.0,32.19409179687506,950.37134375,2.81609663393442,0.0,32.86692358430519,950.0424705564694,2.813333739960483,0.006491385548470328
2022-06-15 06:00:00,18.0,76.0,31.794091796875023,944.94734375,4.06728406503889,0.0,31.776349247642514,946.2275794956614,2.8828622515353275,0.005860915890855661
2022-06-15 06:00:00,18.0,77.0,32.394091796875045,939.33134375,3.887325861214383,0.09504,30.723171268013328,940.6114801769847,3.095954549649195,0.031370849021728035
2022-06-15 06:00:00,18.0,78.0,32.69409179687506,951.50734375,2.8104402974835225,0.0,30.82478641083293,951.1181791057543,3.0588751964378678,0.007393887667450177
2022-06-16 06:00:00,11.0,74.0,26.60992187500005,1009.20034375,5.225528022852673,0.01728,27.776260808396582,1008.634696729683,5.971109788113518,0.390822785134463
2022-06-16 06:00:00,11.0,75.0,27.009921875000032,1009.00834375,8.242653615519158,0.0,27.25149283005644,1008.7374371479818,6.379838667512362,0.5242858147847551
2022-06-16 06:00:00,11.0,76.0,29.329921875000025,1004.11234375,3.140889098417208,0.14688,28.870116145860642,1005.4383774568785,2.787541945807485,0.223727084624921
2022-06-16 06:00:00,11.0,77.0,30.479921875,961.76034375,4.785903245515005,0.6739200000000002,30.104702532350704,958.3865462169045,2.8007114805587565,0.09983790227755632
2022-06-16 06:00:00,11.0,78.0,32.92992187500005,989.52034375,4.288204542199866,0.0,34.047732692608484,988.9499895535453,2.4748749085010773,0.006888756874099438
2022-06-16 06:00:00,12.0,74.0,28.029921875000014,1009.36034375,7.509298139460576,2.92032,26.932034475308136,1008.849536084841,6.11332659316706,0.929893585167466
2022-06-16 06:00:00,12.0,75.0,27.44992187500003,1009.28034375,4.708861986038246,4.50144,26.903520390215835,1008.6057166254361,4.072136418668085,0.34623329891315985
2022-06-16 06:00:00,12.0,76.0,25.71992187500001,918.73634375,2.464036709686173,3.27456,25.417488263491837,923.0632930347228,2.2546609544267624,0.37814831823164996
2022-06-16 06:00:00,12.0,77.0,29.349921875000007,924.97634375,4.128576072115369,0.2678400000000001,27.906514172979854,920.2427094304178,2.975356931542673,0.09146257244674756
2022-06-16 06:00:00,12.0,78.0,30.54992187500005,959.80834375,2.6083714298496794,0.0,30.4371528971055,953.2322962170333,2.32154289255095,0.014770463653738396
2022-06-16 06:00:00,13.0,74.0,28.31992187500004,1009.04034375,6.285529897022888,0.9072000000000002,27.00023070041622,1009.0936330795763,4.840673792100745,0.4164847367268408
2022-06-16 06:00:00,13.0,75.0,29.229921875,1001.04034375,2.048769388741339,5.20992,28.329483825257952,999.424249481072,1.9560268255295503,0.7709380057737227
2022-06-16 06:00:00,13.0,76.0,26.169921875000057,903.87234375,4.659873144946498,2.7216,25.619284014376007,900.0597687987306,3.219216546102291,0.11098096696138522
2022-06-16 06:00:00,13.0,77.0,28.49992187500004,921.79234375,2.954146442469645,0.3110400000000001,27.624818120717293,920.2988279012148,2.410694658711408,0.07968433605181359
2022-06-16 06:00:00,13.0,78.0,29.079921875000025,911.69634375,4.297733681524027,0.13824,27.956406770692762,913.1031715324077,2.765619928911726,0.032669966122645666
2022-06-16 06:00:00,14.0,74.0,28.56992187500004,1008.72034375,3.680736587770994,1.7280000000000004,26.99835982756348,1008.2346584805277,3.278732472862015,0.47848032348397973
2022-06-16 06:00:00,14.0,75.0,27.44992187500003,941.68034375,3.786901890743746,0.5702400000000001,26.380346949164853,940.0489399035882,2.835092721696536,0.5799016197421247
2022-06-16 06:00:00,14.0,76.0,29.20992187500002,928.67234375,5.527666066348081,0.11232,27.736288570254576,929.6452839488752,3.903489691419556,0.059889941159762754
2022-06-16 06:00:00,14.0,77.0,29.71992187500001,935.87234375,4.932640444065537,0.0,29.81205200591466,934.8371795027227,3.1396619387121594,0.02154402221216677
2022-06-16 06:00:00,14.0,78.0,31.12992187500004,934.46434375,5.179887802729763,0.0,30.133458041953897,935.0119277484084,3.0032790099738595,0.06797091822050874
2022-06-16 06:00:00,15.0,74.0,28.54992187500005,1004.14434375,3.6823311963338607,0.7257600000000002,26.76435749087314,1001.9974760406492,3.3132971630800396,0.4755850654257193
2022-06-16 06:00:00,15.0,75.0,29.60992187500005,945.21634375,4.762271028005553,0.10368,27.53875236530082,944.4385395647219,3.062033284568715,0.08566886491515033
2022-06-16 06:00:00,15.0,76.0,31.089921875000016,944.92834375,5.491243326776602,0.0,29.536766205796404,946.6664598547487,3.8162350144581696,0.028367784132431635
2022-06-16 06:00:00,15.0,77.0,32.44992187500003,954.68834375,4.143352869407947,0.0,31.64161605084191,953.3353321419039,3.0324808493075324,0.010612751866682231
2022-06-16 06:00:00,15.0,78.0,34.04992187500005,971.92034375,4.237546454442247,0.0,32.95563548452912,971.6758381434124,2.6187536126985513,0.010734740909407065
2022-06-16 06:00:00,16.0,74.0,28.40992187500001,953.39234375,3.0279046863290726,1.1750400000000003,27.37992821832535,954.1394776021107,2.842456859612953,0.21939904192277127
2022-06-16 06:00:00,16.0,75.0,29.87992187500004,934.40034375,4.80224424183564,0.0,29.396527098931394,935.1507312563388,2.914444259834066,0.07621919014811177
2022-06-16 06:00:00,16.0,76.0,31.229921875,943.04034375,5.047532808566584,0.0,30.628504873675652,943.0773905800801,2.7871422276596474,0.012873885198056328
2022-06-16 06:00:00,16.0,77.0,33.46992187500001,963.12034375,4.684002461049585,0.0,31.885547385261603,962.2058680569844,2.9104003487287478,0.01570947938948675
2022-06-16 06:00:00,16.0,78.0,32.25992187500003,972.57634375,4.259090754506008,0.0,31.777656568432402,972.1731773102379,2.6939204948873976,0.011775445576367583
2022-06-16 06:00:00,17.0,74.0,29.589921875000016,933.39234375,5.709239680289624,0.0432,28.43501288171701,935.6460683532457,3.8096056272767025,0.0758124154664215
2022-06-16 06:00:00,17.0,75.0,29.929921875000048,935.85634375,4.626529556244731,0.0,31.065627272709207,935.3904620136565,2.94179778027981,0.03370587262877806
2022-06-16 06:00:00,17.0,76.0,31.49992187500004,951.29634375,4.001601968328568,0.0,32.35172481266735,951.4284630070813,2.750472650071128,0.0072671892364106275
2022-06-16 06:00:00,17.0,77.0,28.94992187500003,959.76034375,3.88191622608842,0.0,30.90793455480622,956.629167074088,2.8659785623634417,0.031328700840808556
2022-06-16 06:00:00,17.0,78.0,30.539921875000005,937.88834375,3.543770744047724,0.8467200000000003,30.611135773362452,939.4585163120968,3.0921935659004727,0.097110703161374
2022-06-16 06:00:00,18.0,74.0,29.289921875000005,921.90434375,2.3762911277595093,0.03456,29.962198302836587,922.4490652715464,3.098254909340212,0.11888277624732552
2022-06-16 06:00:00,18.0,75.0,32.66992187500006,949.77634375,1.6575558980373968,0.0,32.4617827966336,949.2647339112958,1.9947357568847528,0.026551213766317035
2022-06-16 06:00:00,18.0,76.0,31.56992187500004,944.72034375,2.8953498129748607,0.0,31.845241812693317,945.516000012884,2.309924428094141,0.013661574167165942
2022-06-16 06:00:00,18.0,77.0,31.729921875,939.10434375,3.0124771057936788,0.0,30.89622655029718,939.5266059717059,2.4080351228482524,0.016533709964322053
2022-06-16 06:00:00,18.0,78.0,31.369921875000045,951.63234375,2.31085975453262,0.13824,31.25490807101005,950.7047366154233,2.4863247345186332,0.03062803069757731
2022-06-17 06:00:00,11.0,74.0,28.084228515625057,1008.93453125,5.137344181419631,4.00896,26.828359560009375,1008.9262181208461,4.87367799872222,0.4724625326483585
2022-06-17 06:00:00,11.0,75.0,27.784228515625045,1008.79053125,4.688497348490626,3.16224,27.00078495479245,1008.8566051706085,4.207150381879235,0.24337806237697415
2022-06-17 06:00:00,11.0,76.0,31.084228515625057,1003.54253125,2.377203349675807,0.4665600000000001,29.791167829498743,1005.3999099973533,2.4883542637307268,0.312149597427812
2022-06-17 06:00:00,11.0,77.0,31.584228515625057,961.73453125,2.6598986822969173,1.2009600000000002,30.74382713472717,958.4034527948415,2.3130958022777164,0.8215935612271573
2022-06-17 06:00:00,11.0,78.0,32.18422851562502,989.73453125,2.9452796026158325,0.0,32.739391157235474,989.0221237035241,1.4071846679254696,0.012262552917742479
2022-06-17 06:00:00,12.0,74.0,28.38422851562501,1008.82253125,4.178384442216857,2.021760000000001,27.1710918724922,1008.6578906339925,3.903312999499128,0.10314835818227301
2022-06-17 06:00:00,12.0,75.0,27.48422851562504,1008.77453125,2.16751580608219,1.5465600000000004,27.12818059233373,1008.1712480637301,2.7528869447219297,0.1527629700740179
2022-06-17 06:00:00,12.0,76.0,24.784228515625045,918.64653125,1.6678582191383586,4.33728,25.733246380730407,922.5575829856491,1.5970875471633117,0.7740184987822474
2022-06-17 06:00:00,12.0,77.0,27.684228515625023,925.22253125,2.158383922367584,2.16,26.749040617660565,920.1570416215167,1.8935792668904354,0.24114432652656442
2022-06-17 06:00:00,12.0,78.0,29.98422851562504,959.97453125,2.278130586431532,0.01728,29.32995712949474,953.2282365491627,1.7501703536798543,0.04685862697192585
2022-06-17 06:00:00,13.0,74.0,28.684228515625023,1008.64653125,2.3241382946341376,0.6307200000000001,27.004843606822444,1008.6822325249282,3.0564795581253965,0.41608298245243663
2022-06-17 06:00:00,13.0,75.0,30.784228515625045,1000.71053125,1.4181756354194557,0.5788800000000001,29.351635128534376,998.6592216335848,1.9961797887634745,0.5453352750731785
2022-06-17 06:00:00,13.0,76.0,26.584228515625057,903.97453125,2.189973838690174,0.4233600000000001,25.799553335607957,899.8047473970241,1.899451244177303,0.36898391811267445
2022-06-17 06:00:00,13.0,77.0,28.284228515625045,922.24653125,1.0208343153047057,0.2419200000000001,27.08693013713658,920.3042111973493,1.822658246004714,0.15586430924978403
2022-06-17 06:00:00,13.0,78.0,28.184228515625023,912.00653125,2.6385964034981986,0.0432,27.400432079956367,913.1347078206619,1.7920380732489507,0.14488093611652958
2022-06-17 06:00:00,14.0,74.0,27.584228515625057,1008.51853125,1.1998032732978048,5.77152,26.815115836177487,1007.6629143516927,2.818690092972143,0.7039935387360613
2022-06-17 06:00:00,14.0,75.0,28.98422851562504,941.71853125,2.7798717027371294,0.5097600000000001,27.646589854735993,939.6040549570902,2.152274164306641,0.3463296931872306
2022-06-17 06:00:00,14.0,76.0,29.38422851562501,929.0465312500002,4.386397883310391,0.01728,28.09470780058984,929.4534960152647,2.37664755875862,0.1166035861640295
2022-06-17 06:00:00,14.0,77.0,29.084228515625057,936.26253125,3.597534062676284,0.0,28.959093942745486,934.6696821255299,2.028580630785949,0.055908033407553244
2022-06-17 06:00:00,14.0,78.0,29.584228515625057,935.12653125,3.71067789408871,0.0,29.560029332442234,934.978773773203,2.1868039401702517,0.0435046267881385
2022-06-17 06:00:00,15.0,74.0,28.88422851562501,1003.79853125,2.2062469821347355,0.8380800000000002,26.898288532185845,1001.3339134145509,3.0096421600955354,0.2699282226578909
2022-06-17 06:00:00,15.0,75.0,29.784228515625045,945.33453125,3.377432046770686,0.02592,27.726524893881226,944.0997886407542,2.4723503796073794,0.17970283734211032
2022-06-17 06:00:00,15.0,76.0,30.98422851562504,945.35053125,3.2554677509428083,0.0,29.7176325686998,946.5642798131213,2.1852409636663586,0.02312038545693233
2022-06-17 06:00:00,15.0,77.0,31.48422851562504,955.35053125,2.22079099877524,0.0,31.131161086674254,953.4296837043586,1.9772068920898644,0.02736899961626077
2022-06-17 06:00:00,15.0,78.0,32.984228515625034,972.72653125,2.885597716882696,0.0,32.143147161454166,971.8761555457932,1.6305529977527775,0.03357129373443311
2022-06-17 06:00:00,16.0,74.0,28.184228515625023,953.20653125,2.5150070211613977,0.0432,27.422114242195125,953.7200925643162,2.241087426693499,0.3935141344465969
2022-06-17 06:00:00,16.0,75.0,29.284228515625045,934.56653125,3.6772963919150072,0.0,29.520114850416277,934.8651399026575,2.049426985768921,0.056108630874268005
2022-06-17 06:00:00,16.0,76.0,30.98422851562504,943.30253125,4.16375272816901,0.0,30.048424654416703,942.9851538928968,2.118242025987364,0.01254729614874143
2022-06-17 06:00:00,16.0,77.0,32.68422851562502,963.71853125,3.669876791944605,0.0,31.36521406528264,962.5301568433346,1.8187350054774682,0.03191500276966695
2022-06-17 06:00:00,16.0,78.0,32.58422851562506,973.25453125,3.1711526523672946,0.0,32.09098969763777,972.3805744799201,1.6455233844564991,0.0168822459343056
2022-06-17 06:00:00,17.0,74.0,29.184228515625023,933.41453125,4.678384654209306,0.05184,28.282630825670005,935.5629696567721,2.7531759905854982,0.11376308623130325
2022-06-17 06:00:00,17.0,75.0,29.88422851562501,936.02253125,4.204620559213384,0.0,31.06791166138623,935.2506622245535,2.2879937086901223,0.020914575766173716
2022-06-17 06:00:00,17.0,76.0,31.88422851562501,951.33453125,4.359756374904724,0.0,31.83482049245548,951.2629867822931,2.0220952808233137,0.007029858220827075
2022-06-17 06:00:00,17.0,77.0,32.18422851562502,959.51053125,3.7164973566043846,0.0,31.931418304663747,956.4780265152386,1.998953175317091,0.01183731400846993
2022-06-17 06:00:00,17.0,78.0,30.284228515625045,938.4065312500002,3.647013836807605,0.0,30.890537468478882,939.5596206048084,2.1655493716633223,0.02490408670655058
2022-06-17 06:00:00,18.0,74.0,28.48422851562504,922.03853125,1.153139593440394,0.0432,28.776445851023805,922.4213663051188,2.6211439450289533,0.2503441662929669
2022-06-17 06:00:00,18.0,75.0,31.48422851562504,950.10253125,1.4369164454409404,0.0,32.663278488447084,949.3950763368117,1.8319177297646794,0.015162614290840492
2022-06-17 06:00:00,18.0,76.0,30.98422851562504,944.83853125,3.4094930038135622,0.0,31.528423547248646,945.4833257388365,1.8902675915111187,0.011969927261911328
2022-06-17 06:00:00,18.0,77.0,30.48422851562504,939.75053125,3.389778172488376,0.0,31.69038488435979,939.683798407183,1.9180918713649464,0.019567451091039138
2022-06-17 06:00:00,18.0,78.0,31.684228515625023,952.1665312500002,3.583967264310233,0.0,31.532833101028015,950.8255804030927,2.085407590971053,0.014413713763381344
2022-06-18 06:00:00,11.0,74.0,28.50166015625001,1009.3131875,4.181842400372181,0.4147200000000002,27.151802476885077,1008.7890266504077,3.6310363513644712,0.15780862040026467
2022-06-18 06:00:00,11.0,75.0,28.00166015625001,1009.0571875,4.341432902926529,7.18848,26.67767875593724,1009.1446041353673,3.025873897453702,0.7958567824738287
2022-06-18 06:00:00,11.0,76.0,30.60166015625004,1004.0971875,1.8717008611163524,1.8835200000000003,29.13606463504498,1005.6863788526193,1.6033446997837946,0.2806069755117837
2022-06-18 06:00:00,11.0,77.0,30.701660156250057,962.2731875,3.3095417808286647,0.7084800000000001,29.748810802591095,958.9686667267456,2.6386983822040984,1.4845358672557665
2022-06-18 06:00:00,11.0,78.0,28.60166015625004,991.0571875,2.531111146312637,0.0,30.983441831710334,989.9745241169044,1.4729783726843724,0.11056217584409116
2022-06-18 06:00:00,12.0,74.0,28.60166015625004,1009.0571875,4.099206019756746,1.6761600000000003,27.018293494107613,1008.7359342144955,3.3740358920884908,0.17997014280796347
2022-06-18 06:00:00,12.0,75.0,27.201660156250057,1008.9451875,1.072226938499644,2.82528,26.628202944492166,1008.5068358546955,1.7445955965778566,0.32910561402916433
2022-06-18 06:00:00,12.0,76.0,24.401660156250045,918.6411875,1.837509500461139,3.07584,25.537678267518494,922.7655072203708,1.4164762913500055,0.36436361899666586
2022-06-18 06:00:00,12.0,77.0,27.901660156250045,925.5371875,2.334640840415945,1.5811200000000003,27.154145525454087,920.5335309171537,2.0183401778343453,0.16193491813643013
2022-06-18 06:00:00,12.0,78.0,30.50166015625001,960.4811875,1.7947620599357856,1.1404800000000002,29.371677042556882,953.9087949972749,1.4945783348504322,0.32623891930175036
2022-06-18 06:00:00,13.0,74.0,28.10166015625004,1008.9451875,4.0982540468648745,0.7603200000000002,26.72324295396785,1008.9095618008072,3.3664009626806344,0.2985880341918638
2022-06-18 06:00:00,13.0,75.0,28.901660156250045,1000.9771875,0.7190444045336801,1.8230400000000004,27.93246030112497,999.2492486406351,1.6467142226281186,1.3932913253536001
2022-06-18 06:00:00,13.0,76.0,24.801660156250023,904.2731875,3.611895291925255,2.48832,25.587559695604362,900.0827656805424,2.121328015451389,0.23528407533315226
2022-06-18 06:00:00,13.0,77.0,27.50166015625001,922.3211875,2.3178008928158755,1.8835200000000003,27.178511733118107,920.6070959026828,1.3988417778108113,0.18455048045618253
2022-06-18 06:00:00,13.0,78.0,27.801660156250023,912.3531875,2.876337197896605,2.42784,27.3068381479537,913.5362733527254,1.7750200125248572,0.14949886081325367
2022-06-18 06:00:00,14.0,74.0,28.60166015625004,1008.6091875,2.365285911593315,1.1404800000000002,26.718304440880544,1007.9954229187877,2.9981994794791227,0.45602322235327175
2022-06-18 06:00:00,14.0,75.0,28.301660156250023,941.7451875,2.67399603352956,0.4579200000000001,26.52090248496417,939.7782007540743,2.356064170116014,2.3999598634720583
2022-06-18 06:00:00,14.0,76.0,29.00166015625001,928.9931875,4.362088403110437,0.10368,28.0574948978277,929.4234278514281,2.207083380869313,0.12460927842900055
2022-06-18 06:00:00,14.0,77.0,29.00166015625001,936.4011875,3.384135884649037,0.4320000000000001,28.60060834285563,935.2016535952138,1.8400437435509567,0.22227039274984217
2022-06-18 06:00:00,14.0,78.0,29.00166015625001,935.4891875,3.267653751138853,1.2528000000000004,28.88702278957935,935.4073411633286,1.9248235458915501,0.10856356554650357
2022-06-18 06:00:00,15.0,74.0,29.201660156250057,1003.9211875,2.7807664172687976,1.5984000000000005,27.494206126636254,1001.5981498352111,2.8026388928273214,0.23527116968726555
2022-06-18 06:00:00,15.0,75.0,29.60166015625004,945.4251875,3.7392998713082894,0.06912,27.798555262083003,944.5071632893249,2.4579148954370007,0.09687269274061325
2022-06-18 06:00:00,15.0,76.0,30.60166015625004,945.4091875,3.90988065677489,0.0,29.485261092307926,946.9267284170228,2.3188469575355333,0.018505191286020625
2022-06-18 06:00:00,15.0,77.0,31.401660156250045,955.4091875,2.311870934756619,0.0,31.11426262211798,953.6034203738835,1.7713081018805288,0.01796770340951168
2022-06-18 06:00:00,15.0,78.0,32.70166015625006,973.0251875,3.914166534573957,0.0,32.36950212699072,972.2366772286507,1.9812112174675125,0.01777483637899573
2022-06-18 06:00:00,16.0,74.0,28.201660156250057,953.3771875,2.733218523694972,0.09504,27.438458118394617,954.132272937479,2.3244902277585036,0.25639229604104213
2022-06-18 06:00:00,16.0,75.0,29.801660156250023,934.4971875,3.5304569217587574,0.00864,29.09935076769281,935.2326122155234,2.2404800583017392,0.05040148172879684
2022-06-18 06:00:00,16.0,76.0,30.801660156250023,943.4571875,3.3527794195502847,0.0,30.152340054810306,943.4907699482145,2.014023585458616,0.014147430278572359
2022-06-18 06:00:00,16.0,77.0,32.601660156250034,963.7451875,3.632558136555673,0.0,31.330828466661593,962.7584719534937,1.8404058889734278,0.020137699285051693
2022-06-18 06:00:00,16.0,78.0,33.50166015625001,973.1371875,3.449690847820272,0.0,31.63890426590215,972.7546200014292,1.8761891564156727,0.023671088558616528
2022-06-18 06:00:00,17.0,74.0,28.701660156250057,933.5851875,5.160453769548209,0.05184,27.676389186938863,935.7835900803035,3.015625079305339,0.2066815908060112
2022-06-18 06:00:00,17.0,75.0,30.00166015625001,935.9531875,5.262536232638387,0.0,30.82451139098282,935.617129554329,3.1975751156591254,0.015560680817724664
2022-06-18 06:00:00,17.0,76.0,32.101660156250034,951.2971875,3.543111687748929,0.0,31.148797576349963,951.6645898741008,2.0999457854252683,0.007879511211097628
2022-06-18 06:00:00,17.0,77.0,33.101660156250034,959.4411875,3.982881840587519,0.0,31.67953777212846,956.9154787974063,2.159266229794802,0.02328811601655881
2022-06-18 06:00:00,17.0,78.0,31.201660156250057,938.4171875,4.123840657658064,0.0,30.32632481247354,940.1047535772893,2.250798275753145,0.022361006093619743
2022-06-18 06:00:00,18.0,74.0,29.00166015625001,922.0651875,1.9919541045213165,0.00864,29.703686182873014,922.5750210442064,2.965807291560407,0.08891731081492626
2022-06-18 06:00:00,18.0,75.0,31.201660156250057,950.2251875,1.2802335343858926,0.0,32.103076910912705,949.6730446840737,1.84100953517573,0.033734864949975164
2022-06-18 06:00:00,18.0,76.0,28.701660156250057,945.2171875,3.310718123664875,0.02592,30.432460985433863,945.9961575176452,2.4051570354290264,0.121849055939018
2022-06-18 06:00:00,18.0,77.0,32.20166015625006,939.2971875,4.794055105820575,0.01728,31.271718187908753,939.9649204994711,2.3141546939081175,0.04968075548996254
2022-06-18 06:00:00,18.0,78.0,34.00166015625001,951.4411875,3.5244112848132976,0.0,32.298788529887624,950.8484174251591,1.990043554648301,0.02007937980557766
2022-06-19 06:00:00,11.0,74.0,28.311083984375045,1010.0011875,4.286139497827447,0.3024,27.203279739455855,1009.9430204053573,3.382376437676298,0.505191574952973
2022-06-19 06:00:00,11.0,75.0,27.91108398437501,1009.9051875,3.8392327175217766,1.8576000000000004,26.619823507695905,1009.9614356439275,2.2542286597016385,0.6813923245451976
2022-06-19 06:00:00,11.0,76.0,29.41108398437501,1004.7211875,2.188883669067756,3.17088,29.131416007377005,1006.3958032287294,1.826817430896214,0.2643308595300982
2022-06-19 06:00:00,11.0,77.0,30.711083984375023,962.6411875,3.3723686208878503,2.45376,29.72799084084068,959.3107855536775,2.729915550276833,0.6723013394833636
2022-06-19 06:00:00,11.0,78.0,32.21108398437502,990.4971875,3.659548091539397,0.0,32.9900323114537,989.86558841873,2.0754458880314814,0.03605028876831059
2022-06-19 06:00:00,12.0,74.0,28.611083984375057,1009.7451875,4.339718053187862,0.7257600000000002,27.428836477011817,1009.726938067867,2.5790083814355826,0.19472251207265948
2022-06-19 06:00:00,12.0,75.0,28.01108398437504,1009.5051875,2.9453429620295744,1.8144000000000005,26.825144789423636,1009.6007401102776,1.7398986983328686,0.28525253468159256
2022-06-19 06:00:00,12.0,76.0,26.41108398437501,918.9771875,2.279339803400926,5.3136,25.98730184970226,923.3897760581095,1.986377039587995,0.3160951809387952
2022-06-19 06:00:00,12.0,77.0,28.111083984375057,925.6811875,2.106428798492314,2.74752,27.3957656569091,920.8110549079784,2.295562450724334,0.19640723869947754
2022-06-19 06:00:00,12.0,78.0,30.91108398437501,960.6251875,2.1696256220275414,0.0432,29.90243759118026,954.1856369898811,2.016181045638888,0.05624787930106361
2022-06-19 06:00:00,13.0,74.0,27.611083984375057,1009.7451875,3.5771026306751947,1.9440000000000004,26.782686518711408,1009.8475817172356,2.0374171131099734,0.3195332348724532
2022-06-19 06:00:00,13.0,75.0,28.711083984375023,1001.5051875,2.235462322392512,8.01792,27.42706641743912,999.7382954535321,2.0756202124353984,0.6078110786454858
2022-06-19 06:00:00,13.0,76.0,26.01108398437504,904.3851875,3.611545863387609,5.84928,25.591497629961594,900.4485955652383,2.7272887653422426,0.39981233499504865
2022-06-19 06:00:00,13.0,77.0,27.611083984375057,922.4811875,2.027382435303499,3.27456,27.14564805785925,920.8022774032661,2.169543157463916,0.19442008513851677
2022-06-19 06:00:00,13.0,78.0,27.91108398437501,912.6251875,2.649566692889782,0.44928,27.454688583210306,913.9779460530559,2.3440353149106885,0.42407759522183963
2022-06-19 06:00:00,14.0,74.0,27.611083984375057,1009.5851875,2.729471638916408,4.33728,26.599984645711558,1009.2009311678961,2.4342720506304016,0.8931164319762748
2022-06-19 06:00:00,14.0,75.0,27.01108398437504,942.2891875,2.765361118751428,2.40192,25.060545645490464,940.2857438975274,2.3694977466614833,1.7120391418617615
2022-06-19 06:00:00,14.0,76.0,27.41108398437501,929.5531875,3.939799836523141,0.5356800000000002,26.711117073401017,930.4961829087035,3.14689988064418,0.2890355695477378
2022-06-19 06:00:00,14.0,77.0,28.01108398437504,936.9131875,4.003743243378504,0.02592,28.21140271148705,935.5539451282931,3.03006883510291,0.22620406787092984
2022-06-19 06:00:00,14.0,78.0,28.811083984375045,935.7611875,3.065030865578012,2.1168000000000005,28.65971531339021,935.7172371096119,2.6642713462370837,0.14738324160792193
2022-06-19 06:00:00,15.0,74.0,27.91108398437501,1004.8651875,2.744147233828804,8.60544,26.249173288994484,1002.4519099770633,3.6738531179867717,0.9053968614863234
2022-06-19 06:00:00,15.0,75.0,29.811083984375045,945.8411875,3.942677721441232,1.0108800000000002,27.35734476152871,945.0373478625654,2.7132705089823035,1.142546592290482
2022-06-19 06:00:00,15.0,76.0,30.711083984375023,945.6811875,3.702878723075504,0.0,29.296121417781322,947.23348689455,3.42299443042037,0.04754900697560772
2022-06-19 06:00:00,15.0,77.0,30.51108398437504,955.8251875,1.656730206892562,0.0,30.61200041911681,953.9203907127217,2.356749430630122,0.03332687773516906
2022-06-19 06:00:00,15.0,78.0,32.011083984375034,973.4091875,3.685075553350164,0.0,31.54264065083186,972.6179858531617,2.5941831729898697,0.028729499362380378
2022-06-19 06:00:00,16.0,74.0,28.211083984375023,954.0331875,2.725410384793389,1.0368000000000002,25.997277669070844,954.5118594415899,2.4714967915275508,2.13316922654155
2022-06-19 06:00:00,16.0,75.0,29.91108398437501,935.1051875,3.7138627678089793,0.1296,28.406445021569663,935.4962235495678,3.233404719033467,0.07606873641001038
2022-06-19 06:00:00,16.0,76.0,30.611083984375057,943.8251875,3.634990482588421,0.0,29.836307889618784,944.0064426246832,3.0518175611610245,0.0772292384333583
2022-06-19 06:00:00,16.0,77.0,32.11108398437506,964.1291875000002,3.7713035565358095,0.0,30.722000624853877,963.0040138840353,2.486626511960903,0.07910520270843714
2022-06-19 06:00:00,16.0,78.0,33.71108398437502,973.0731875,3.6247101645867352,0.0,31.35494336887571,972.8126615292465,2.2127715119415914,0.08434630194761057
2022-06-19 06:00:00,17.0,74.0,28.811083984375045,933.9211875,5.055195110515855,0.01728,27.418666877305423,936.2332414600263,2.8463666831485948,0.14826306626504196
2022-06-19 06:00:00,17.0,75.0,29.91108398437501,936.4331875,4.767753008279846,0.0,30.357303593937857,935.9236160975004,3.474776931944119,0.048805794621737765
2022-06-19 06:00:00,17.0,76.0,30.711083984375023,951.8891875000002,3.726319803144286,0.0,30.142733351255252,952.0185292685187,3.07422009304934,0.09373543060659999
2022-06-19 06:00:00,17.0,77.0,32.61108398437506,959.7931875,3.923729777782266,0.0,30.680768245529883,957.1038117465612,2.2833673722344456,0.10910860091784859
2022-06-19 06:00:00,17.0,78.0,32.311083984375045,938.3371875,3.8875260120101154,0.0,30.224631745917996,940.2900139423153,2.3271432302657398,0.11297993178351261
2022-06-19 06:00:00,18.0,74.0,29.811083984375045,922.2571875,3.1074380505805577,0.01728,29.628886445765886,922.9428199149868,3.0691227350302808,0.0715954737591689
2022-06-19 06:00:00,18.0,75.0,32.21108398437502,950.2731875,1.7766160386371534,0.0,32.3141983385344,949.8986834539946,2.5744968210500323,0.039136318437097715
2022-06-19 06:00:00,18.0,76.0,28.91108398437501,945.6651875,2.7867733687023053,0.0,30.82734809001323,946.2735696024469,2.6072498569751206,0.0659368974280507
2022-06-19 06:00:00,18.0,77.0,29.41108398437501,940.2091875,2.771843661377346,0.0,30.30867312785716,940.0333268808771,2.250447448132824,0.11267411018965641
2022-06-19 06:00:00,18.0,78.0,32.41108398437501,952.3211875,3.3722768597291424,0.0,31.118376795294363,951.2246837840717,2.156774946667458,0.0718986974445098
2022-06-20 06:00:00,11.0,74.0,28.57941894531251,1009.397875,5.462429734785265,0.4233600000000001,27.296260400822728,1009.1536701845891,5.494289038082007,0.28008596593322216
2022-06-20 06:00:00,11.0,75.0,28.27941894531256,1009.429875,4.672045861637862,0.216,26.898054592219548,1009.6099050165864,5.068499588074205,0.6567670784594994
2022-06-20 06:00:00,11.0,76.0,30.27941894531256,1004.229875,2.6193512667525325,0.2073600000000001,29.215734793567464,1006.0510546522227,2.4968399737118214,0.29372168548284355
2022-06-20 06:00:00,11.0,77.0,30.17941894531253,962.021875,4.283213034677936,0.18144,29.802745067606846,958.5605577119571,3.76573613021821,0.04662630406063086
2022-06-20 06:00:00,11.0,78.0,32.179418945312534,989.909875,3.76124070937669,0.0,33.03512019150927,989.0568772846076,2.736281653391404,0.009947718253357132
2022-06-20 06:00:00,12.0,74.0,28.27941894531256,1009.221875,5.54762135243261,1.3910400000000005,27.231982703596042,1008.9875871280399,5.178987342722576,0.2395664322020337
2022-06-20 06:00:00,12.0,75.0,28.27941894531256,1009.269875,2.2858804106946344,1.0022400000000002,26.451817508322957,1008.8297371352887,3.3429966052022984,0.7930648593863434
2022-06-20 06:00:00,12.0,76.0,25.57941894531251,918.773875,2.4584230177939976,0.19008,25.675856361996725,923.0799340007007,2.913613354390894,0.17166620880591107
2022-06-20 06:00:00,12.0,77.0,26.879418945312523,925.477875,3.218179998687239,0.00864,26.70588005419697,920.3551028461751,3.480444738463103,0.05815394726780511
2022-06-20 06:00:00,12.0,78.0,29.57941894531251,960.117875,2.958059812700395,0.0,29.379012617060575,953.1933241877629,2.7610591619675193,0.012521174974058047
2022-06-20 06:00:00,13.0,74.0,27.979418945312545,1008.949875,5.050258843734271,5.77152,26.42143348745806,1009.3145259980959,4.755406868285984,0.9493621262337727
2022-06-20 06:00:00,13.0,75.0,30.17941894531253,1000.9338750000002,2.5051440503362223,1.8403200000000008,28.395535936223546,999.3868871144446,2.7696428298166347,1.0815026475785117
2022-06-20 06:00:00,13.0,76.0,25.17941894531253,904.213875,5.570052118217003,0.2764800000000001,25.534830518228645,900.0095164504502,4.508058061935831,0.09096787348408457
2022-06-20 06:00:00,13.0,77.0,26.479418945312545,922.485875,3.512448194408527,0.3110400000000001,26.34888433963733,920.4090453035823,3.4706681342085024,0.10736523450204775
2022-06-20 06:00:00,13.0,78.0,26.67941894531253,912.117875,5.156810522000006,0.01728,26.536525819773804,913.1976508133598,3.9976569988120385,0.030857129763995572
2022-06-20 06:00:00,14.0,74.0,27.67941894531253,1008.661875,4.543533322512197,8.01792,26.38726157163501,1008.1244763401527,4.848791916051345,1.5355835412642442
2022-06-20 06:00:00,14.0,75.0,27.27941894531256,941.749875,4.093475024644476,0.4147200000000002,25.820995804874286,939.8726105799768,3.606983284363109,0.9960460254799222
2022-06-20 06:00:00,14.0,76.0,27.67941894531253,928.789875,6.908636708212408,0.00864,26.8989493710288,929.5218566568524,4.854749444733528,0.07501385809601871
2022-06-20 06:00:00,14.0,77.0,28.07941894531251,936.133875,6.519844001564136,0.00864,27.875086962432476,934.7311956015749,4.5796635191594355,0.042980284714501
2022-06-20 06:00:00,14.0,78.0,28.27941894531256,935.077875,6.588371802046198,0.0,28.295022910100524,935.1197724998481,4.482340908045464,0.03601481839119934
2022-06-20 06:00:00,15.0,74.0,28.479418945312545,1003.829875,3.347223091732249,6.091200000000001,26.128261356183273,1001.5516441484651,3.2029391119036217,1.3803219775180389
2022-06-20 06:00:00,15.0,75.0,27.67941894531253,945.109875,5.650257558949523,0.15552,26.67671695657475,944.0659621899199,4.787990285446741,0.13922038990057595
2022-06-20 06:00:00,15.0,76.0,30.07941894531251,944.885875,7.318418800819271,0.00864,28.428822341375053,946.2376128286901,5.254758547163139,0.03995579540608036
2022-06-20 06:00:00,15.0,77.0,30.979418945312545,954.9338750000002,6.607953247942775,0.0,30.3038254784379,953.1525018800733,4.580488005555982,0.03046118444533065
2022-06-20 06:00:00,15.0,78.0,31.979418945312545,972.469875,5.841120413048498,0.0,31.0246215784384,971.7105700891267,3.9365372196464734,0.022966257584382158
2022-06-20 06:00:00,16.0,74.0,27.27941894531256,953.173875,3.542255779840012,2.85984,25.517944029696746,953.9281981373834,2.7452897300932793,0.4498433650921162
2022-06-20 06:00:00,16.0,75.0,29.379418945312523,934.037875,7.867249406040285,0.02592,28.104689278288728,934.6393085402716,5.550300862580745,0.06204489842397425
2022-06-20 06:00:00,16.0,76.0,29.479418945312545,942.757875,7.7539622169923135,0.0,29.3918032187727,942.4484698271697,5.352741507093273,0.03801789435743009
2022-06-20 06:00:00,16.0,77.0,32.07941894531251,963.093875,6.927421150960776,0.0,30.84905176568576,961.9340259673681,4.5984978548145605,0.019470457588031318
2022-06-20 06:00:00,16.0,78.0,31.879418945312523,972.309875,6.069655300174382,0.0,30.720216939390976,971.804449005238,3.8088288016504905,0.024908797514857497
2022-06-20 06:00:00,17.0,74.0,28.77941894531256,932.885875,7.675291619818957,1.6416000000000004,25.76401684634069,934.8112848018385,4.249574788385321,0.2985996103848371
2022-06-20 06:00:00,17.0,75.0,30.57941894531251,935.013875,8.70371500940191,0.0,29.730305232637583,934.849205142331,6.620276089693634,0.05248616027988629
2022-06-20 06:00:00,17.0,76.0,30.57941894531251,950.773875,7.848723300965736,0.0,30.102492840790983,950.8700480817064,6.06450702744193,0.06466652706126312
2022-06-20 06:00:00,17.0,77.0,32.07941894531251,958.677875,6.616977445311651,0.0,30.75519870134915,955.7992245118786,4.640174769628113,0.025656508596875016
2022-06-20 06:00:00,17.0,78.0,30.07941894531251,937.461875,6.152315508589578,0.01728,29.220485130076245,938.8649902148155,4.602641348798987,0.05655475172060878
2022-06-20 06:00:00,18.0,74.0,29.07941894531251,921.221875,5.996290799616041,1.3824000000000003,27.129900924933875,922.0785142782142,4.483077641015317,0.2641158721609524
2022-06-20 06:00:00,18.0,75.0,32.679418945312534,948.981875,6.250623436409712,0.0,30.849082468850533,948.9617678181348,5.208396997483924,0.03625110921705906
2022-06-20 06:00:00,18.0,76.0,30.17941894531253,944.085875,5.328931467013107,0.00864,30.046180681607346,944.8299823101456,4.844493422146034,0.03622406994093914
2022-06-20 06:00:00,18.0,77.0,30.57941894531251,938.6938750000002,5.050860131735668,0.03456,30.36872089303571,938.9324408341281,4.1759264066186494,0.03860811375593376
2022-06-20 06:00:00,18.0,78.0,31.879418945312523,950.949875,4.451788728680863,0.02592,30.682874686341528,949.7067816333205,3.798351286655819,0.030223875241493458
2022-06-21 06:00:00,11.0,74.0,28.19836425781256,1008.25653125,9.169251523849963,3.74976,27.12243505416308,1008.4452443318416,6.865055893534262,0.4189485699154766
2022-06-21 06:00:00,11.0,75.0,27.99836425781251,1008.27253125,8.182869848460479,6.15168,26.326478357012007,1008.6159244962731,5.776265201840607,0.6993832986130689
2022-06-21 06:00:00,11.0,76.0,28.798364257812523,1003.48853125,2.6246286794307663,4.85568,27.22504058824567,1005.2251913990473,2.82399271634634,0.6526612418812725
2022-06-21 06:00:00,11.0,77.0,30.298364257812523,960.80053125,5.422983763773972,1.6070400000000005,29.461712236212673,957.560741379524,4.718508731756553,0.157440254909094
2022-06-21 06:00:00,11.0,78.0,31.99836425781251,988.70453125,4.664906971478288,0.0,32.246202918896834,987.9633024700328,4.2594785833306865,0.011900520218206954
2022-06-21 06:00:00,12.0,74.0,28.298364257812523,1007.74453125,8.921349580731002,3.59424,26.773891531755012,1008.0276740478464,6.8241057953814375,0.5987705805830554
2022-06-21 06:00:00,12.0,75.0,26.898364257812545,1008.30453125,4.574713929944472,9.2448,26.009979404767314,1008.1166496648424,4.893022032310606,1.0571609202593473
2022-06-21 06:00:00,12.0,76.0,22.99836425781251,917.85653125,2.4210180180975502,2.55744,22.359059140845233,922.4850965362436,2.757501614804419,0.8251505307900978
2022-06-21 06:00:00,12.0,77.0,26.19836425781256,924.12853125,5.236667900022386,0.4320000000000001,25.499686844771052,919.5861367301478,4.969245451062699,0.12523857432656094
2022-06-21 06:00:00,12.0,78.0,29.798364257812523,958.84853125,4.266623609278168,0.01728,28.83292409550991,952.2399816943249,4.380622769667193,0.04050706345362624
2022-06-21 06:00:00,13.0,74.0,27.898364257812545,1007.40853125,8.143603160358817,8.08704,26.21979830364039,1007.8867100600002,6.233249651970771,1.0254095500339138
2022-06-21 06:00:00,13.0,75.0,24.49836425781251,1000.19253125,0.1608551725345336,11.87136,25.386780354516834,998.7767012602784,2.021820823055274,2.388082704662382
2022-06-21 06:00:00,13.0,76.0,21.09836425781253,903.12053125,5.211059623925756,1.0195200000000002,23.17272286150396,898.9493365886516,3.958354371478042,0.2968319389480955
2022-06-21 06:00:00,13.0,77.0,25.898364257812545,921.05653125,6.6401806337946665,1.4860800000000003,26.084238596784715,919.3847849731603,4.571334674277691,0.1263293107988714
2022-06-21 06:00:00,13.0,78.0,26.898364257812545,910.57653125,7.464741786771444,0.0864,26.293504902091506,911.7363286874067,5.763940041189246,0.04674535989078067
2022-06-21 06:00:00,14.0,74.0,27.69836425781256,1006.88053125,7.350940317840499,11.18016,26.166919685234216,1006.5507717782144,6.226767062988625,1.5263012456096827
2022-06-21 06:00:00,14.0,75.0,21.49836425781251,940.51253125,1.7856910432002198,6.60096,23.111374667174587,938.5347034304363,2.2575554456678915,1.880283638956285
2022-06-21 06:00:00,14.0,76.0,24.898364257812545,927.72853125,7.0284224156033845,2.021760000000001,25.256818577734137,928.6599081724733,3.9634925648696733,0.19172140599851323
2022-06-21 06:00:00,14.0,77.0,25.49836425781251,935.00853125,5.513811978210933,3.07584,26.994828690264043,933.9816133740234,5.087624458921933,0.20339925463288072
2022-06-21 06:00:00,14.0,78.0,27.798364257812523,933.63253125,8.020475656569557,0.15552,28.075847543055854,933.6970247236909,5.422955162601347,0.04639887313759979
2022-06-21 06:00:00,15.0,74.0,25.298364257812523,1002.36853125,2.965497119510992,21.63456,25.525847607253993,1000.2630922390609,4.32423933655952,1.482698435714841
2022-06-21 06:00:00,15.0,75.0,22.99836425781251,944.32053125,3.9207034569664425,2.592,23.940837654596574,943.3756226539551,3.513810006712832,0.4996135524337722
2022-06-21 06:00:00,15.0,76.0,26.298364257812523,943.98453125,7.784454531019852,0.8640000000000002,27.434338335316262,945.4297755959657,5.934360265041629,0.6112672625420327
2022-06-21 06:00:00,15.0,77.0,28.49836425781251,953.93653125,6.689446859709319,0.0,29.214946531884348,951.9304055662744,5.090872566906269,0.059551267316945294
2022-06-21 06:00:00,15.0,78.0,31.398364257812545,970.97653125,6.83098092246594,0.0,31.277122845961767,970.1814947663102,4.566506685777881,0.022533425181808175
2022-06-21 06:00:00,16.0,74.0,22.19836425781256,951.61653125,1.9799021370938048,11.85408,23.920639137731456,952.2964349661502,2.4011725197906935,1.7869825968912698
2022-06-21 06:00:00,16.0,75.0,22.898364257812545,933.00853125,5.8345399156365465,0.9331200000000002,24.582330917955986,933.850984543242,4.330168522023931,0.7877853378942241
2022-06-21 06:00:00,16.0,76.0,26.99836425781251,941.63253125,8.063197866588037,0.4320000000000001,27.47593346850214,941.4690043131749,5.486171652824063,0.8262206312606932
2022-06-21 06:00:00,16.0,77.0,29.798364257812523,961.80853125,6.377742847582559,2.0736000000000003,29.88349033716798,960.6167418484248,4.364919611658249,0.27831981200307676
2022-06-21 06:00:00,16.0,78.0,29.69836425781256,971.05653125,6.008094464433992,0.01728,30.10747960201057,970.7148802585585,4.271506237442888,0.15725186304676245
2022-06-21 06:00:00,17.0,74.0,21.99836425781251,931.34453125,2.26489038129122,14.06592,24.32152033680556,933.617206204656,2.3906152954777,0.9667976402547224
2022-06-21 06:00:00,17.0,75.0,27.19836425781256,933.69653125,7.3901169600626835,0.05184,27.290530991559592,933.859122458268,5.514004809944444,0.08134473757330336
2022-06-21 06:00:00,17.0,76.0,30.09836425781253,949.10453125,7.276470270768298,0.3801600000000001,29.25769078023725,949.36741679623,5.802469574430228,0.08531802334110632
2022-06-21 06:00:00,17.0,77.0,30.798364257812523,956.96053125,6.516173873150169,3.92256,29.825664279724865,954.3620570779376,4.606708311721691,1.0368604333926599
2022-06-21 06:00:00,17.0,78.0,27.99836425781251,935.95253125,4.911239771739463,2.92032,28.09275096048547,937.451614153572,4.430367258304219,0.26040312273927163
2022-06-21 06:00:00,18.0,74.0,28.898364257812545,918.91253125,4.09426380027211,1.5033600000000005,26.467239279642843,919.9070012522219,3.8949955286988667,0.27153414102427864
2022-06-21 06:00:00,18.0,75.0,30.59836425781253,947.23253125,2.866968387712095,2.26368,30.56560300496562,946.9212285377778,3.8121791599480246,0.2298259459614077
2022-06-21 06:00:00,18.0,76.0,26.898364257812545,942.6565312500002,3.861594164843451,0.5702400000000001,28.84386646293927,942.9898219919843,3.987263417896356,0.42321609363147034
2022-06-21 06:00:00,18.0,77.0,28.69836425781256,937.05653125,5.567785092102929,3.5424,29.184242669760113,937.186233200661,4.602181590943768,0.344793475300515
2022-06-21 06:00:00,18.0,78.0,29.898364257812545,949.36053125,4.218172596112399,2.35008,29.560467503322762,948.362715442896,3.8675053317951686,0.18248097505986224
2022-06-22 06:00:00,11.0,74.0,28.33505859375004,1008.7229375000002,7.678954357807372,1.0281600000000002,26.78552006980276,1008.6513192903639,5.610827554081962,0.31258134368985535
2022-06-22 06:00:00,11.0,75.0,26.935058593750057,1008.9629375,5.558638023803983,9.12384,26.411480642261854,1009.1161430235719,4.901573475053429,0.49967249515005524
2022-06-22 06:00:00,11.0,76.0,26.435058593750057,1004.6109375,0.4374870422096275,0.8985600000000001,27.389941894354216,1006.2293318107936,1.5376928684812166,0.7132337030249633
2022-06-22 06:00:00,11.0,77.0,25.135058593750045,962.4989375,5.436508958266534,0.0,28.17267561504306,958.6581564642858,5.174027284388436,0.23281789427823593
2022-06-22 06:00:00,11.0,78.0,31.435058593750057,989.8749375,6.463841252709284,0.0,32.298312581059015,988.7978104196307,4.777602306595287,0.004603906377974415
2022-06-22 06:00:00,12.0,74.0,27.435058593750057,1008.2269375,7.19731455351359,9.57312,26.115319962839592,1008.514201307795,6.017175832305683,0.9307273576863088
2022-06-22 06:00:00,12.0,75.0,26.83505859375004,1008.8189375,3.3845998006468694,9.40032,26.302581020968393,1008.5333827447854,4.4963051589734455,1.3258782224577164
2022-06-22 06:00:00,12.0,76.0,24.23505859375001,918.4189375,2.862826705904294,1.6329600000000004,24.17381662299209,922.8094888918781,2.905903796536093,0.281083471234449
2022-06-22 06:00:00,12.0,77.0,23.135058593750045,925.1709375,3.8814319842087697,0.05184,23.97863990977776,919.9937499102542,4.121700835507141,0.12503846882302827
2022-06-22 06:00:00,12.0,78.0,25.535058593750023,960.3709375,1.8274824498429911,0.0,27.48327857206216,953.0506060723759,3.114798054959164,0.3523372972852793
2022-06-22 06:00:00,13.0,74.0,27.83505859375004,1007.6509375,7.305337747795577,12.38112,26.0239745767516,1008.3309229094574,6.729902531952118,1.3455456586453836
2022-06-22 06:00:00,13.0,75.0,26.635058593750045,1000.6109375,2.0511667887581577,9.55584,26.186103401419633,998.8229954026051,3.1329309470709674,3.1439086757017707
2022-06-22 06:00:00,13.0,76.0,22.635058593750045,903.6989375,5.531627091664979,1.6675200000000003,22.912680341015864,899.7003173570108,4.963954776224527,0.23137173399793065
2022-06-22 06:00:00,13.0,77.0,26.435058593750057,921.7789375,5.094523260420794,0.4752000000000002,25.489358737191207,920.1919778475913,4.320500142201844,0.0851855702708832
2022-06-22 06:00:00,13.0,78.0,26.83505859375004,911.6029375000002,6.711638996004424,0.00864,26.418408557940843,912.850498090939,5.256032767298704,0.014692298077900352
2022-06-22 06:00:00,14.0,74.0,26.935058593750057,1007.4109375,5.968004617642557,13.6944,26.09188064035463,1006.8748442370643,6.774168402765913,1.8328860541525924
2022-06-22 06:00:00,14.0,75.0,21.33505859375004,941.0109375,1.7291579233879684,4.4496,23.180912845690475,938.896454587556,2.9535558650081035,2.8042048393487558
2022-06-22 06:00:00,14.0,76.0,25.635058593750045,928.3709375,6.705535790981402,2.34144,24.582135034920736,929.4704150988082,4.303632077174366,0.23272105622386974
2022-06-22 06:00:00,14.0,77.0,25.135058593750045,936.1629375,4.887613706017463,0.2419200000000001,26.52774806218196,934.604769082674,4.560365660931204,0.11998526297128223
2022-06-22 06:00:00,14.0,78.0,28.135058593750045,934.5949375,6.44000920568658,0.01728,28.466118034724897,934.6188852682433,4.651732295242778,0.04361206179188232
2022-06-22 06:00:00,15.0,74.0,25.83505859375004,1002.8189375,1.9418783040263368,4.19904,25.74765620883013,1000.6465540436636,3.5544753554472233,2.661942650197208
2022-06-22 06:00:00,15.0,75.0,24.33505859375004,944.6429375,4.623179977619377,0.4233600000000001,24.546967925343925,943.7168536442852,3.983739360984658,0.7550046404837626
2022-06-22 06:00:00,15.0,76.0,24.33505859375004,944.9149375,5.76650754085538,0.3888000000000001,25.794925438563496,946.2439033401985,4.6766636985927,0.43286153844349895
2022-06-22 06:00:00,15.0,77.0,28.83505859375004,954.9949375,6.936563475989914,0.01728,28.693210948987126,952.9469682360615,5.11323152323619,0.17748538694558239
2022-06-22 06:00:00,15.0,78.0,30.23505859375001,972.5149375,7.418008395101522,0.0,31.074722877702406,971.5004787403433,4.894259410516492,0.008275321155411222
2022-06-22 06:00:00,16.0,74.0,21.135058593750045,952.1949375,1.1192079697197213,12.84768,24.06185926921501,952.5440758341665,2.0928560938712666,2.215157365320041
2022-06-22 06:00:00,16.0,75.0,23.035058593750023,933.5869375,5.894070445871036,2.0390400000000004,25.482898452352828,934.0351118906228,4.142028481383425,0.5227906907991233
2022-06-22 06:00:00,16.0,76.0,26.935058593750057,942.4509375,6.651532697181278,0.3456000000000001,28.427428332926876,942.2040404011226,4.600279108738076,0.17859957893492773
2022-06-22 06:00:00,16.0,77.0,31.635058593750045,962.5309375,5.468142255515528,0.00864,31.310200173381958,961.3608690692995,4.525821513161983,0.03559841405191236
2022-06-22 06:00:00,16.0,78.0,31.035058593750023,972.1629375,5.099877654398751,0.00864,30.772904182603718,971.728422207461,4.110199095372976,0.04543371627974098
2022-06-22 06:00:00,17.0,74.0,25.435058593750057,931.7789375,3.1311807104658644,3.4992,25.496911679767198,934.2151858762713,2.387332758764702,0.5606940244230535
2022-06-22 06:00:00,17.0,75.0,26.035058593750023,934.8189375,4.254827094431404,2.064960000000001,27.099836977965207,934.4661605213043,3.4078290011277748,0.5341387051191891
2022-06-22 06:00:00,17.0,76.0,29.23505859375001,950.2429375000002,4.400461408800617,1.2787200000000003,29.43362097401107,950.3712730239681,4.2032623147719566,0.28666013092079473
2022-06-22 06:00:00,17.0,77.0,29.435058593750057,958.5629375,3.904473044579938,0.12096,30.069119697057545,955.6773013801666,3.686391414083228,0.10216404841416794
2022-06-22 06:00:00,17.0,78.0,27.83505859375004,937.3469375,4.5452672887911065,0.01728,27.550626287207844,938.7868890574747,4.108934411958731,0.5268088600136334
2022-06-22 06:00:00,18.0,74.0,25.83505859375004,920.4669375,1.6007298109694617,0.6220800000000001,26.130797910441807,921.0568498004366,2.044236106491401,0.2857557272606735
2022-06-22 06:00:00,18.0,75.0,30.33505859375004,948.4829375000002,0.1854454887260091,0.0,29.813082207981466,948.4420771274591,2.058043190951085,0.06041808952204158
2022-06-22 06:00:00,18.0,76.0,26.035058593750023,943.8909375,1.5139409909936064,0.00864,28.062947799965627,944.6873009588884,2.7079257927074067,0.16113966605909516
2022-06-22 06:00:00,18.0,77.0,27.635058593750045,938.6589375,3.2917570116314425,0.2073600000000001,29.333799673609303,938.762404372266,2.8509308319405267,0.3264461732006202
2022-06-22 06:00:00,18.0,78.0,30.635058593750045,950.6109375,3.507933873873411,1.5638400000000003,29.087016792690484,949.6260058261113,3.3226588171410016,0.6132538019268116
2022-06-23 06:00:00,11.0,74.0,27.85505371093751,1009.6811875,5.404449330088866,3.66336,26.511010435884096,1009.6624679406737,6.238217611399913,0.7712160405534945
2022-06-23 06:00:00,11.0,75.0,26.655053710937523,1009.8731875,1.5858449335590354,6.963839999999999,26.486873706794434,1009.7324480338492,3.696985562742935,0.5647780114784117
2022-06-23 06:00:00,11.0,76.0,27.85505371093751,1004.8971875,1.5293591571685097,0.0,28.572732750078472,1006.4102807196822,1.6553080365888624,0.5212237292419338
2022-06-23 06:00:00,11.0,77.0,30.755053710937545,962.3851875,4.692028578412391,0.06912,29.868719645783724,958.8982625565204,4.269051753344575,0.06279820889650918
2022-06-23 06:00:00,11.0,78.0,33.15505371093752,990.2571875,4.613320123457506,0.0,33.745420086059504,989.5721569130952,4.126739224402983,0.005142341587924681
2022-06-23 06:00:00,12.0,74.0,27.35505371093751,1009.7611875,3.8928069719764298,7.5168,26.40946867109321,1009.4441830469578,5.178168657090393,0.9798103802446418
2022-06-23 06:00:00,12.0,75.0,27.45505371093753,1009.5211875,3.709247872317899,4.16448,26.57174760979512,1009.3734339044445,3.8068754368272484,0.8036766147897466
2022-06-23 06:00:00,12.0,76.0,25.255053710937545,919.1851875,2.5778466048503765,0.0864,24.980409303111873,923.5904276163492,2.8460208066923816,0.37832113285919033
2022-06-23 06:00:00,12.0,77.0,28.45505371093753,925.4091875,4.612903686706034,0.0,26.822718021754316,920.6084953130342,4.0401877480898145,0.02471688790638144
2022-06-23 06:00:00,12.0,78.0,29.35505371093751,960.6251875,2.73745366024098,0.0,29.220522345959562,954.2244610053175,2.6931035038397226,0.012758308293152054
2022-06-23 06:00:00,13.0,74.0,27.255053710937545,1009.4411875,5.145009056491621,6.87744,26.401626012202822,1009.444226378651,5.569909627127291,1.1063484012046292
2022-06-23 06:00:00,13.0,75.0,28.155053710937523,1001.3771875,1.4342141549162206,3.888,26.580749424997734,999.5347410109125,2.583036143870451,1.4234145176232753
2022-06-23 06:00:00,13.0,76.0,21.755053710937545,904.8971875,3.972153148818643,0.3801600000000001,23.36420177444608,900.6830489547888,4.105514283755949,0.3286799128700528
2022-06-23 06:00:00,13.0,77.0,27.155053710937523,922.7211875,5.7827664061063135,0.0,26.221331356976062,920.7227280421157,4.669014055770279,0.05115731739387559
2022-06-23 06:00:00,13.0,78.0,26.35505371093751,912.6251875,5.995426498132206,0.0,25.964820925935925,913.8872374251976,4.8836154990110705,0.028733189577148734
2022-06-23 06:00:00,14.0,74.0,27.05505371093756,1008.9771875,6.4933815371564245,6.16896,26.428473336375284,1008.250863845,5.540253562691322,1.0855270279592062
2022-06-23 06:00:00,14.0,75.0,26.255053710937545,942.0011875,3.953696867970871,0.9849600000000004,24.288625957769398,939.8897829598457,3.493441577958016,1.5640605067714837
2022-06-23 06:00:00,14.0,76.0,27.05505371093756,929.3771875,6.619311674112124,0.05184,25.873191585457686,930.3701681275004,4.584646843757079,0.18419029910507667
2022-06-23 06:00:00,14.0,77.0,28.155053710937523,936.5451875,6.558854858409774,0.0,27.597969711041586,935.4118324053322,4.5424898793276505,0.07144319694675151
2022-06-23 06:00:00,14.0,78.0,29.655053710937523,935.2651875,5.234916450817995,0.0,29.155414455836564,935.1735766936563,4.177855801195154,0.01041005044012704
2022-06-23 06:00:00,15.0,74.0,27.35505371093751,1004.1451875,4.812327706227308,7.36128,25.748607524572343,1001.5132405433731,3.8165148369388917,1.458166223156072
2022-06-23 06:00:00,15.0,75.0,26.45505371093753,945.6491875000002,4.678809459882782,0.8121600000000001,25.47674995837984,944.7936585005559,3.771674330804896,0.5360758389381108
2022-06-23 06:00:00,15.0,76.0,28.55505371093756,945.5211875,7.0562401117466935,0.05184,26.835934561172937,947.1227558207405,4.780118876328327,0.3697307857834266
2022-06-23 06:00:00,15.0,77.0,30.55505371093756,955.6171875,6.834266812127658,0.01728,28.82386556671602,953.7515897063985,4.872230822117323,0.13034626557197085
2022-06-23 06:00:00,15.0,78.0,32.55505371093756,972.9771875,7.143642148612673,0.0,32.18820246122343,972.0091661537422,4.4489049984694455,0.008133099305089039
2022-06-23 06:00:00,16.0,74.0,25.35505371093751,953.2171875,2.6128960156963266,3.59424,25.58027300025998,953.6512820008757,2.548232124107238,0.6532891331158533
2022-06-23 06:00:00,16.0,75.0,28.155053710937523,934.2091875,7.294023154761789,0.6739200000000002,27.266873725579455,934.6970254630803,5.023367730230208,0.11380938530785421
2022-06-23 06:00:00,16.0,76.0,30.255053710937545,943.0091875000002,6.5552561249910255,0.2937600000000001,28.525518474904874,943.2268189299999,4.76927137166216,0.08767165207807909
2022-06-23 06:00:00,16.0,77.0,31.45505371093753,963.7771875,5.963033459984643,0.0,30.915170596669782,962.6074019882549,4.337256725018845,0.026717185553668164
2022-06-23 06:00:00,16.0,78.0,32.85505371093751,972.8811875,5.006655709603547,0.0,31.286171614374247,972.2869072805952,3.9452307318867725,0.05135093831754404
2022-06-23 06:00:00,17.0,74.0,26.755053710937545,932.9131875,3.918304217065662,4.78656,26.87983201318252,935.1651790093778,3.1293555276080154,0.5501855977505624
2022-06-23 06:00:00,17.0,75.0,28.35505371093751,935.5851875,4.412675343760027,1.2096000000000002,27.802678357721312,935.0287335040372,4.311309327128308,0.12559110475037416
2022-06-23 06:00:00,17.0,76.0,29.55505371093756,951.1051875,3.730023324582257,0.2937600000000001,29.787760263940218,951.2964023189679,3.8064289537595943,0.16472942846294097
2022-06-23 06:00:00,17.0,77.0,30.35505371093751,959.4891875,3.8463010307456655,0.01728,29.939707136642742,956.3297743918262,3.826493305771237,0.10373833044688317
2022-06-23 06:00:00,17.0,78.0,29.55505371093756,938.1131875,4.895628560952157,0.0,29.040466664587516,939.4404629262564,4.027183199740476,0.0665224342476919
2022-06-23 06:00:00,18.0,74.0,26.95505371093753,921.5531875,0.9686646146715262,0.44928,27.60039239351984,922.0714377446292,2.6020566827485694,0.23607657769966625
2022-06-23 06:00:00,18.0,75.0,30.155053710937523,949.6011875,2.678909845793361,2.90304,29.62158639805556,949.1695827934907,2.5584481474069607,0.5301484694363646
2022-06-23 06:00:00,18.0,76.0,29.35505371093751,944.2891875,2.397450077274066,1.3478400000000004,29.057791106182435,945.2766051335715,2.9158400140679874,0.19821884762106853
2022-06-23 06:00:00,18.0,77.0,29.655053710937523,939.0411875,2.62022872797178,1.15776,29.074469005417885,939.287936687741,2.7295993815990744,0.20585309070602192
2022-06-23 06:00:00,18.0,78.0,31.05505371093756,951.5371875,2.7349654858807493,0.6739200000000002,29.81366382043651,950.6685159014818,2.653117943022228,0.5391691821190253
2022-06-24 06:00:00,11.0,74.0,28.50253906250004,1009.45890625,7.489922121419229,1.2268800000000002,27.535907348401828,1009.7062792718651,6.3900953699998455,0.2914901556009539
2022-06-24 06:00:00,11.0,75.0,27.40253906250001,1009.63490625,5.939932983116013,7.499519999999999,27.54373297182993,1009.8935779170232,5.169823860770234,0.28322160881737934
2022-06-24 06:00:00,11.0,76.0,25.00253906250004,1005.60290625,0.7502878263873984,1.3651200000000003,27.538933058256614,1007.2044391046566,1.6750508723974071,1.3724493693943567
2022-06-24 06:00:00,11.0,77.0,25.602539062500057,963.42690625,5.294448654841527,0.4147200000000002,28.356639453947817,959.7941776846153,5.5074539872192805,0.2055339518828923
2022-06-24 06:00:00,11.0,78.0,33.002539062500034,990.38690625,6.283459424552946,0.0,34.1297028133492,989.5981794217333,5.580305914170651,0.006197383834217807
2022-06-24 06:00:00,12.0,74.0,27.50253906250004,1009.21890625,7.045980087033901,7.46496,27.80515863569446,1009.0858463530718,6.717836658102693,0.23715716422315827
2022-06-24 06:00:00,12.0,75.0,27.302539062500045,1009.29890625,3.959453776120846,5.20128,27.249029491691395,1008.8763915793226,3.226654101774207,0.4377453501228906
2022-06-24 06:00:00,12.0,76.0,22.90253906250001,919.28290625,2.541310790391964,2.592,23.20883389247978,923.6371802484127,3.4287987556025934,0.6166896543234685
2022-06-24 06:00:00,12.0,77.0,28.202539062500023,925.53890625,6.677976578118096,0.03456,27.26282948286441,920.4793537117089,5.861944077864672,0.09515647768981009
2022-06-24 06:00:00,12.0,78.0,30.802539062500045,960.38690625,3.479411625537445,0.2419200000000001,29.921280841043142,953.4945498695275,4.206543679910714,0.0836863152062212
2022-06-24 06:00:00,13.0,74.0,27.302539062500045,1008.85090625,5.7955400868768905,10.17792,27.02952987473524,1008.9479974835638,6.185345335200398,0.8379588244556829
2022-06-24 06:00:00,13.0,75.0,25.40253906250001,1001.52290625,1.539250158661922,7.966080000000001,26.267964284043362,999.644181074048,2.019858849377142,1.4639814984886803
2022-06-24 06:00:00,13.0,76.0,20.50253906250004,904.43490625,3.0024543648572126,0.9331200000000002,23.700702593486746,900.1930918474201,4.76260489301574,0.25307329477457824
2022-06-24 06:00:00,13.0,77.0,24.50253906250004,922.88290625,5.590597386404985,0.15552,26.518387036716444,920.3549649435198,5.497405825515258,0.17907080687892993
2022-06-24 06:00:00,13.0,78.0,27.50253906250004,912.29090625,7.438702426184002,0.01728,27.12887093065277,913.3191978893109,6.951204299931745,0.06636251609645996
2022-06-24 06:00:00,14.0,74.0,27.00253906250004,1008.29090625,5.681583614565584,3.4560000000000004,26.379780824483564,1007.7961595766997,6.339128753239598,0.8927719853667914
2022-06-24 06:00:00,14.0,75.0,25.302539062500045,941.34690625,4.144777214798855,1.0540800000000004,24.605097403920837,939.5829526084697,4.013538902123017,0.7139816318497544
2022-06-24 06:00:00,14.0,76.0,25.00253906250004,928.70690625,6.393235017609933,0.2419200000000001,26.586456670409735,929.4764920193647,6.29095038347763,0.15343318325683128
2022-06-24 06:00:00,14.0,77.0,27.102539062500057,936.25890625,7.648330447167261,0.01728,28.53793555430196,934.56058417791,6.235817661759625,0.06129671222838015
2022-06-24 06:00:00,14.0,78.0,29.202539062500023,934.96290625,6.907381962250613,0.0,29.46577597302852,934.7716388882204,5.817887493337974,0.01817959867235904
2022-06-24 06:00:00,15.0,74.0,27.302539062500045,1003.37890625,4.254964969395695,2.88576,25.936848681171593,1001.1876772764158,4.799035605075658,0.7791358178033647
2022-06-24 06:00:00,15.0,75.0,24.702539062500023,944.61090625,5.483114695483889,0.4320000000000001,25.71699620418272,943.7898946541129,4.760737903950024,0.3328926344001592
2022-06-24 06:00:00,15.0,76.0,27.50253906250004,944.85090625,7.437057059825277,0.06912,28.009632701833354,946.1839963516265,6.777042075225235,0.08090481131680319
2022-06-24 06:00:00,15.0,77.0,30.802539062500045,954.72290625,7.079674674188568,0.0,30.244662217287242,952.9636585982964,5.8744296210053495,0.012534640340579264
2022-06-24 06:00:00,15.0,78.0,32.502539062500034,972.14690625,8.05751317047307,0.0,32.143063784964696,971.3634542272474,5.634240470767764,0.02062511567049119
2022-06-24 06:00:00,16.0,74.0,24.102539062500057,952.54690625,3.7237792654422495,5.0457600000000005,25.23647663240233,953.128597719874,3.444316818699868,1.008867365151396
2022-06-24 06:00:00,16.0,75.0,27.90253906250001,933.31490625,7.976413213965606,0.03456,27.517695032598944,933.7703570769432,5.765368469929541,0.04633277773453344
2022-06-24 06:00:00,16.0,76.0,27.40253906250001,942.57890625,7.393380698997973,0.0,28.10004435349651,942.2780361108992,6.371062599082407,0.1490895264750248
2022-06-24 06:00:00,16.0,77.0,29.302539062500045,963.31490625,5.118946304249,0.13824,29.641725140373044,962.0765831649601,5.326378117580909,0.23834663770269562
2022-06-24 06:00:00,16.0,78.0,32.302539062500045,972.48290625,6.020303196054591,0.0,30.69222948871089,971.7649378204229,4.890031680529726,0.08571278799597738
2022-06-24 06:00:00,17.0,74.0,26.202539062500023,932.03490625,5.429133050483014,3.43872,25.67305475651104,934.4419004354768,4.1074536323443,0.39330172276931247
2022-06-24 06:00:00,17.0,75.0,28.90253906250001,934.54690625,7.07592577148722,0.0864,27.84734713431785,934.5610697549087,5.779256858485237,0.0884733422189173
2022-06-24 06:00:00,17.0,76.0,29.202539062500023,950.65890625,6.22410437568783,0.01728,28.776904592697694,950.6998690298411,5.774594338721256,0.1299834840937269
2022-06-24 06:00:00,17.0,77.0,29.602539062500057,959.21890625,5.947385014599127,0.01728,29.216080925832607,956.1029784385053,5.05784602636783,0.1407232369127229
2022-06-24 06:00:00,17.0,78.0,26.102539062500057,938.05090625,5.8018156620770025,0.0,27.49627203140948,939.1864675167066,4.847338505029151,0.14208208736192113
2022-06-24 06:00:00,18.0,74.0,27.00253906250004,920.41890625,0.841930930400916,2.43648,26.651755757076042,921.0729702326583,3.3167887628584674,0.38994588306725875
2022-06-24 06:00:00,18.0,75.0,30.302539062500045,948.64290625,3.60225124056603,0.05184,29.672081296544977,948.3996876510306,4.192139242332008,0.10272595669262549
2022-06-24 06:00:00,18.0,76.0,28.00253906250004,943.84290625,5.027004510811782,0.0864,28.303061891512836,944.6628244806749,4.769997172380411,0.10072777148139644
2022-06-24 06:00:00,18.0,77.0,29.302539062500045,938.5309062500002,6.479896630197902,0.06912,28.6624103531984,938.6417713243292,4.614383616143651,0.11870519513002106
2022-06-24 06:00:00,18.0,78.0,31.302539062500045,950.81890625,5.732436247206287,0.0,29.83962556015081,949.7782555789954,4.224273467298934,0.05255648650051054
2022-06-25 06:00:00,11.0,74.0,28.228076171875045,1007.9730625,9.11666523081841,2.1168000000000005,27.41371511317645,1008.0422540049141,6.969121166571716,0.14226999875381655
2022-06-25 06:00:00,11.0,75.0,27.82807617187501,1007.9410625000002,7.848672466816295,7.499519999999999,27.00485459641716,1008.1950533256546,6.254787152974636,0.2925852694650346
2022-06-25 06:00:00,11.0,76.0,28.82807617187501,1003.5570625,2.775420034221881,5.69376,27.09276878713226,1005.7066408234118,2.8099407824592393,0.998544386646807
2022-06-25 06:00:00,11.0,77.0,31.028076171875057,960.5010625,7.050413712314881,0.9072000000000002,28.31564531923017,957.4784645306742,5.866180799717463,0.23263115914029917
2022-06-25 06:00:00,11.0,78.0,33.428076171875034,988.0690625,7.209471967756043,0.0,33.222367601150815,987.6300759962969,5.932559362589071,0.0027173787684728985
2022-06-25 06:00:00,12.0,74.0,28.32807617187501,1007.6370625,8.79985845107399,0.6825600000000002,27.130156017220436,1007.8966253132631,7.443203251135352,0.2990605580682028
2022-06-25 06:00:00,12.0,75.0,26.628076171875023,1008.1170625,5.296342738666247,9.30528,26.25805964652206,1007.9707328115285,5.571196845562446,0.5771538157687264
2022-06-25 06:00:00,12.0,76.0,22.628076171875023,917.9090625,3.1134384596682554,3.40416,22.662485832752647,922.2742614621428,3.410894749151503,0.7406618459412231
2022-06-25 06:00:00,12.0,77.0,25.82807617187501,924.0690625,6.75978599573663,0.02592,25.559946782461658,919.3860641567527,5.824896941877577,0.0846240041545696
2022-06-25 06:00:00,12.0,78.0,32.12807617187502,958.0050625,6.509065678346783,0.03456,29.194078844592593,951.7259719003314,5.085146721657631,0.04203434470867096
2022-06-25 06:00:00,13.0,74.0,28.32807617187501,1007.2210625,9.346877341354649,4.34592,27.054692260999428,1007.5338278030952,7.650800011871984,0.2967429875954868
2022-06-25 06:00:00,13.0,75.0,27.028076171875057,999.9410625000002,2.832691370333752,7.57728,26.01621970717602,998.2179713506087,3.412084196070742,0.7386795789447391
2022-06-25 06:00:00,13.0,76.0,20.42807617187504,902.7730625,5.419293731654886,1.1491200000000004,23.09070455337974,898.5846090816008,5.907179470475134,0.2557908278477281
2022-06-25 06:00:00,13.0,77.0,25.528076171875057,920.9970625,8.08255711158686,0.06048,26.303439477264202,918.877367600098,6.129713542839698,0.0730954558767204
2022-06-25 06:00:00,13.0,78.0,26.82807617187501,910.2930625,9.550960769997545,0.00864,26.1609873962606,911.4895478558077,7.406782768469446,0.01262839304335835
2022-06-25 06:00:00,14.0,74.0,27.92807617187504,1006.9010625,8.756993367086897,3.1536,27.392384142664024,1006.1237641657932,7.292407293668289,0.2585532725809782
2022-06-25 06:00:00,14.0,75.0,22.628076171875023,940.3250625,3.7066069362209744,6.06528,24.016472216860464,938.2561562417093,3.8081493374123276,0.7420742063415049
2022-06-25 06:00:00,14.0,76.0,26.028076171875057,927.4290625,8.847080207194464,0.7171200000000002,25.04513506976565,927.9291909912827,7.011314771821508,0.2587676697387472
2022-06-25 06:00:00,14.0,77.0,25.32807617187501,934.6610625,8.765393617108392,0.00864,27.387100899047,933.2023642230982,6.855871269618422,0.07275948914744709
2022-06-25 06:00:00,14.0,78.0,26.32807617187501,933.1410625,9.338597336539168,0.0,28.003324143019828,933.0472946406994,6.5917669540433925,0.04537626238269519
2022-06-25 06:00:00,15.0,74.0,27.528076171875057,1001.8770625,6.240321280725271,5.08032,25.99470670753251,999.7462948284135,6.299035328147179,0.7718070828163531
2022-06-25 06:00:00,15.0,75.0,25.628076171875023,943.4930625,6.461241911597825,3.57696,24.727110970898547,942.3418338300006,5.812770975495552,0.5497972712954095
2022-06-25 06:00:00,15.0,76.0,25.628076171875023,943.5730625,8.709153896387958,0.06048,27.18164484932528,944.7917226558734,6.976977374815752,0.10941753499611567
2022-06-25 06:00:00,15.0,77.0,28.32807617187501,953.4130625,8.62377746482622,0.0,29.36433200359128,951.4017964436957,6.79029785053591,0.05114635236536733
2022-06-25 06:00:00,15.0,78.0,32.728076171875045,970.1010625,10.060980733481465,0.0,32.284386603408095,969.5242132517465,6.70717996382236,0.01194654592759966
2022-06-25 06:00:00,16.0,74.0,24.028076171875057,950.9330625,3.424530443570083,4.94208,25.201263417911594,951.4552367419317,3.918238045611618,1.0967516468830936
2022-06-25 06:00:00,16.0,75.0,24.42807617187504,932.4850625,7.457613416520491,0.01728,26.859289218163415,932.8031383134128,6.295504826331121,0.1010680916159224
2022-06-25 06:00:00,16.0,76.0,27.028076171875057,941.0770625,8.675265394060046,0.0,28.383210344256714,940.587151298188,6.85439765176112,0.09857406446947069
2022-06-25 06:00:00,16.0,77.0,31.628076171875023,961.0130625,8.619628876687727,0.0,30.843096547602016,960.0029335893248,5.991523932959524,0.023312692925403472
2022-06-25 06:00:00,16.0,78.0,31.128076171875023,970.3250625,7.725933971475201,0.0,30.833228461766698,969.9131667397229,5.251434760352022,0.031224004022887008
2022-06-25 06:00:00,17.0,74.0,24.42807617187504,930.5330625,7.895741897161696,4.5360000000000005,24.897743565632304,932.5398859787697,5.637451698969576,0.5551306047858778
2022-06-25 06:00:00,17.0,75.0,28.028076171875057,932.9650625,9.199109340864924,0.2073600000000001,27.474120449522168,932.8252966701671,7.050096384760892,0.06310529119069744
2022-06-25 06:00:00,17.0,76.0,30.228076171875045,948.4530625,9.051579658038332,0.0,29.553680574408595,948.5352735978565,6.485648430126848,0.04188994078259057
2022-06-25 06:00:00,17.0,77.0,30.628076171875023,956.4850625,7.328733068398968,0.00864,29.595219660153433,953.8940309224286,5.359833741395768,0.08261223291179111
2022-06-25 06:00:00,17.0,78.0,29.228076171875045,935.2050625,7.766858731170146,0.0432,28.253959559007306,936.5422476725139,5.228132314512461,0.07197837272042627
2022-06-25 06:00:00,18.0,74.0,23.32807617187501,918.7250625,3.238672525238572,2.0044800000000005,25.703088513879536,919.3799178042317,3.984265932607409,0.4456437343155366
2022-06-25 06:00:00,18.0,75.0,27.128076171875023,947.0770625,4.771765139652287,0.11232,27.961623620579207,946.5368717871434,3.921151403946824,0.19100720983147568
2022-06-25 06:00:00,18.0,76.0,26.728076171875045,942.1010625,6.521109533657132,1.4947200000000005,26.634522926514922,942.763757196215,4.918948778608783,0.3083471473972367
2022-06-25 06:00:00,18.0,77.0,27.92807617187504,936.5810625,7.845962662212263,0.1728,28.700206582103522,936.9825932052782,5.149221195833209,0.06165466197427687
2022-06-25 06:00:00,18.0,78.0,30.128076171875023,948.4210625,6.371971528599454,0.18144,28.956728943402002,947.9086532726316,4.22122243660242,0.05651386554351389
2022-06-26 06:00:00,11.0,74.0,28.02314453125001,1008.455125,8.526620241288068,0.8640000000000002,27.662859240551963,1007.5660253193065,8.080527445189738,0.1337636929783856
2022-06-26 06:00:00,11.0,75.0,28.02314453125001,1008.567125,7.913143339076348,0.5529600000000002,27.762366565485998,1007.8400384390739,6.89713144732927,0.16282825051824704
2022-06-26 06:00:00,11.0,76.0,28.12314453125004,1003.991125,3.44443972858154,2.6611200000000004,29.04274977061592,1005.2071522242068,3.010356732839972,0.5178912756062954
2022-06-26 06:00:00,11.0,77.0,30.723144531250057,960.871125,7.127318839009054,0.22464,29.777449039823992,957.3600675947621,5.885856703933234,0.3237914643167784
2022-06-26 06:00:00,11.0,78.0,33.423144531250045,988.583125,7.782394557193234,0.0,34.09266763615476,987.8021117657152,5.848291626755862,0.011760490682933283
2022-06-26 06:00:00,12.0,74.0,28.223144531250057,1007.927125,9.132290613022883,2.45376,27.622194862066536,1007.3063434473567,8.121764346620173,0.17113975375418583
2022-06-26 06:00:00,12.0,75.0,27.923144531250045,1008.231125,7.130238507696875,2.36736,27.464541626515597,1007.4751141510787,6.310727646196405,0.20052861546955816
2022-06-26 06:00:00,12.0,76.0,23.723144531250057,917.911125,3.4395588727543784,2.40192,24.886203666596572,922.1967647224999,4.144951719693038,0.5422613192182318
2022-06-26 06:00:00,12.0,77.0,28.323144531250023,923.911125,8.244788955858324,0.0,27.53530575327044,919.2102173356415,6.397238175791346,0.04784920493951686
2022-06-26 06:00:00,12.0,78.0,32.623144531250034,958.167125,6.452760507630117,0.0,30.65650390927314,951.7703308190213,5.154150458087507,0.012458269826264185
2022-06-26 06:00:00,13.0,74.0,28.323144531250023,1007.255125,9.33948236596351,0.3456000000000001,27.40276515375941,1007.1843981288883,8.305526303711012,0.33447091799044076
2022-06-26 06:00:00,13.0,75.0,27.923144531250045,999.959125,4.40859848815566,7.102080000000001,27.34706107528895,997.9733948542251,4.028112542311777,1.0279492828381454
2022-06-26 06:00:00,13.0,76.0,22.423144531250045,902.951125,7.782192375470481,1.0886400000000005,24.269755221305903,898.4007725061507,6.9408283556700034,0.4423720810924431
2022-06-26 06:00:00,13.0,77.0,27.723144531250057,920.743125,8.813949016779787,0.0,27.65649247591593,918.8754743629298,6.788886101073236,0.03911988824271125
2022-06-26 06:00:00,13.0,78.0,27.02314453125001,910.503125,9.124828177153852,0.0,26.842599727033075,911.6271966383724,6.793500824080424,0.011092392844386791
2022-06-26 06:00:00,14.0,74.0,28.223144531250057,1006.551125,9.353979496804737,2.21184,27.15966920613683,1005.6987472085319,7.591196565414199,0.319920029257246
2022-06-26 06:00:00,14.0,75.0,24.823144531250023,940.087125,5.360311580416139,5.39136,25.07949140697423,937.7848083882973,4.822055208336239,0.8981013875858314
2022-06-26 06:00:00,14.0,76.0,26.223144531250057,927.159125,9.83877739507142,0.12096,26.256574543083808,927.8150942819844,7.412672090444489,0.2801220887261324
2022-06-26 06:00:00,14.0,77.0,28.62314453125004,934.167125,10.2645720733267,0.0,28.816502973299976,933.0145898924128,7.498298005078179,0.023475201477210595
2022-06-26 06:00:00,14.0,78.0,29.423144531250045,933.207125,8.17722399058925,0.0,29.608132157030305,933.1346379448577,6.331858520238556,0.018185885670718462
2022-06-26 06:00:00,15.0,74.0,27.723144531250057,1001.607125,6.8886563517781445,7.20576,26.17277814437834,999.5154153502775,5.743209508173632,1.065063918762974
2022-06-26 06:00:00,15.0,75.0,26.923144531250045,943.319125,6.569815714340348,1.7280000000000004,26.41196956258751,941.9550356421425,5.924308834896597,0.5689470449171727
2022-06-26 06:00:00,15.0,76.0,28.12314453125004,943.287125,9.924052733687905,0.06912,28.822381865975427,944.1344693067858,7.97882191407981,0.15251415596789475
2022-06-26 06:00:00,15.0,77.0,30.62314453125004,953.271125,9.24268355097795,0.0,30.952411973798625,951.3555372702166,6.916362674509781,0.027064147392008707
2022-06-26 06:00:00,15.0,78.0,32.32314453125002,970.727125,8.936851812426363,0.0,32.30969759194447,969.6494434552698,6.566247417228836,0.016878108626755286
2022-06-26 06:00:00,16.0,74.0,24.923144531250045,950.999125,4.032337789873682,6.28992,25.200086620806378,951.5160318715349,3.5762338219954812,1.558526424983859
2022-06-26 06:00:00,16.0,75.0,28.62314453125004,931.9751250000002,8.983596966577105,0.03456,27.37508777621552,932.5473849097884,6.447967428244806,0.24493817660496678
2022-06-26 06:00:00,16.0,76.0,30.223144531250057,940.743125,9.326583645942836,0.01728,27.913980369328037,940.45752707131,6.894076618865606,0.5820541302763526
2022-06-26 06:00:00,16.0,77.0,31.12314453125004,961.175125,7.572939244034041,0.01728,29.3402673209628,960.0261331470628,5.950615722032243,0.8697528072548312
2022-06-26 06:00:00,16.0,78.0,30.02314453125001,970.983125,7.0687975797527525,0.01728,28.667677890948422,970.1864576733192,5.406802565530253,1.0467284694336303
2022-06-26 06:00:00,17.0,74.0,22.323144531250023,930.823125,5.397413099701641,5.14944,24.094936447689154,933.2528798939937,4.251328459961361,1.22165422494271
2022-06-26 06:00:00,17.0,75.0,24.923144531250045,933.495125,8.413579750826539,0.5184000000000001,26.321173358758532,932.9226629272806,6.398502144781688,0.510190022500813
2022-06-26 06:00:00,17.0,76.0,26.923144531250045,949.319125,7.504024116063052,3.38688,27.6645675047454,948.9098804397228,6.1886586589160935,0.7472558907799371
2022-06-26 06:00:00,17.0,77.0,25.52314453125001,957.799125,3.579897323739659,0.5702400000000001,27.28837708268619,954.4370132223291,3.8780000399441783,1.0693854189593917
2022-06-26 06:00:00,17.0,78.0,23.223144531250057,936.151125,5.242934885701506,2.47104,25.53180816025662,937.4377414933741,4.025617241417993,1.559477136759618
2022-06-26 06:00:00,18.0,74.0,22.923144531250045,919.191125,2.9320872346578253,5.322240000000001,24.78768459088382,919.6492948940332,3.7308360971808194,0.9635251891042332
2022-06-26 06:00:00,18.0,75.0,27.12314453125004,947.671125,5.645451536559619,2.21184,26.72950206380529,946.7890233196565,4.48472191568823,0.9042435547446069
2022-06-26 06:00:00,18.0,76.0,23.423144531250045,942.631125,2.7701479619924405,9.3312,25.91555598983982,943.1062147186376,3.7803223473824064,3.2012833939246006
2022-06-26 06:00:00,18.0,77.0,23.823144531250023,937.159125,7.130120871176089,1.9180800000000005,26.46180866329517,937.35576175513,4.447806920239723,0.55219372661785
2022-06-26 06:00:00,18.0,78.0,26.223144531250057,949.623125,6.162080868486584,0.8121600000000001,27.46493835919809,948.3489246690374,3.9761964409720925,0.33644157965308086
2022-06-27 06:00:00,11.0,74.0,28.06262207031256,1009.35025,8.999107908190457,1.3996800000000005,27.560069361950948,1008.8757819296028,7.886030558244713,0.1669496384386903
2022-06-27 06:00:00,11.0,75.0,27.86262207031251,1009.33425,7.88149536219064,6.44544,26.74965419034254,1009.1497087254429,6.417215931193479,0.3450315593358757
2022-06-27 06:00:00,11.0,76.0,29.56262207031256,1004.82225,2.41571983030513,2.35008,29.102242014555564,1006.3868329209128,2.302814392815751,0.38448875784123954
2022-06-27 06:00:00,11.0,77.0,29.662622070312523,962.08625,6.943172461263638,0.01728,28.8719288363776,958.2533703554756,5.920383182198528,0.2337783538096669
2022-06-27 06:00:00,11.0,78.0,33.262622070312545,989.78225,7.61428126633278,0.0,34.15649096613888,988.7561249714292,5.666214147572263,0.0022367504792381383
2022-06-27 06:00:00,12.0,74.0,28.162622070312523,1008.77425,9.259625931499764,1.2096000000000002,27.327148277879708,1008.3872517642536,8.04262813828479,0.18295929003479955
2022-06-27 06:00:00,12.0,75.0,27.262622070312545,1008.85425,7.220909116614365,4.87296,25.95521862470624,1008.6998459872037,5.355632244888069,0.46471895875573316
2022-06-27 06:00:00,12.0,76.0,24.46262207031253,918.80625,3.237937708510389,0.7948800000000001,24.170542107611123,923.1395867346697,3.981977114699592,0.4809939951885541
2022-06-27 06:00:00,12.0,77.0,27.96262207031253,924.98225,7.737661633048637,0.0,27.256787698611415,920.0242105519706,6.280403030059856,0.03846369495789005
2022-06-27 06:00:00,12.0,78.0,31.662622070312523,959.49425,3.639344615070189,0.0,30.214748029811265,952.9575022124891,4.497091131922905,0.005080294241914127
2022-06-27 06:00:00,13.0,74.0,28.46262207031253,1008.21425,9.026947124762392,0.5702400000000001,26.762419119140347,1008.4032799883142,6.732391573018254,0.22756015176400723
2022-06-27 06:00:00,13.0,75.0,28.162622070312523,1000.95025,4.1622095230729474,8.65728,26.89976351694972,999.381460395238,3.479483905792463,0.9964558217624288
2022-06-27 06:00:00,13.0,76.0,23.662622070312523,903.94225,7.69226502339402,0.3801600000000001,24.280366702066146,899.6934479960443,6.600341431641729,0.27450918491532267
2022-06-27 06:00:00,13.0,77.0,27.56262207031256,921.92625,6.969401696944524,0.0,27.088021013410707,920.1106005716599,5.828578115180498,0.0496452714791346
2022-06-27 06:00:00,13.0,78.0,26.56262207031256,911.73425,8.202286351695431,0.0,26.28040834117004,912.9084098175663,6.774829663285825,0.03011508076501799
2022-06-27 06:00:00,14.0,74.0,28.36262207031251,1007.71825,9.323156832528351,5.0976,26.544718450028583,1007.4428900057411,6.966218639931747,0.47512975280320463
2022-06-27 06:00:00,14.0,75.0,26.06262207031256,941.30225,4.9839856973452425,3.47328,24.59686446946694,939.4756582585451,4.823306972613625,0.9685519255752432
2022-06-27 06:00:00,14.0,76.0,26.96262207031253,928.40625,9.12089752217691,0.05184,26.828127330261918,929.4636973767055,6.808247708594339,0.15366434061479126
2022-06-27 06:00:00,14.0,77.0,27.96262207031253,935.73425,7.146591028853246,0.0,27.929314552670828,934.4797728328542,5.823156958660665,0.0342204960421014
2022-06-27 06:00:00,14.0,78.0,29.262622070312545,934.32625,7.717945705736307,0.0,28.86968181091864,934.7075056320703,6.079987827471234,0.019863316676527194
2022-06-27 06:00:00,15.0,74.0,28.06262207031256,1002.90225,7.08144650121047,5.0457600000000005,26.140049672851752,1001.0678606859657,6.118434213290957,0.6831555075455333
2022-06-27 06:00:00,15.0,75.0,28.06262207031256,944.32625,7.311488844265476,0.5184000000000001,26.696846761271182,943.726581302447,5.624410486364669,0.1723397754924365
2022-06-27 06:00:00,15.0,76.0,30.162622070312523,943.94225,9.74563672418881,0.01728,27.97521299231879,945.6252804272216,7.568442272665343,0.1528073203725876
2022-06-27 06:00:00,15.0,77.0,31.46262207031253,954.47025,8.51114812243366,0.0,29.461670533908745,952.6236397436659,6.260179567001877,0.012391844660861656
2022-06-27 06:00:00,15.0,78.0,31.46262207031253,972.24625,8.58581835982479,0.0,30.57781708298262,971.5795841723805,6.274435422785718,0.013152014567025874
2022-06-27 06:00:00,16.0,74.0,25.162622070312523,952.59825,4.604080712553715,6.912000000000001,25.44738491065485,953.1648018369375,4.397726148728574,1.8799762358762708
2022-06-27 06:00:00,16.0,75.0,28.262622070312545,933.54225,9.106896886538523,0.13824,27.07803051214079,933.799895294702,6.9899302626409465,0.09883811167709945
2022-06-27 06:00:00,16.0,76.0,30.56262207031256,942.16625,8.96885966171493,0.0,28.672158694510586,942.2370988344842,6.86116938851326,0.10498926542444757
2022-06-27 06:00:00,16.0,77.0,31.36262207031251,962.88625,7.799371563206315,0.0,29.684480704907024,961.9198053685708,6.013291387800108,0.02674477095569425
2022-06-27 06:00:00,16.0,78.0,30.762622070312545,972.29425,6.528759735978267,0.0,29.106165257568804,971.9270149027775,5.236245523768495,0.054968840757645646
2022-06-27 06:00:00,17.0,74.0,23.36262207031251,932.29425,7.219257539564085,3.85344,24.45039944798016,934.4517255012967,4.623841176183778,0.6058862669638805
2022-06-27 06:00:00,17.0,75.0,28.262622070312545,934.61425,9.366963596088304,0.06912,26.989014261052652,934.477253146178,7.841188090679641,0.16354943699134072
2022-06-27 06:00:00,17.0,76.0,26.06262207031256,950.90225,5.785280291014408,0.2592,27.94400044886317,950.9110461798022,6.155868455105821,0.6643504693877664
2022-06-27 06:00:00,17.0,77.0,25.36262207031251,959.09425,3.256227301488509,1.6416000000000004,26.77165333450672,956.1200728741338,4.823914692773162,0.5099186586553074
2022-06-27 06:00:00,17.0,78.0,23.86262207031251,937.75025,6.5822452416025765,0.3110400000000001,25.05924001924271,939.2557168928035,4.4360546290243015,0.8115732766148946
2022-06-27 06:00:00,18.0,74.0,22.96262207031253,920.42225,3.0355476587542665,1.8489600000000004,25.09996569143903,921.1089016137697,4.599616508169051,0.3546790978402339
2022-06-27 06:00:00,18.0,75.0,26.86262207031251,948.95025,6.309648731733438,0.06912,28.34169341295236,948.4919527317057,6.181163424458803,0.19556841467969185
2022-06-27 06:00:00,18.0,76.0,24.762622070312545,944.08625,5.883035688718911,0.2073600000000001,26.843394098724286,944.8099081293383,5.654672293206613,0.2595432512719947
2022-06-27 06:00:00,18.0,77.0,23.56262207031256,938.83825,6.886740244130819,2.19456,25.1595951424074,938.9127469965088,5.09553906957411,1.1239501141620984
2022-06-27 06:00:00,18.0,78.0,22.56262207031256,951.43025,4.145818194241195,17.26272,25.691885238339953,950.2441102185195,4.120550030085184,1.0105510308675627
2022-06-28 06:00:00,11.0,74.0,27.876513671875045,1010.1927812500002,8.456830363334225,6.10848,26.371656397668936,1010.0734243661378,6.701379026779151,0.4404601460657341
2022-06-28 06:00:00,11.0,75.0,27.376513671875045,1010.32078125,6.968300848002631,9.32256,25.867277705801314,1010.10475374008,6.515096215957061,0.7931899488283362
2022-06-28 06:00:00,11.0,76.0,28.57651367187504,1005.74478125,2.694466961445447,6.59232,27.915679565769853,1006.9167733869838,3.0648055832148122,1.4969592868661896
2022-06-28 06:00:00,11.0,77.0,30.47651367187501,962.65678125,6.437319992118648,0.12096,29.729803171298954,959.3026558927731,4.993685445997045,0.18589925878756605
2022-06-28 06:00:00,11.0,78.0,33.47651367187501,990.22478125,6.056937298483977,0.0,34.02618695865078,989.3412988979629,4.554746914650252,0.001223237413126986
2022-06-28 06:00:00,12.0,74.0,27.876513671875045,1009.80878125,8.396216375434708,5.616,26.397383983446517,1009.3771400398014,6.050672928898457,0.42060491749119855
2022-06-28 06:00:00,12.0,75.0,27.57651367187504,1009.76078125,5.334434209842086,4.77792,26.07844053141264,1009.3883668460717,5.095283272480469,0.4541093361959507
2022-06-28 06:00:00,12.0,76.0,22.876513671875045,919.76078125,2.776937243329668,2.58336,23.539255298527777,923.77650855861,3.00253011671115,0.474724864335642
2022-06-28 06:00:00,12.0,77.0,28.176513671875057,925.58478125,6.987209501331755,0.0,26.590830787417996,920.386224468618,5.601663441188546,0.030852249645060302
2022-06-28 06:00:00,12.0,78.0,31.676513671875057,960.25678125,3.865486318914049,0.0,29.815020037932136,953.2735196237443,4.41993824604895,0.001949121852139971
2022-06-28 06:00:00,13.0,74.0,27.776513671875023,1009.36078125,8.338951366733754,7.53408,26.439667856148173,1009.3063416300402,5.832578940525043,0.38736346756512124
2022-06-28 06:00:00,13.0,75.0,28.676513671875057,1001.9527812500002,3.18784261857659,5.45184,27.23760629601768,999.8868768900273,3.0275185679117724,0.9674520428497544
2022-06-28 06:00:00,13.0,76.0,22.47651367187501,904.57678125,6.5592176321993945,1.2441600000000002,24.278426950342947,900.3053625810406,5.471176569721572,0.22512752032580963
2022-06-28 06:00:00,13.0,77.0,25.97651367187501,922.88078125,7.085713584132521,0.00864,26.621614163319748,920.2437601389126,5.2070089734065865,0.043926811516788754
2022-06-28 06:00:00,13.0,78.0,27.47651367187501,912.1927812500002,7.702351530594557,0.0,26.519888049837306,913.352863850052,5.856624589199072,0.008920346240233905
2022-06-28 06:00:00,14.0,74.0,27.776513671875023,1008.52878125,8.999691367552773,8.65728,26.406852642093767,1007.835316906349,6.366088787766661,0.43733860523698015
2022-06-28 06:00:00,14.0,75.0,25.776513671875023,942.00078125,4.943832483338533,2.6611200000000004,25.075482533910055,939.825827250013,4.5546527071463645,0.4804048123327652
2022-06-28 06:00:00,14.0,76.0,27.47651367187501,928.88078125,8.521112285053231,0.15552,27.25347919564022,929.5003656444048,6.126106811389669,0.09735680009793261
2022-06-28 06:00:00,14.0,77.0,28.47651367187501,936.03278125,8.276599119070914,0.0,28.759460853735156,934.6558934497992,5.571136865881466,0.022612203800504063
2022-06-28 06:00:00,14.0,78.0,28.276513671875023,935.29678125,7.030498609801072,0.0,28.282468626206246,935.1896872811411,5.464045817960976,0.014281759955461219
2022-06-28 06:00:00,15.0,74.0,27.776513671875023,1003.68078125,6.078380076530141,9.91872,26.11524156015828,1001.1752171328709,5.158595491482566,0.8103306792244932
2022-06-28 06:00:00,15.0,75.0,27.776513671875023,945.32878125,6.467239600182199,0.5788800000000001,26.662949762488932,944.055931761812,5.491518159860988,0.17967801203905734
2022-06-28 06:00:00,15.0,76.0,29.276513671875023,944.94478125,8.319874484319861,0.1296,28.75483653150376,946.3899929527244,6.002173589474409,0.10099396278244173
2022-06-28 06:00:00,15.0,77.0,30.776513671875023,955.00878125,8.2435574414983,0.0,29.93349460625678,952.9999227021323,5.9203815221361245,0.018452477700094994
2022-06-28 06:00:00,15.0,78.0,31.276513671875023,972.62478125,6.978247459549689,0.0,31.104050770828344,971.8988305464286,5.399155806956781,0.0071441322650086575
2022-06-28 06:00:00,16.0,74.0,25.876513671875045,953.0727812500002,3.578285041354369,3.63744,25.770652762702223,953.6445553755118,3.8910009273170507,0.7162540483765258
2022-06-28 06:00:00,16.0,75.0,28.57651367187504,933.9527812500002,7.572744537055807,0.09504,27.743293879328096,934.3229839727865,5.427769536379724,0.07529320252514937
2022-06-28 06:00:00,16.0,76.0,30.276513671875023,942.57678125,8.140086995434086,0.00864,29.007368956858674,942.568763973849,5.811911112206502,0.10581996900204362
2022-06-28 06:00:00,16.0,77.0,31.676513671875057,963.12078125,6.418123570429712,0.0,30.570047847347954,962.0898651272615,5.562991940681105,0.022700834432275555
2022-06-28 06:00:00,16.0,78.0,29.276513671875023,972.56078125,4.538542484118572,1.0972800000000005,28.724164907646827,972.1751483476991,4.713196805798302,0.10610492091937704
2022-06-28 06:00:00,17.0,74.0,26.676513671875057,932.30478125,7.147986593311224,2.36736,25.53641889432936,934.531899500767,4.354735253570531,0.3132298291491023
2022-06-28 06:00:00,17.0,75.0,28.47651367187501,935.32878125,7.982102540745107,0.0,27.539677105283452,934.924371419061,6.097016679099925,0.11705395458030769
2022-06-28 06:00:00,17.0,76.0,29.276513671875023,950.80078125,7.334485807793175,0.0,29.45564007936123,950.9749239746027,6.246762763422052,0.10547350544588456
2022-06-28 06:00:00,17.0,77.0,27.57651367187504,959.26478125,5.350498389577174,0.07776,28.86282690563888,956.0876927154104,5.3059482533187525,0.11060003480078402
2022-06-28 06:00:00,17.0,78.0,24.876513671875045,937.79278125,6.421093530179517,0.06912,25.98436404607083,939.207802234206,5.097954494843798,0.4038618473930258
2022-06-28 06:00:00,18.0,74.0,26.676513671875057,920.67278125,5.044721123621218,0.22464,25.91639553664347,921.5128067432934,4.197550413679367,0.34760084453584267
2022-06-28 06:00:00,18.0,75.0,26.47651367187501,949.66478125,3.186425061435052,0.01728,28.62837510581614,948.8229002140476,5.382430071646822,0.20309005310995934
2022-06-28 06:00:00,18.0,76.0,27.07651367187504,944.22478125,6.647002350189928,0.0,28.75416323580755,944.8222506479622,5.818970836185811,0.1700619112235164
2022-06-28 06:00:00,18.0,77.0,26.97651367187501,938.89678125,6.927767914037983,0.00864,28.4524707066112,938.8084582682545,5.334558275814446,0.11854583863042246
2022-06-28 06:00:00,18.0,78.0,28.776513671875023,951.04078125,6.346531493371803,1.4601600000000003,28.203811366961528,949.8845447559008,4.8832959604831805,0.16543999420172
2022-06-29 06:00:00,11.0,74.0,27.234521484375023,1008.86025,10.87112153926653,8.15616,26.34099644025775,1008.6172937156161,9.474666211678677,1.1084717567592444
2022-06-29 06:00:00,11.0,75.0,26.93452148437501,1008.79625,8.592057893129416,12.14784,26.13158997876547,1008.8327590116884,7.546905172782813,1.928619193762301
2022-06-29 06:00:00,11.0,76.0,25.634521484375057,1003.94825,2.829857566849105,6.238080000000001,26.561799343645777,1005.6052824841273,2.3283503583957645,1.7052129028153458
2022-06-29 06:00:00,11.0,77.0,31.03452148437504,960.78025,5.470501465157811,2.47104,27.994647646841283,957.8283714296824,4.104141553885193,0.1397762501941918
2022-06-29 06:00:00,11.0,78.0,33.534521484375034,988.70025,4.200626665258376,0.0,33.86108295915871,988.0574214964021,4.704043458086376,0.0018410930705040655
2022-06-29 06:00:00,12.0,74.0,26.43452148437501,1008.74825,10.206201556932111,12.37248,26.488225501548754,1008.3491248167079,9.884152578927907,1.1176784023151982
2022-06-29 06:00:00,12.0,75.0,26.134521484375057,1008.73225,7.884525690383982,13.42656,26.416291786635913,1008.1610580861262,7.170323038650881,1.4255189754341464
2022-06-29 06:00:00,12.0,76.0,21.53452148437504,918.1882500000002,1.799649108870779,2.57472,22.58012241191271,922.5379926080419,2.788493443411242,0.8370402074849204
2022-06-29 06:00:00,12.0,77.0,26.634521484375057,924.58825,6.0169506677312015,1.2441600000000002,25.566539263297344,919.5567267387394,5.595342453146034,0.15664762290341758
2022-06-29 06:00:00,12.0,78.0,32.13452148437506,958.50825,4.925792753854609,0.3110400000000001,29.31635851109574,952.0938133558592,4.854505182257534,0.05212737536546983
2022-06-29 06:00:00,13.0,74.0,26.734521484375023,1008.1882500000002,9.350592710315214,6.53184,26.371516131927994,1008.3567949905151,8.597502253853177,1.4786055996727672
2022-06-29 06:00:00,13.0,75.0,24.634521484375057,1000.71625,3.180229867905092,10.24704,26.601921811844136,998.6806426042315,3.5494883316924604,1.0770254861167836
2022-06-29 06:00:00,13.0,76.0,20.234521484375023,903.18025,3.84189679360034,2.12544,23.529609568644307,899.0294901482938,3.4044353768749973,0.2542614680697178
2022-06-29 06:00:00,13.0,77.0,26.134521484375057,921.34025,7.107755296333674,3.42144,26.596145170510425,919.4072581521592,5.053062058953791,0.24340239259456514
2022-06-29 06:00:00,13.0,78.0,27.734521484375023,910.74825,7.4386351058057025,0.06912,27.10010519435451,911.7312257098403,5.56842527036336,0.06848384902528434
2022-06-29 06:00:00,14.0,74.0,26.634521484375057,1007.61225,8.090861836953389,14.82624,26.31517552079935,1007.0395563412976,7.68852737654523,1.4716565766449736
2022-06-29 06:00:00,14.0,75.0,22.53452148437504,940.86025,3.033877924338082,8.64,24.66962654200794,938.7525161444613,2.7890032641342697,1.3692944978484467
2022-06-29 06:00:00,14.0,76.0,25.03452148437504,927.94825,7.265224416109015,3.21408,26.327575837652862,928.5216414498417,4.651597715239288,0.1927517472367777
2022-06-29 06:00:00,14.0,77.0,29.03452148437504,934.68425,7.404037019462234,2.0563200000000004,28.731209655079255,933.529256454927,5.122441061021629,0.07146090441021584
2022-06-29 06:00:00,14.0,78.0,30.53452148437504,933.46825,7.354012234709874,0.0,29.789975444915243,933.44517266508,5.0385390916369515,0.013002844164843697
2022-06-29 06:00:00,15.0,74.0,27.334521484375045,1002.41225,5.217737731731033,15.50016,26.19074337794561,1000.2850506202511,5.146050003663742,1.2582458410292614
2022-06-29 06:00:00,15.0,75.0,27.53452148437504,943.91625,5.027277107272044,5.719679999999999,25.725191674237013,942.9389088226058,4.233388856870173,0.9474832764374815
2022-06-29 06:00:00,15.0,76.0,30.93452148437501,943.48425,6.58922829824757,0.7603200000000002,28.611432692138877,944.7579704297622,5.353244028910904,0.07976407964867932
2022-06-29 06:00:00,15.0,77.0,32.13452148437506,953.51625,6.075420536339826,0.0,30.632711308498887,951.7544528190881,4.698361362218019,0.0079552900100691
2022-06-29 06:00:00,15.0,78.0,32.63452148437506,971.03625,5.783044415440523,0.0,32.4615828961718,970.3426964410185,4.325157366924392,0.003230954729401175
2022-06-29 06:00:00,16.0,74.0,25.634521484375057,951.70825,2.931498623687957,9.52128,26.141887592397346,952.2649210043905,3.5415094986605813,1.9044922029939133
2022-06-29 06:00:00,16.0,75.0,29.53452148437504,932.4282500000002,6.844127444002405,0.05184,28.3787209200509,933.2488744684392,5.184688532463954,0.06918980507181097
2022-06-29 06:00:00,16.0,76.0,30.334521484375045,941.45225,5.810083057729522,0.0,29.238832719083433,941.5293024619965,4.820151036980644,0.031971890347786275
2022-06-29 06:00:00,16.0,77.0,31.734521484375023,961.88425,5.084749878237776,0.0,31.0332851416621,960.6473482126726,4.496047572304971,0.00851554784608122
2022-06-29 06:00:00,16.0,78.0,32.43452148437501,970.89225,5.4452265036269685,0.0,30.755937474714806,970.3855254239156,4.205749811905896,0.015143804496758144
2022-06-29 06:00:00,17.0,74.0,27.43452148437501,931.11625,5.734117194564207,3.85344,25.591499194070103,933.4443673908718,4.458962578570414,0.8844837899598555
2022-06-29 06:00:00,17.0,75.0,29.43452148437501,933.67625,6.891442736060086,0.0,28.852735290787034,933.5469008471962,5.644124382741907,0.03956142718354727
2022-06-29 06:00:00,17.0,76.0,30.43452148437501,949.48425,5.271480437870965,0.0,29.666912043915346,949.5834197173019,4.89971123208714,0.025278117986376067
2022-06-29 06:00:00,17.0,77.0,29.53452148437504,957.83625,4.383395858683833,0.0,29.52114966207826,954.7221644453126,4.4159831501209466,0.028331127561612674
2022-06-29 06:00:00,17.0,78.0,25.634521484375057,936.6682500000002,4.99115908088727,0.0,27.64174741510391,937.6808681123013,4.536348669499123,0.1300328647077785
2022-06-29 06:00:00,18.0,74.0,28.734521484375023,919.38825,3.715710509558116,1.0195200000000002,26.988377536142867,920.242751513836,4.493955620694577,0.37372919731843257
2022-06-29 06:00:00,18.0,75.0,30.03452148437504,947.83625,2.8001860596700223,0.0,29.58168801312171,947.4306187174466,4.285513927881613,0.04032578516682177
2022-06-29 06:00:00,18.0,76.0,28.634521484375057,942.79625,4.620394273035752,0.0,28.41910125796228,943.5348705090082,4.384644471571211,0.07167595133061994
2022-06-29 06:00:00,18.0,77.0,26.93452148437501,937.86825,4.246295803727609,0.0,28.588404800031753,938.1219470898673,4.292529829482012,0.10799582542144946
2022-06-29 06:00:00,18.0,78.0,28.93452148437501,949.90025,4.716334204251455,0.0,29.376256849686644,948.6565766118515,4.1512187496628785,0.0800379689791093
2022-06-30 06:00:00,11.0,74.0,27.852221679687545,1008.827,10.696921092929266,2.45376,27.61800251049088,1008.2207990370113,8.484157176772595,0.13494553801178089
2022-06-30 06:00:00,11.0,75.0,27.95222167968751,1008.859,9.748447105360489,6.09984,26.949931245711724,1008.6831000304497,7.850382070895438,0.44040035631349933
2022-06-30 06:00:00,11.0,76.0,26.852221679687545,1004.171,3.096569165208092,6.3072,26.429946776646634,1005.8369432821428,2.823757821923411,0.8943763725864026
2022-06-30 06:00:00,11.0,77.0,29.95222167968751,960.747,6.476454614541386,2.69568,27.83033592062935,957.9017133132537,5.334993963981762,0.14402971925217062
2022-06-30 06:00:00,11.0,78.0,32.75222167968752,987.979,6.137605767704642,0.0,33.185802205915365,987.4671547414816,5.5760054925716025,0.012679287965791286
2022-06-30 06:00:00,12.0,74.0,28.352221679687545,1007.979,10.778784349812426,4.90752,27.159641545949526,1007.6540636832802,8.567508225206266,0.3996224563861554
2022-06-30 06:00:00,12.0,75.0,26.95222167968751,1008.779,6.397036306374523,9.60768,26.074929713273615,1008.0831129689418,6.893322431977382,1.265390208015032
2022-06-30 06:00:00,12.0,76.0,20.45222167968751,918.187,2.132026748391078,4.0608,22.16900608374471,922.3490513566668,3.08096543067857,1.2564095604678711
2022-06-30 06:00:00,12.0,77.0,28.15222167968756,923.947,7.324205006266808,0.2764800000000001,26.14838831268914,919.3765499586048,5.542784484535067,0.10918907015880681
2022-06-30 06:00:00,12.0,78.0,32.352221679687545,957.899,4.33090665567291,0.0,29.96150754807782,951.7390619613498,4.7487021727247525,0.012963208732498848
2022-06-30 06:00:00,13.0,74.0,27.852221679687545,1007.483,11.03683112042832,9.86688,26.6265521254484,1007.6825104832009,8.321083121087213,0.9819439073413946
2022-06-30 06:00:00,13.0,75.0,24.252221679687523,1000.475,1.1945822398353474,10.52352,25.24742835512396,998.5412516440861,3.086307781511774,1.7987162054739951
2022-06-30 06:00:00,13.0,76.0,20.65222167968756,902.971,5.132717523778404,3.3696,23.60764736043255,898.7292193890485,5.8251344794679945,0.3759587669110395
2022-06-30 06:00:00,13.0,77.0,27.65222167968756,920.875,7.539982807765672,0.03456,26.364577158398216,918.9276974517518,5.22844177709259,0.04134298024541412
2022-06-30 06:00:00,13.0,78.0,28.05222167968753,910.2670000000002,8.223515242792049,0.0,26.846931095543663,911.6234918848412,5.85655930105267,0.07392360151205316
2022-06-30 06:00:00,14.0,74.0,27.65222167968756,1006.827,10.029699771627266,15.44832,26.37243510758548,1006.3991542441676,8.149834880987054,1.544494417669497
2022-06-30 06:00:00,14.0,75.0,22.15222167968756,940.507,2.530031683888571,18.17856,23.40819699571031,938.4401147861936,3.63546693841045,1.9990292708983073
2022-06-30 06:00:00,14.0,76.0,23.252221679687523,927.819,6.573637020771305,3.73248,25.196860184229468,928.2989102398946,5.4632761784434924,0.3504104548248416
2022-06-30 06:00:00,14.0,77.0,27.95222167968751,934.699,7.444850036082748,1.4515200000000004,27.934142514479216,933.3945456374533,5.292452049971685,0.0669924137130295
2022-06-30 06:00:00,14.0,78.0,30.15222167968756,933.1470000000002,8.024721812935054,0.0,29.14882088421944,933.3699470703438,5.7249400095740715,0.05144009443171328
2022-06-30 06:00:00,15.0,74.0,26.45222167968751,1002.155,6.859038229859018,27.4752,25.68811687042812,1000.1704114695367,6.098259278371165,2.2868767505051335
2022-06-30 06:00:00,15.0,75.0,23.252221679687523,943.883,3.879432698942032,2.54016,25.280076278991743,942.7405856374477,4.054282356423826,0.6740021124392124
2022-06-30 06:00:00,15.0,76.0,29.65222167968756,943.179,8.31921185614464,2.78208,28.577112701098134,944.5137192476459,5.669825441566131,0.10855679666459046
2022-06-30 06:00:00,15.0,77.0,31.15222167968756,953.211,7.187336507596759,0.2937600000000001,30.331546036175958,951.5215788739467,5.232825113070848,0.04813018774505427
2022-06-30 06:00:00,15.0,78.0,33.25222167968752,970.411,7.437247292135085,0.0,32.259047648074045,969.9297853898818,4.973015984580427,0.018736009861029843
2022-06-30 06:00:00,16.0,74.0,22.95222167968751,951.419,2.008301258408935,8.43264,25.036661415085995,952.2259981049207,2.95741061829464,1.1979700019486814
2022-06-30 06:00:00,16.0,75.0,27.352221679687545,932.491,7.002580643111289,0.2073600000000001,27.929404810026444,933.2122364111112,4.962679967953087,0.0882468395642972
2022-06-30 06:00:00,16.0,76.0,30.352221679687545,940.827,7.289238400154884,0.05184,29.22945904077351,940.8049382857276,5.1643710177071,0.05088048599716628
2022-06-30 06:00:00,16.0,77.0,32.15222167968756,961.227,6.808706295268583,0.0,31.068607618006748,960.1003945876182,5.103707628128029,0.04706531530613198
2022-06-30 06:00:00,16.0,78.0,32.95222167968751,970.315,6.81870116412361,0.0,30.690499305711285,970.2487877128442,4.919550585286133,0.0395924300317294
2022-06-30 06:00:00,17.0,74.0,22.55222167968753,931.339,2.1989293535602243,2.7648,25.31388229382541,933.6103442989145,3.63873357221971,0.43255601095688956
2022-06-30 06:00:00,17.0,75.0,27.852221679687545,933.739,7.621776032644395,0.1728,28.352769820965605,933.4593133479415,5.292656517209648,0.06098996975767219
2022-06-30 06:00:00,17.0,76.0,30.55222167968753,948.939,7.556407251206714,0.01728,29.862156218236645,949.3240287983722,5.506146367054746,0.06428931295061269
2022-06-30 06:00:00,17.0,77.0,30.65222167968756,957.083,6.370072047460641,0.0,30.008075564982676,954.4607033334875,5.164626974905534,0.12567797901064823
2022-06-30 06:00:00,17.0,78.0,28.752221679687523,935.803,6.784835325901804,0.3456000000000001,28.02711936781796,937.3458943861511,4.808737803295873,0.1372318038747371
2022-06-30 06:00:00,18.0,74.0,27.252221679687523,919.339,3.93263892882717,1.6416000000000004,26.44081471636843,920.1993527990741,4.050576444070767,0.6287010731377803
2022-06-30 06:00:00,18.0,75.0,30.55222167968753,947.627,4.491510190156192,0.05184,30.509957125334665,947.2733244018652,4.009077450749604,0.07742490335066214
2022-06-30 06:00:00,18.0,76.0,29.252221679687523,942.299,5.5633961505298215,0.01728,29.1747239770279,943.2483956878181,4.504373151981923,0.14936723509746858
2022-06-30 06:00:00,18.0,77.0,29.15222167968756,936.939,6.876444306328856,0.0,29.122478842205147,937.2933177821427,4.992321774250738,0.30248577626210493
2022-06-30 06:00:00,18.0,78.0,30.05222167968753,949.003,6.0668482126671455,0.9331200000000002,29.337412423585885,948.4040261043375,4.108222201875929,0.15478759034060935
2022-07-01 06:00:00,11.0,74.0,28.287866210937523,1008.904375,10.00671335337474,0.01728,27.28462367282166,1008.5773931062299,8.475698553337512,0.4806248693146814
2022-07-01 06:00:00,11.0,75.0,27.287866210937523,1009.192375,10.772677759555316,4.52736,26.375102962346578,1008.8944369417856,7.996541851257593,0.9695727225383699
2022-07-01 06:00:00,11.0,76.0,27.48786621093751,1004.296375,4.091086636944195,10.92096,27.06275393410551,1005.8436006875402,4.683746270258197,1.5387618844743869
2022-07-01 06:00:00,11.0,77.0,29.48786621093751,961.048375,6.178414678328869,1.7107200000000002,27.17160661774206,957.5645449242853,5.002973310852125,0.4142860627947912
2022-07-01 06:00:00,11.0,78.0,32.68786621093756,988.680375,6.420850247305813,0.0,33.43235889026325,987.707493714683,5.897727613072797,0.07438172004439651
2022-07-01 06:00:00,12.0,74.0,27.48786621093751,1008.984375,11.602025398083743,2.97216,27.137578188321893,1008.5912093344713,9.38440158652936,0.41269415978132634
2022-07-01 06:00:00,12.0,75.0,26.58786621093753,1009.112375,9.56922738378318,10.07424,26.11149737865796,1008.7850482822089,7.426558308316546,1.8620190979750957
2022-07-01 06:00:00,12.0,76.0,21.287866210937523,918.440375,1.63705399397408,2.9376,22.397147105955025,922.7390740347097,3.861406465526767,0.7421195732449983
2022-07-01 06:00:00,12.0,77.0,27.68786621093756,924.632375,7.185495313360597,0.8121600000000001,26.434029807354484,919.3543240830699,6.313413292310824,0.20000904055588942
2022-07-01 06:00:00,12.0,78.0,32.78786621093752,958.440375,7.871761156747199,0.01728,30.582389632197938,951.6768996578568,6.301559801454099,0.030794025213535168
2022-07-01 06:00:00,13.0,74.0,27.787866210937523,1008.664375,10.414301196527733,8.43264,27.0076768142445,1008.5640723870976,8.3869978314193,0.4392837803393818
2022-07-01 06:00:00,13.0,75.0,25.18786621093756,1001.224375,2.7999267791568427,9.74592,25.918620906591553,999.4725224926459,3.4197139947712967,2.29573825070527
2022-07-01 06:00:00,13.0,76.0,21.58786621093753,903.624375,5.179710089306602,1.1750400000000003,23.334726691424034,899.518289318853,5.644903691148543,0.3117418624310248
2022-07-01 06:00:00,13.0,77.0,26.287866210937523,921.480375,6.645022740705933,1.0886400000000005,26.67150074571413,919.3256852801569,6.359466540998113,0.1705468738214321
2022-07-01 06:00:00,13.0,78.0,27.48786621093751,910.856375,8.449043777250159,0.12096,26.689645050927236,911.7648850939278,7.5033694832749775,0.046509347799447216
2022-07-01 06:00:00,14.0,74.0,26.98786621093751,1008.296375,9.81208185702862,20.11392,26.194734092445007,1007.6410574573808,7.526205616581747,1.3926764135809309
2022-07-01 06:00:00,14.0,75.0,21.98786621093751,941.288375,1.8799174521352624,6.186240000000001,23.703669259935737,939.1551464449207,4.411228177741055,0.9328454742874362
2022-07-01 06:00:00,14.0,76.0,25.68786621093756,928.440375,7.98576046430451,0.8985600000000001,25.444677233909363,929.3445085022485,6.524454739190348,0.16285301592644505
2022-07-01 06:00:00,14.0,77.0,28.387866210937545,935.304375,9.01501585506521,0.8121600000000001,28.101417467587265,934.0363805950128,6.991186594235604,0.15465212732215747
2022-07-01 06:00:00,14.0,78.0,29.98786621093751,933.640375,8.807147306567384,0.01728,28.79788138862721,933.4386353411163,6.774654027018592,0.0456273126682034
2022-07-01 06:00:00,15.0,74.0,26.18786621093756,1003.608375,4.6323190270369965,16.91712,25.53349844037514,1001.232735504709,5.590718532730952,1.9967635358348146
2022-07-01 06:00:00,15.0,75.0,25.787866210937523,944.936375,5.570861221911372,2.22912,25.218840202057645,943.8924638236506,5.601727584205193,0.3088481798104722
2022-07-01 06:00:00,15.0,76.0,29.387866210937545,944.312375,8.12907495036906,0.9676800000000002,28.537957248822956,945.684558127671,6.689428495388682,0.09848114001784793
2022-07-01 06:00:00,15.0,77.0,31.08786621093753,953.928375,8.834757380182351,0.0,30.22439611857546,951.7692073862216,6.595362681765719,0.17861692459303094
2022-07-01 06:00:00,15.0,78.0,33.387866210937545,970.856375,8.526413130786166,0.0,32.45702272608596,969.9904692159446,6.213376740109742,0.11633555040593113
2022-07-01 06:00:00,16.0,74.0,22.68786621093756,952.776375,2.24427133738929,10.29888,24.269736213990093,953.4216491698531,3.6766743314067467,2.2288861415427563
2022-07-01 06:00:00,16.0,75.0,24.48786621093751,934.056375,7.49275632798202,0.6912000000000001,27.28956322918918,934.0164295760975,6.7554430874589855,0.2624237869062622
2022-07-01 06:00:00,16.0,76.0,26.787866210937523,942.200375,7.651819009757924,0.4838400000000002,28.466547575219575,942.1440629826434,6.365944846237538,0.09404158299858743
2022-07-01 06:00:00,16.0,77.0,31.287866210937523,962.248375,7.840776542221176,0.0,31.107964509181492,960.8891528375128,6.109394729988297,0.16101775872310906
2022-07-01 06:00:00,16.0,78.0,32.587866210937534,970.984375,8.048219707296818,0.0,30.770465477951227,970.4316112042859,5.783162299656353,0.1498990939103232
2022-07-01 06:00:00,17.0,74.0,21.98786621093751,932.360375,2.3350750242829963,4.18176,23.65498781125595,934.583214191693,5.034009536951589,0.5848552101667311
2022-07-01 06:00:00,17.0,75.0,24.58786621093753,935.176375,7.296664991483198,0.13824,27.50816077566271,934.440726004182,7.112326142771141,0.20622288929571814
2022-07-01 06:00:00,17.0,76.0,29.287866210937523,950.312375,9.075623244884769,0.01728,29.308613917878066,950.3647419832145,6.720622608809827,0.06891121553722367
2022-07-01 06:00:00,17.0,77.0,30.68786621093756,957.864375,7.383376693249564,0.19008,29.988196697469466,954.8341165274609,5.862701775910161,0.04426655025680286
2022-07-01 06:00:00,17.0,78.0,28.48786621093751,936.216375,7.074431616267768,0.19008,27.992581149716287,937.9171996608881,5.639380030448839,0.2434268895293215
2022-07-01 06:00:00,18.0,74.0,22.58786621093753,920.456375,2.9774198040153386,2.4192,25.14836153335472,920.8774155132548,6.016965869200402,0.28699474482514103
2022-07-01 06:00:00,18.0,75.0,30.48786621093751,948.392375,6.455364201991888,0.01728,29.726194754994715,947.9385045836106,5.338983750748876,0.058188272466645576
2022-07-01 06:00:00,18.0,76.0,28.387866210937545,943.304375,6.046754244424668,1.9008000000000005,28.94998094764407,944.0825277357011,5.083215302928503,0.17090318441054902
2022-07-01 06:00:00,18.0,77.0,28.287866210937523,937.576375,6.424716245549457,0.8121600000000001,28.553460482198357,938.0164470377492,4.8251706876552785,0.18639744216725712
2022-07-01 06:00:00,18.0,78.0,29.887866210937545,949.848375,6.227622759312858,0.1728,29.121170726632304,948.7808047834126,4.931760689275233,0.052881118391942386
2022-07-02 06:00:00,11.0,74.0,27.806799316406284,1008.04240625,9.423887882383008,2.31552,26.76137822644916,1007.6847091436648,8.162428378926338,0.29037971045636085
2022-07-02 06:00:00,11.0,75.0,27.406799316406307,1007.78640625,9.092347960400907,7.9488,26.148113320879638,1007.7337830549612,7.676000729177366,0.46109809226225595
2022-07-02 06:00:00,11.0,76.0,29.20679931640626,1002.76240625,4.269183855079947,2.74752,28.613755611480162,1004.342016555846,4.925306017116792,0.3063049602020829
2022-07-02 06:00:00,11.0,77.0,30.10679931640629,959.83440625,5.2975195844338,0.3801600000000001,28.65112249969155,956.4020838648414,4.335023251371072,0.09295832399911387
2022-07-02 06:00:00,11.0,78.0,31.70679931640626,987.56240625,6.625568462300539,0.0,32.90623272251059,986.7233257341272,5.490937663374659,0.013494965905675916
2022-07-02 06:00:00,12.0,74.0,28.00679931640628,1007.41840625,10.88389134222741,1.9958400000000005,26.757890565089525,1007.3756841122631,7.642009978127004,0.37797842870381887
2022-07-02 06:00:00,12.0,75.0,27.10679931640629,1007.59440625,7.533302895608998,8.7264,26.15044810540293,1007.4114679384401,7.56399833305244,0.4875689055544714
2022-07-02 06:00:00,12.0,76.0,22.406799316406307,917.30640625,1.93898007414424,5.38272,23.948695721871673,921.3435768853705,4.48173542665873,0.6295418164225075
2022-07-02 06:00:00,12.0,77.0,26.906799316406307,923.43440625,6.734443309354736,0.06048,26.319546287435173,918.530536377143,6.124635876645002,0.17952050096353114
2022-07-02 06:00:00,12.0,78.0,31.806799316406284,957.40240625,6.802066948571608,0.0,30.36839245887029,950.9445542905565,6.008653622334579,0.017975530604677686
2022-07-02 06:00:00,13.0,74.0,27.50679931640628,1007.08240625,10.85079502673898,7.31808,26.863057614091147,1007.4023541143257,7.721558995909545,0.3774708070740336
2022-07-02 06:00:00,13.0,75.0,27.70679931640626,999.40240625,4.651777537164922,8.53632,26.95077683702356,997.7500152215271,4.539132049383619,1.1686390283707735
2022-07-02 06:00:00,13.0,76.0,21.406799316406307,902.53840625,4.696306485615547,2.3328,23.897648047482825,898.1744332975005,6.358116762210583,0.2574003096970116
2022-07-02 06:00:00,13.0,77.0,25.906799316406307,920.34640625,6.520880604998618,0.32832,26.675181365584308,918.1315322736106,6.021207739388453,0.08972917026314185
2022-07-02 06:00:00,13.0,78.0,27.306799316406284,909.5784062500002,8.320972701353995,0.03456,26.94495777918387,910.5013390603175,7.402747183835697,0.034112928432198486
2022-07-02 06:00:00,14.0,74.0,27.906799316406307,1006.74640625,9.938510246280796,4.1904,26.72654122578749,1005.9319283690872,8.335290212311309,0.28444256511386146
2022-07-02 06:00:00,14.0,75.0,23.20679931640626,939.96240625,3.7263728106070553,6.315840000000001,25.36869945469507,937.7677536588892,4.948511309734306,0.7070182237718095
2022-07-02 06:00:00,14.0,76.0,24.10679931640629,927.11440625,7.45817440834365,0.6825600000000002,26.1110381515303,927.864450328493,6.917791767867361,0.23057614750648114
2022-07-02 06:00:00,14.0,77.0,27.806799316406284,933.96240625,8.850784187835965,0.11232,28.190047640495024,932.785325615487,7.013477366075009,0.10663316405638058
2022-07-02 06:00:00,14.0,78.0,28.70679931640626,932.42640625,8.829805886847842,0.01728,28.503886338226177,932.6094531698203,6.967644972862964,0.08471933646081414
2022-07-02 06:00:00,15.0,74.0,27.306799316406284,1002.04240625,6.969761892439612,5.75424,26.13861924922005,999.7671077332935,6.504086120342244,0.6342719605883436
2022-07-02 06:00:00,15.0,75.0,25.50679931640628,943.43440625,5.988669614151348,0.6566400000000001,26.189425904823278,942.2984115967861,6.126697846293341,0.2588686019329767
2022-07-02 06:00:00,15.0,76.0,28.50679931640628,943.00240625,8.364486520017437,0.2073600000000001,28.140284150657553,944.2610739636107,7.4398212563972095,0.2630731293154197
2022-07-02 06:00:00,15.0,77.0,29.70679931640626,952.69840625,8.854042036173029,0.00864,30.112918682465352,950.7993587593387,7.13377555328478,0.07118851359617664
2022-07-02 06:00:00,15.0,78.0,32.806799316406284,969.54640625,8.84963338297608,0.0,31.598271469243183,968.9548201820251,6.554175696713975,0.04753053849012812
2022-07-02 06:00:00,16.0,74.0,23.00679931640628,951.54640625,2.600797180485658,4.65696,25.222685046497148,952.1244633120632,3.6292038469802903,0.8883085288372444
2022-07-02 06:00:00,16.0,75.0,27.806799316406284,932.36240625,9.279434293533551,0.19872,27.559139805797646,932.7222866173968,7.2090498866809956,0.22317015779811886
2022-07-02 06:00:00,16.0,76.0,30.20679931640626,940.63440625,8.92913546398409,0.06912,28.71676224618195,940.3021466692603,7.083161319632512,0.1294590965615864
2022-07-02 06:00:00,16.0,77.0,31.806799316406284,960.65040625,8.012699355054506,0.0,30.92617705455172,959.1392602195235,6.485291833707011,0.05607665532182749
2022-07-02 06:00:00,16.0,78.0,32.50679931640627,969.51440625,7.697142392038686,0.0,30.369072625996804,969.0994475891672,5.985727246895035,0.0610002741449399
2022-07-02 06:00:00,17.0,74.0,22.406799316406307,931.30640625,2.764254900277768,3.00672,24.990599258206398,933.2963563180418,5.098090146020243,0.4394480235848736
2022-07-02 06:00:00,17.0,75.0,27.70679931640626,933.73840625,9.080100813783694,0.19872,27.323793426130475,933.006239028611,7.443089146102114,0.17763408772629674
2022-07-02 06:00:00,17.0,76.0,29.806799316406284,948.79440625,8.782984766779188,0.05184,28.905888316061937,948.9535584066929,7.272975321132132,0.10462229776080045
2022-07-02 06:00:00,17.0,77.0,29.806799316406284,956.85840625,6.750562836589324,0.03456,29.301136397162445,953.8258365797624,6.189591810216916,0.07501758540316525
2022-07-02 06:00:00,17.0,78.0,28.20679931640626,935.01840625,7.755788943500947,0.0,27.835339336892243,935.985604307117,6.39960379703661,0.10509712453490687
2022-07-02 06:00:00,18.0,74.0,24.20679931640626,919.56240625,3.2670253318491467,1.1923200000000005,26.14323759862025,919.9565671358201,6.072124927159923,0.2806598652482115
2022-07-02 06:00:00,18.0,75.0,28.806799316406284,947.80240625,4.977399672264591,0.16416,29.01996724505687,946.7553735692863,5.781927334970107,0.13345024373938236
2022-07-02 06:00:00,18.0,76.0,28.20679931640626,942.39440625,5.985657673193713,0.3801600000000001,28.64743115320969,942.9505589146945,5.261416625341137,0.20089440018299765
2022-07-02 06:00:00,18.0,77.0,29.00679931640628,936.68240625,6.668231142493884,0.07776,28.93636557392727,936.8203462692211,5.300224725541213,0.09599084206800972
2022-07-02 06:00:00,18.0,78.0,30.306799316406284,948.42640625,6.987082331644476,0.0,29.33317231155556,947.8067833225386,5.51199444762928,0.13178046490413464
2022-07-03 06:00:00,11.0,74.0,27.325927734375057,1008.64678125,6.924167597202879,10.73952,26.11076017446976,1008.4613753005119,8.006041550135977,1.0456445653169444
2022-07-03 06:00:00,11.0,75.0,27.025927734375045,1008.8227812500002,5.227136351166434,9.94464,26.266909367082153,1008.6260724283959,5.388564203741893,0.5118011058608051
2022-07-03 06:00:00,11.0,76.0,24.825927734375057,1004.23078125,2.3004422638846624,4.26816,26.438502103716107,1005.5243455910853,3.1476795614403428,0.7569215207898519
2022-07-03 06:00:00,11.0,77.0,26.425927734375023,961.17478125,5.582475377284025,1.6070400000000005,27.160113993642554,957.6133314759519,4.629181520263113,0.16317714993727417
2022-07-03 06:00:00,11.0,78.0,27.025927734375045,988.95078125,7.139700708785298,0.01728,30.06752579814155,987.9706562646307,4.726141939978222,0.16186955559641047
2022-07-03 06:00:00,12.0,74.0,28.025927734375045,1008.10278125,7.924640302001562,4.93344,26.75067746082163,1007.790442095688,8.256837117204686,0.22785462911062468
2022-07-03 06:00:00,12.0,75.0,27.22592773437504,1008.39078125,5.524886813929533,9.53856,26.515853272142376,1007.7407164208018,4.66451370763793,0.5747626352372956
2022-07-03 06:00:00,12.0,76.0,20.22592773437504,918.32678125,1.8297134632268697,3.4560000000000004,22.537684681964258,922.2777608812961,3.9189139308980625,1.0439825791878252
2022-07-03 06:00:00,12.0,77.0,24.12592773437501,924.71078125,5.683900753314513,0.02592,25.35901383207408,919.1460228571855,5.6669618465191025,0.09343499791940696
2022-07-03 06:00:00,12.0,78.0,30.12592773437501,958.66278125,6.68201379010156,0.01728,28.75006105743754,951.7526697792596,5.320578559417971,0.03594738540932836
2022-07-03 06:00:00,13.0,74.0,28.025927734375045,1007.68678125,8.190976655705382,4.18176,26.85669562863732,1007.7958801518392,7.858289157823762,0.21949089439549227
2022-07-03 06:00:00,13.0,75.0,27.525927734375045,1000.27878125,3.969699405399912,10.4976,26.788681595349885,998.3932428672083,3.658806533778499,1.2132933190417994
2022-07-03 06:00:00,13.0,76.0,21.12592773437501,903.19078125,6.636732038324984,1.3910400000000005,23.60873012395237,898.6816812475402,6.307440329461848,0.4441735768832249
2022-07-03 06:00:00,13.0,77.0,26.025927734375045,920.90278125,7.394526945659998,0.03456,26.02297814556171,918.8789772880758,6.283767628843003,0.08719155564866
2022-07-03 06:00:00,13.0,78.0,26.825927734375057,910.24678125,9.203777557515,0.01728,26.18586498006746,911.4390590755826,6.686529834599869,0.05501120622827367
2022-07-03 06:00:00,14.0,74.0,27.925927734375023,1007.20678125,9.051833860083851,4.561920000000001,26.686159373374306,1006.4429396409525,7.568401804200195,0.29494195541147294
2022-07-03 06:00:00,14.0,75.0,22.025927734375045,940.64678125,3.3556505793420546,7.01568,24.045793955162694,938.5545248429893,4.538123636807564,1.5210697613523152
2022-07-03 06:00:00,14.0,76.0,23.825927734375057,927.75078125,7.866664483613626,0.5097600000000001,25.748716722115073,928.204787335132,7.110306878701303,0.18463939404341817
2022-07-03 06:00:00,14.0,77.0,26.425927734375023,934.83878125,9.854534206339734,0.01728,27.643690539495765,933.330549811825,7.104163593428043,0.10981701683751827
2022-07-03 06:00:00,14.0,78.0,27.22592773437504,933.15878125,9.350348552686814,0.0,28.392142323220245,933.1969001806465,6.417547751211517,0.07067267338672407
2022-07-03 06:00:00,15.0,74.0,27.425927734375023,1002.34278125,6.968300370170615,8.112960000000001,26.118160673091076,1000.1153316655559,5.591912483080733,0.6350573747057554
2022-07-03 06:00:00,15.0,75.0,26.325927734375057,943.73478125,6.394316716399263,3.7152,26.009637362456726,942.6714979606354,5.919358903427616,0.3838638673885764
2022-07-03 06:00:00,15.0,76.0,28.325927734375057,943.49478125,8.323888139556985,0.28512,28.366678895887233,944.6955709188096,7.245579618957478,0.1172778046488776
2022-07-03 06:00:00,15.0,77.0,30.325927734375057,953.22278125,8.29147044372905,0.01728,30.057347680921648,951.3907066236299,6.488242260606551,0.039812390086986386
2022-07-03 06:00:00,15.0,78.0,32.32592773437506,970.47078125,8.076120628395087,0.0,31.468947165428197,969.7014450040483,5.81336794990606,0.021781576930844638
2022-07-03 06:00:00,16.0,74.0,23.325927734375057,951.60678125,3.1545067184602003,7.128,26.02113018867996,952.2657793778434,3.350865318288997,1.392213838466594
2022-07-03 06:00:00,16.0,75.0,27.72592773437504,932.56678125,8.646335442942789,0.3369600000000001,28.064479376485444,932.8863005331239,7.025685535283684,0.1372116311963885
2022-07-03 06:00:00,16.0,76.0,30.325927734375057,940.83878125,8.511373218382085,0.03456,29.514176770297333,940.6058940652122,6.586548301987516,0.07429403958827122
2022-07-03 06:00:00,16.0,77.0,31.22592773437504,961.27078125,7.998242753788441,0.0,31.24991360458514,959.9954850113086,5.84181658430734,0.04722219372494155
2022-07-03 06:00:00,16.0,78.0,32.62592773437501,970.19878125,7.715650047428841,0.0,30.567990204453757,969.7160244338763,5.47364765414266,0.06465157365989502
2022-07-03 06:00:00,17.0,74.0,23.72592773437504,931.27078125,5.922580988597627,6.59232,26.45021114897619,933.3508401376188,5.4646619889383645,0.8431829489091821
2022-07-03 06:00:00,17.0,75.0,27.22592773437504,933.9427812500002,8.823294629293876,0.6048000000000001,28.08108264071826,933.1957540176869,7.222458790125914,0.1597528497536536
2022-07-03 06:00:00,17.0,76.0,30.525927734375045,948.98278125,8.858959954458603,0.03456,29.9182579660357,949.1469511217721,6.714682142252777,0.041066147455075544
2022-07-03 06:00:00,17.0,77.0,30.325927734375057,956.90278125,6.535867830737785,0.05184,30.134148626382284,954.0890760370637,5.284667577803735,0.042619086567827764
2022-07-03 06:00:00,17.0,78.0,29.525927734375045,935.49478125,7.3568942435139055,0.02592,28.50002669973051,936.7582672379913,5.430343071781018,0.03888760552085896
2022-07-03 06:00:00,18.0,74.0,25.325927734375057,919.63878125,5.214907346531125,1.7107200000000002,26.856657822826723,920.0067010332009,5.533521426663216,0.27691869894478377
2022-07-03 06:00:00,18.0,75.0,30.62592773437501,947.51078125,7.603467322370592,0.06912,30.318381138433846,947.0631892202389,5.826890181236407,0.07919592888898462
2022-07-03 06:00:00,18.0,76.0,28.825927734375057,942.29478125,6.381076442309071,0.06912,29.178799790256264,942.936527707393,5.491406592244317,0.15046101332162884
2022-07-03 06:00:00,18.0,77.0,27.325927734375057,937.12678125,5.995049657882945,0.02592,28.21204001653543,937.0187225305672,4.715085157503573,0.2760272960669466
2022-07-03 06:00:00,18.0,78.0,28.72592773437504,949.19078125,6.0942348717428665,0.0,28.665735888218304,948.1938845645935,4.291543882679894,0.1810751657364482
2022-07-04 06:00:00,11.0,74.0,27.764709472656307,1008.3634375,10.029971594084778,4.4496,26.796003671687263,1008.33286876,8.675845129264939,0.509990262077529
2022-07-04 06:00:00,11.0,75.0,27.06470947265626,1008.8594375,8.078017625158186,15.5952,25.71070647332576,1008.7251538539282,5.98210349328373,1.538316542879546
2022-07-04 06:00:00,11.0,76.0,23.764709472656307,1004.7794375,2.9203165132434794,9.03744,26.86237095126417,1006.1773683890477,2.527936670636109,1.1998039806279903
2022-07-04 06:00:00,11.0,77.0,23.664709472656284,961.2594375,5.912540544954061,0.5961600000000001,26.596100860690477,957.4597293258734,5.735171273495235,0.27883840585410996
2022-07-04 06:00:00,11.0,78.0,26.36470947265628,989.0034375,8.33167771035121,0.0,29.099358189720917,987.8221158902793,6.22542914446561,0.4454673187682975
2022-07-04 06:00:00,12.0,74.0,27.664709472656284,1008.4114375,11.209609490265096,14.24736,26.77114730356172,1008.1166391792989,10.09443524609484,1.7022418304594396
2022-07-04 06:00:00,12.0,75.0,26.264709472656307,1008.8594375,10.86579720179294,25.89408,25.939673253305127,1008.2726288556884,8.882655873876326,2.6422875052808092
2022-07-04 06:00:00,12.0,76.0,20.06470947265626,918.2834375,1.8777700768067105,14.45472,21.72388519757937,922.4501845089948,3.39661669364841,3.1664692980427005
2022-07-04 06:00:00,12.0,77.0,21.86470947265628,924.4114375,5.526222927652874,0.9072000000000002,23.85897978912566,919.2895263700534,6.0482935244726805,0.5783434633601062
2022-07-04 06:00:00,12.0,78.0,30.06470947265626,958.5074375,9.213318447702356,0.01728,27.902367322013536,951.8734978506617,5.380242785048013,0.3200548230657077
2022-07-04 06:00:00,13.0,74.0,26.96470947265629,1008.1234375,13.320601463230185,15.75072,26.571493319903293,1008.0621550185191,10.860642256248676,1.8504209453438634
2022-07-04 06:00:00,13.0,75.0,23.764709472656307,1000.9714375,4.833735651042905,30.52512,25.725700812838465,999.0889876731233,4.49879859215918,3.0518475170369044
2022-07-04 06:00:00,13.0,76.0,20.06470947265626,902.9234375,8.87856554710508,13.85856,21.462020001949742,898.6928956335717,5.6475586605960295,1.8665139888446103
2022-07-04 06:00:00,13.0,77.0,20.96470947265629,921.1634375,5.257364148084992,13.435200000000002,23.627804285304236,919.336536281551,4.943822858925391,1.5974500039005357
2022-07-04 06:00:00,13.0,78.0,21.264709472656307,910.6834375,6.310909998734884,10.4544,23.61502729147488,911.6027439467061,6.89983269082473,1.2046195960492896
2022-07-04 06:00:00,14.0,74.0,26.664709472656284,1007.0674375,12.730587069004594,28.99584,26.119992275923135,1006.670494833096,10.959279514269834,3.01430879697659
2022-07-04 06:00:00,14.0,75.0,21.264709472656307,940.4594375,3.850033355479378,23.69088,22.33649098419588,938.6606475047488,5.592102311254762,3.5554868925496037
2022-07-04 06:00:00,14.0,76.0,21.36470947265628,927.6114375,5.704643924650671,9.81504,22.737244228028086,928.4558096073806,5.854311527916266,1.2433925476220824
2022-07-04 06:00:00,14.0,77.0,23.764709472656307,934.9074375,7.730693221060292,3.8448,26.35969900785733,933.7228491277918,6.2671479567170065,0.3648931693699461
2022-07-04 06:00:00,14.0,78.0,26.264709472656307,933.3874375,9.555140272000234,2.4624,27.009179990849336,933.223467428095,7.349672555451349,0.13869758490295775
2022-07-04 06:00:00,15.0,74.0,25.764709472656307,1002.1714375,8.262642621359332,28.67616,25.934406411702717,1000.3653010274871,7.778450419865013,3.2938223337773813
2022-07-04 06:00:00,15.0,75.0,22.06470947265626,943.6594375,4.880481964067181,10.44576,23.42581244439993,942.7242760432141,5.944164382124755,1.5477737151486748
2022-07-04 06:00:00,15.0,76.0,24.06470947265626,943.8674375,7.915605766509839,5.6592,26.53290599883054,945.0159389748936,5.821838987036496,0.28716088937847906
2022-07-04 06:00:00,15.0,77.0,26.764709472656307,953.6434375,6.995998455340876,0.6825600000000002,28.20558177035579,951.5482417490007,5.394128986825606,0.2474564774702876
2022-07-04 06:00:00,15.0,78.0,30.164709472656284,970.5234375,8.344026168909373,0.5184000000000001,30.73500732899963,969.3737325269987,5.650838213422836,0.05556067389202989
2022-07-04 06:00:00,16.0,74.0,22.164709472656284,951.1154375,3.0610721404192165,16.19136,23.622929522603943,951.6261453147622,3.2638320977085287,3.7126957875306585
2022-07-04 06:00:00,16.0,75.0,23.46470947265629,932.6194375,7.503506117482726,6.53184,26.410470759350545,932.5527630386762,5.474419816037035,0.4092693276826465
2022-07-04 06:00:00,16.0,76.0,28.664709472656284,940.8434375,8.754888419768735,3.72384,28.10224013874603,940.540555770079,5.537304894513654,0.18844152165662617
2022-07-04 06:00:00,16.0,77.0,30.664709472656284,960.9874375,7.199320358576439,0.19872,29.325298623554833,959.3049995305554,4.884548422356673,0.16154774661584906
2022-07-04 06:00:00,16.0,78.0,31.764709472656307,969.9794375,7.363099306599816,0.8640000000000002,29.882866077937184,969.3115968009129,4.782610516760979,0.14337461608929922
2022-07-04 06:00:00,17.0,74.0,22.164709472656284,930.6834375,2.858508313396505,7.793279999999999,23.84051226955861,933.0966901193117,4.512660190386776,1.3000444588425006
2022-07-04 06:00:00,17.0,75.0,26.36470947265628,933.3874375,8.31363273252738,3.90528,26.809152917135428,932.7852529835039,6.410121169329194,0.2889134387541954
2022-07-04 06:00:00,17.0,76.0,28.264709472656307,949.0674375,7.549423140112101,0.22464,28.75515146150751,948.6519170952909,5.643766075766028,0.17241916252849968
2022-07-04 06:00:00,17.0,77.0,29.46470947265629,956.6994375,6.417543814099124,1.4601600000000003,29.17247413121563,953.515782462752,4.88606245660804,0.10816548592568949
2022-07-04 06:00:00,17.0,78.0,26.164709472656284,935.6274375,6.436527907674491,0.35424,26.964244864107847,936.666915701856,5.290681618387371,0.28179252574205954
2022-07-04 06:00:00,18.0,74.0,22.96470947265629,919.0034375,1.9808616911525347,1.3392000000000004,25.52276465310966,919.3845023426438,5.566556143713755,0.4173361537464888
2022-07-04 06:00:00,18.0,75.0,28.764709472656307,947.1954375,4.7763691082070965,0.216,28.943821070431227,946.1598796828569,5.357584668660449,0.2200839663479392
2022-07-04 06:00:00,18.0,76.0,26.46470947265629,942.1714375,4.320022255442969,0.07776,27.489867736132982,942.5485530008339,5.096370796036768,0.47645427675788427
2022-07-04 06:00:00,18.0,77.0,27.06470947265626,937.0194375,4.994915667145698,2.0304000000000006,26.990645686829367,936.6550783059273,5.021788015653927,0.3370959200604709
2022-07-04 06:00:00,18.0,78.0,24.96470947265629,949.8034375,3.847322298632362,0.8553600000000001,27.360927554676195,948.0639819265335,5.107195339970634,0.432522104788915
2022-07-05 06:00:00,11.0,74.0,27.44895019531253,1007.7228125,11.555155613033024,8.34624,27.115242432385163,1007.6442595018258,8.043582903896027,0.29188304594283837
2022-07-05 06:00:00,11.0,75.0,26.34895019531251,1008.0908125,12.013445423709213,14.46336,26.652290171410733,1008.1536821430295,8.675915689182935,0.5837061878182759
2022-07-05 06:00:00,11.0,76.0,23.94895019531253,1003.5148125,3.0187140026325507,17.47008,26.33110923368745,1005.0644762177781,4.0350377833406075,1.172365824731826
2022-07-05 06:00:00,11.0,77.0,24.84895019531251,960.5548125,6.223661742068718,0.6739200000000002,27.092204548454024,956.937290378016,5.84649340604944,0.44582745475238494
2022-07-05 06:00:00,11.0,78.0,28.748950195312545,988.1868125,8.460668125398096,0.00864,30.53510375773544,987.0591012134932,6.3464918911246055,0.24175177822644844
2022-07-05 06:00:00,12.0,74.0,26.04895019531256,1007.3548125,13.20567484073499,19.0512,26.88962139682748,1007.5793935078443,9.988052084804231,0.8831457965259286
2022-07-05 06:00:00,12.0,75.0,25.94895019531253,1007.7068125,12.16939878539812,25.721280000000004,26.65741255592147,1007.62212946922,9.918031756886508,0.8372047793519878
2022-07-05 06:00:00,12.0,76.0,20.248950195312545,916.6188125,3.023066789482861,17.68608,21.52692682121827,921.1894766782542,4.468144933350394,1.8294000402874189
2022-07-05 06:00:00,12.0,77.0,22.04895019531256,923.0668125,4.298507553636985,3.0672,23.4987966372761,918.6451586992464,5.736862489783705,0.5030105909837939
2022-07-05 06:00:00,12.0,78.0,27.648950195312523,958.0268125,5.485146001824424,2.2032,27.503750406394374,951.2405358339684,5.233151225419375,0.10644564951058592
2022-07-05 06:00:00,13.0,74.0,26.44895019531253,1006.2668125,13.238906831862542,16.64928,26.448609822844205,1007.4174212818921,10.376817399175266,1.7875877133559008
2022-07-05 06:00:00,13.0,75.0,24.248950195312545,998.6668125,5.067809547002515,34.56,25.7766617910653,997.7851473522413,4.972754990669601,2.1683496255232146
2022-07-05 06:00:00,13.0,76.0,20.34895019531251,901.3868125,8.444213648516907,20.97792,21.22522069788096,897.9411723771432,5.841958610759391,1.5395118175776452
2022-07-05 06:00:00,13.0,77.0,21.748950195312545,919.7708125,4.163639536586632,13.20192,23.928295316349196,917.8288789716665,5.569825881579367,0.8728534555338778
2022-07-05 06:00:00,13.0,78.0,22.54895019531256,909.4988125,7.816185199660572,3.46464,24.392834444501663,910.5453429253179,7.171628345063068,0.558903797012082
2022-07-05 06:00:00,14.0,74.0,26.34895019531251,1005.1468125,13.069481772808285,14.71392,26.20791031298168,1005.8652043815484,10.123359707089946,2.178885530835265
2022-07-05 06:00:00,14.0,75.0,21.44895019531253,938.4588125,3.877162614926083,22.057920000000003,22.314642761538487,937.4378781727773,5.74379389536698,2.880495701643362
2022-07-05 06:00:00,14.0,76.0,22.148950195312523,925.7868125,7.487668361473323,5.564159999999999,23.469276725237076,925.4707784065081,6.17436935307008,0.8415879080883625
2022-07-05 06:00:00,14.0,77.0,23.148950195312523,933.2908125,7.5722326158329025,6.10848,25.41610581774932,932.6627948468852,6.211639149559893,0.4418401451185298
2022-07-05 06:00:00,14.0,78.0,23.94895019531253,931.7388125,8.952693139737296,1.6761600000000003,26.627314709332627,932.0985074296952,7.280447594647064,0.21936945147578465
2022-07-05 06:00:00,15.0,74.0,26.248950195312545,1000.1068125,9.976916286855584,20.57184,25.832656408683818,998.7740306457138,8.353428420884264,2.873000002215818
2022-07-05 06:00:00,15.0,75.0,21.94895019531253,941.0348125000002,4.35632537833843,28.63296,23.805941493433306,940.4601416506878,5.961330698596951,1.9741828523349474
2022-07-05 06:00:00,15.0,76.0,21.94895019531253,941.5308125,4.905074481110018,20.77056,25.29192985222819,942.458252760754,6.300232908088884,0.9623892325570835
2022-07-05 06:00:00,15.0,77.0,25.748950195312545,951.7708125,9.87335034189664,4.86432,27.044450671726864,950.5398675867331,7.745287891825344,0.22660669132421693
2022-07-05 06:00:00,15.0,78.0,30.148950195312523,968.9868125,10.00706140581189,1.1318400000000002,29.55052694098018,967.795141995317,7.2642540069831965,0.06565969769870082
2022-07-05 06:00:00,16.0,74.0,22.148950195312523,949.0508125,3.2968845158633986,10.60128,23.632385600988872,949.7122129600796,4.703202896256853,2.9087786471337864
2022-07-05 06:00:00,16.0,75.0,23.248950195312545,930.3948125000002,7.121979468792969,1.9353600000000004,25.39478169946394,931.6806437415081,6.964110963691642,1.06478547571213
2022-07-05 06:00:00,16.0,76.0,25.34895019531251,939.0348125000002,7.43000074597295,2.69568,27.286086115937014,938.9421684918256,6.78021809591405,0.29023031563404517
2022-07-05 06:00:00,16.0,77.0,29.04895019531256,959.1148125,6.585696703872185,3.888,29.319915954669288,957.2346561452116,6.117348521379182,0.34028196581047193
2022-07-05 06:00:00,16.0,78.0,29.04895019531256,968.4428125,6.26439149728466,1.3651200000000003,29.853210933248672,967.6152141844836,5.617233058489567,0.07172328944691063
2022-07-05 06:00:00,17.0,74.0,21.94895019531253,928.3628125,5.208448927996627,14.82624,23.557613798083132,930.8176287074748,5.458474435050001,1.6019093469041845
2022-07-05 06:00:00,17.0,75.0,23.44895019531253,931.2908125,7.822218236900928,4.48416,26.085097388127625,931.6729162745238,7.818389678718983,0.8350701192858394
2022-07-05 06:00:00,17.0,76.0,28.04895019531256,946.3788125,9.536182082067544,5.5728,28.08998322934825,946.8892766402772,7.920654558007173,0.24740892407927698
2022-07-05 06:00:00,17.0,77.0,28.648950195312523,954.3308125,6.041710221743341,7.18848,28.967028219087297,952.8747283742604,6.035052750552427,0.3819330953955654
2022-07-05 06:00:00,17.0,78.0,27.248950195312545,933.3228125,5.979883280960305,2.16,27.178768458750223,934.5219424598577,5.842808656996083,0.12318181503997883
2022-07-05 06:00:00,18.0,74.0,21.84895019531251,916.0588125,0.3645726056191846,62.57088,24.382224629344332,918.0524880936246,4.705773920784126,1.256500230019488
2022-07-05 06:00:00,18.0,75.0,26.748950195312545,944.9228125,3.8156169636998696,10.90368,27.44995737230801,944.4679189477514,4.984998287705153,0.8437102376229417
2022-07-05 06:00:00,18.0,76.0,26.34895019531251,939.8348125,4.316334069102632,4.57056,26.45767785558797,940.6253350199734,5.984237507677783,1.5943166296100366
2022-07-05 06:00:00,18.0,77.0,25.648950195312523,934.5228125,3.930041100045801,3.77568,26.809789328951663,934.7457010468435,5.709962686248942,0.7833947197622395
2022-07-05 06:00:00,18.0,78.0,25.94895019531253,947.1148125,3.3665612383390138,2.0736000000000003,27.937167389183337,946.1284466665079,5.577668650395637,0.23263544184776108
2022-07-06 06:00:00,11.0,74.0,27.71105957031256,1008.0379375,9.26030415165878,1.92672,26.587957099505388,1008.3685690471488,8.59699373164037,0.21976292488838814
2022-07-06 06:00:00,11.0,75.0,27.411059570312545,1008.2619375,7.733605736541015,9.31392,25.961535937244488,1008.77514539507,7.608362630905499,0.44783475916544274
2022-07-06 06:00:00,11.0,76.0,24.21105957031256,1004.1819375,1.8286807843131967,9.60768,26.05427738487224,1005.5628047316659,4.373744527547746,1.1606750578493552
2022-07-06 06:00:00,11.0,77.0,26.311059570312523,961.2859375,5.134081984637451,0.8640000000000002,27.06680610497984,957.6966773984121,5.444448246937996,0.2848150091944829
2022-07-06 06:00:00,11.0,78.0,28.311059570312523,989.3659375,6.3653338461872,0.02592,30.502692319691576,988.268607590345,5.835729571020922,0.19251624449539467
2022-07-06 06:00:00,12.0,74.0,27.61105957031253,1007.7019375,9.563071800345984,2.53152,26.331702895146844,1008.0701225457888,8.740367207342967,0.41334371780775814
2022-07-06 06:00:00,12.0,75.0,26.911059570312545,1008.0379375,7.246521860518936,14.973120000000002,25.94251065418896,1008.2673034478901,8.1457327722247,0.988123982270741
2022-07-06 06:00:00,12.0,76.0,19.811059570312523,918.0059375,2.304752641617171,7.344,21.119376075031752,922.4872362282015,3.9288857037733274,1.79181672847344
2022-07-06 06:00:00,12.0,77.0,22.01105957031251,924.5339375,4.705350944667021,0.6912000000000001,23.407889867784046,919.1897274012584,5.482052983624078,0.47627676774604577
2022-07-06 06:00:00,12.0,78.0,25.71105957031256,959.3339375,2.742844467737385,1.2355200000000004,26.866397993880426,952.4116353190215,3.6609912957296276,0.634680037196654
2022-07-06 06:00:00,13.0,74.0,27.71105957031256,1007.2219375,9.530425526470674,4.4064,26.59654718828947,1007.863422865872,8.855996354486809,0.41455599456733316
2022-07-06 06:00:00,13.0,75.0,27.311059570312523,999.9579375,4.409485256503595,13.54752,26.03582979327843,998.1074184545168,5.1814583551528575,1.9726037491180486
2022-07-06 06:00:00,13.0,76.0,20.411059570312545,902.6939375,7.070785596932729,4.2336,21.23754360793518,898.7435600338097,5.509934543163157,0.679754748489733
2022-07-06 06:00:00,13.0,77.0,22.11105957031253,921.1899375,5.587223153863874,1.0368000000000002,23.66944549870183,919.1663094469179,5.2576716797940195,0.43111658981854967
2022-07-06 06:00:00,13.0,78.0,20.911059570312545,910.5819375,6.048516328663074,3.47328,23.44537670362231,911.6311836072226,5.9366366923608505,0.9593836714927381
2022-07-06 06:00:00,14.0,74.0,27.71105957031256,1006.7419375,9.99264502337895,6.53184,26.78364893167204,1006.2554073196828,8.651924100535277,0.4661000164524375
2022-07-06 06:00:00,14.0,75.0,21.71105957031256,940.3899375,3.9487966017918144,9.77184,23.185625564732913,938.4062145669477,5.013040183527293,1.7644268993885281
2022-07-06 06:00:00,14.0,76.0,21.811059570312523,927.5899375,6.764129827048437,3.63744,23.1612155509075,928.2937065271435,5.541078391076249,0.6057850467594211
2022-07-06 06:00:00,14.0,77.0,22.811059570312523,935.0299375,7.488507932000544,3.20544,25.23109427509918,933.6885737687709,5.762392046798077,0.3648146521860426
2022-07-06 06:00:00,14.0,78.0,22.11105957031253,933.5899375,7.629199245383494,1.6675200000000003,25.444560782273168,933.6009339677373,6.830213024691966,0.23255144342366474
2022-07-06 06:00:00,15.0,74.0,27.11105957031253,1001.8779375,6.905467982646348,11.1888,25.635103746120446,999.8619975132282,7.503524918616447,1.328290961636487
2022-07-06 06:00:00,15.0,75.0,22.11105957031253,943.5259375,4.478741100847015,4.4064,23.935706572893267,942.410515114815,5.396276399506815,0.8683429192219749
2022-07-06 06:00:00,15.0,76.0,24.01105957031251,943.7979375,7.690322714293519,2.16,25.65607750404695,944.9412550840209,7.026951481685273,0.22636508491881188
2022-07-06 06:00:00,15.0,77.0,24.21105957031256,953.8779375,5.870845395427313,0.8208000000000002,27.299247312051282,951.8719114959449,5.853466879695833,0.14494500478784242
2022-07-06 06:00:00,15.0,78.0,24.911059570312545,971.5099375,7.330151523681832,1.6675200000000003,27.711541017406052,970.3196934920772,4.957986798287801,0.35994395713903754
2022-07-06 06:00:00,16.0,74.0,23.01105957031251,950.7099375,3.8515209902401,8.13024,24.57535454878175,951.6464816243385,3.9801044025000216,1.7437218994720707
2022-07-06 06:00:00,16.0,75.0,23.51105957031251,932.2779375,6.975114188467909,0.7689600000000001,25.826519138309518,933.0201800047678,6.521793449352477,0.34822508968383536
2022-07-06 06:00:00,16.0,76.0,26.811059570312523,941.1259375,8.45610282419841,0.8726400000000001,26.623000105316237,940.6698077377108,7.018111311676578,0.1091106432884312
2022-07-06 06:00:00,16.0,77.0,27.01105957031251,961.9899375,6.945721379470158,0.5875200000000002,28.30673397473256,960.5642367907674,4.922855971259573,0.13876569065467334
2022-07-06 06:00:00,16.0,78.0,25.71105957031256,971.4779375000002,5.035080284316237,0.32832,27.85280000839294,970.4828120747618,4.491389943610152,0.3696253030529798
2022-07-06 06:00:00,17.0,74.0,22.51105957031251,930.2939375,5.761547844734636,5.47776,23.78009064188446,932.5996331469441,5.020847064925784,1.6131108757924075
2022-07-06 06:00:00,17.0,75.0,25.21105957031256,933.2219375,9.039354709666302,0.3888000000000001,26.329924857991244,933.0355905185359,7.588961294354174,0.14809847635016146
2022-07-06 06:00:00,17.0,76.0,27.61105957031253,948.9019375,8.167465383687208,1.26144,27.280468870768605,949.0087853951054,6.7361108855482685,0.07246129783490671
2022-07-06 06:00:00,17.0,77.0,24.411059570312545,957.6699375,4.205030605749657,2.0044800000000005,26.795921083295994,954.4303192796566,4.779112065402107,0.3188326021836995
2022-07-06 06:00:00,17.0,78.0,22.21105957031256,936.1019375,5.985171379188744,6.696,24.884030105220038,937.5834984698018,4.795561315491005,0.7235804216162818
2022-07-06 06:00:00,18.0,74.0,22.811059570312523,918.4859375,2.340471075708655,1.5292800000000002,24.610703229963512,919.2025169682003,5.705827381933465,0.3803305041175079
2022-07-06 06:00:00,18.0,75.0,25.01105957031251,947.2059375,4.908191054405006,0.39744,27.363535110153425,946.4529487242852,5.491271337886646,0.20315584716505297
2022-07-06 06:00:00,18.0,76.0,25.411059570312545,942.1979375,6.695513924389791,1.5379200000000002,26.618950657712595,942.7864382132395,5.435223816699832,0.16714930131762037
2022-07-06 06:00:00,18.0,77.0,23.911059570312545,936.7579375,6.518695317722046,1.6675200000000003,25.890242614744235,936.8470141410187,4.956771490434202,0.23594840006779516
2022-07-06 06:00:00,18.0,78.0,23.311059570312523,949.5259375,5.588328043787232,3.30912,25.364966816131776,948.1486013044176,4.451174957731088,0.8349118274529425
2022-07-07 06:00:00,11.0,74.0,27.757983398437545,1010.6765625,7.931520197373294,3.8448,26.04574230903781,1011.0894108149213,7.035470710405709,0.6338602895652231
2022-07-07 06:00:00,11.0,75.0,26.85798339843751,1010.8685625000002,7.078971910200166,8.90784,25.572287184903107,1011.3151963137162,7.884061307030132,0.9473656366943253
2022-07-07 06:00:00,11.0,76.0,24.45798339843753,1006.3725625,1.861965512846034,4.84704,25.94947846736823,1007.7852985567868,3.3311036099279083,1.6353684043533134
2022-07-07 06:00:00,11.0,77.0,28.35798339843751,963.2685625,6.109468329268963,0.10368,26.206030300735726,960.1067644457942,4.737560658727736,0.6886906473620411
2022-07-07 06:00:00,11.0,78.0,31.05798339843756,991.1565625,7.176537985393349,0.01728,30.149439583163943,990.5175246349604,4.605757060370638,0.14421027010597323
2022-07-07 06:00:00,12.0,74.0,26.95798339843753,1010.2765625,9.00793361772068,11.26656,25.91560909120919,1010.5571183806875,8.304319933678789,0.7868411183941029
2022-07-07 06:00:00,12.0,75.0,26.657983398437523,1010.7565625,8.172152184874358,9.57312,25.6875589802482,1010.781775465687,7.517586833601285,1.0459911480937774
2022-07-07 06:00:00,12.0,76.0,21.95798339843753,920.0205625,3.3041997120397584,1.9440000000000004,22.123593513800273,924.597805696309,3.835146714592219,0.6888948789311019
2022-07-07 06:00:00,12.0,77.0,26.45798339843753,926.0845625,7.288309097902947,0.05184,24.90431630370973,920.9325773397513,5.87062689005978,0.21788804303840767
2022-07-07 06:00:00,12.0,78.0,28.757983398437545,960.9165625,4.398944358532567,0.01728,27.585270992119284,954.9560376615473,3.7180332661261914,0.0738110469251868
2022-07-07 06:00:00,13.0,74.0,27.55798339843756,1010.0365625,9.105932539654088,9.09792,26.193836729416304,1010.5908288407537,8.054991181721986,0.9264059568726097
2022-07-07 06:00:00,13.0,75.0,24.35798339843751,1002.4845625,3.058890609752863,15.05952,25.116414692013258,1000.9858784520247,3.973634365725723,1.66016879224734
2022-07-07 06:00:00,13.0,76.0,21.35798339843751,904.7565625,7.539554190231294,2.021760000000001,21.538552526251333,900.662892503757,6.349471446245608,0.8309752095127847
2022-07-07 06:00:00,13.0,77.0,24.45798339843753,923.0125625,8.518833781613676,0.7948800000000001,24.494694401454527,920.4222060728669,6.360113213271412,0.48200257563328025
2022-07-07 06:00:00,13.0,78.0,21.95798339843753,912.6125625,7.641501722753224,0.15552,24.563947819666666,913.6477988476062,7.224278928273939,0.35118228322816514
2022-07-07 06:00:00,14.0,74.0,27.45798339843753,1009.6205625,9.814124778138485,16.00128,26.64225284867653,1009.3921522809133,7.833301573776191,0.9528587480400523
2022-07-07 06:00:00,14.0,75.0,23.157983398437523,942.9165625,4.638071266483636,7.97472,23.537914888846544,941.0066419223014,4.876548389649802,1.317096206007598
2022-07-07 06:00:00,14.0,76.0,21.95798339843753,929.5725625,7.523220008845731,0.4665600000000001,22.8931049340529,930.4754389723017,6.613660510072482,0.7090416245166943
2022-07-07 06:00:00,14.0,77.0,23.657983398437523,937.1245625,8.6863639851186,0.11232,25.00864572861491,935.7181288429765,6.508662768168818,0.5087468891484155
2022-07-07 06:00:00,14.0,78.0,23.45798339843753,935.5885625,8.18828054155926,0.0432,25.363003759519195,935.422301401085,6.248280362448985,0.1628541369956266
2022-07-07 06:00:00,15.0,74.0,25.45798339843753,1004.9485625,6.516734089113617,20.48544,25.75541188094418,1002.9221909357549,6.9379393503451094,1.8195441776007935
2022-07-07 06:00:00,15.0,75.0,22.257983398437545,946.1005625,5.513431450743141,2.35008,23.63851903558476,945.2018607976185,5.3914587700470245,0.3972779598539715
2022-07-07 06:00:00,15.0,76.0,23.757983398437545,945.9085625,7.900240119146292,1.7193600000000004,25.604527579863433,947.1641912287434,7.161945949078309,0.2120970277024117
2022-07-07 06:00:00,15.0,77.0,26.157983398437523,955.6685625,7.9214531288514545,0.01728,27.450944800090657,953.5408843685927,6.0357562296979745,0.20510375745918702
2022-07-07 06:00:00,15.0,78.0,30.35798339843751,972.7565625,10.541749400112773,1.6070400000000005,30.023345114324062,971.9013499672335,7.002274558677779,0.059453960054750975
2022-07-07 06:00:00,16.0,74.0,22.05798339843756,953.7805625,3.23751732843044,17.867520000000003,23.56701330051665,954.4404591940103,4.596103388785646,1.8872649356663806
2022-07-07 06:00:00,16.0,75.0,22.85798339843751,934.7085625,9.17044409860064,1.7366400000000004,25.663069692516345,934.7945882514082,7.068381443495295,0.2895192566748866
2022-07-07 06:00:00,16.0,76.0,26.757983398437545,943.2045625,10.73359900737428,1.5379200000000002,26.43685597768362,943.3928963012561,6.738441980912034,0.1355021739523135
2022-07-07 06:00:00,16.0,77.0,29.257983398437545,963.3485625,7.632663793634108,4.94208,27.30941550951189,962.5479011245233,4.862833255725394,0.5178476019073153
2022-07-07 06:00:00,16.0,78.0,27.657983398437523,972.9965625,6.443808468055295,3.20544,27.440468934855186,972.4655371720492,4.970179675983537,0.2251419062410224
2022-07-07 06:00:00,17.0,74.0,21.95798339843753,932.9005625,4.858678818170364,19.21536,22.7823924896369,935.2936862052434,5.676658080546162,1.2577444998195533
2022-07-07 06:00:00,17.0,75.0,22.95798339843753,935.5405625,8.057962594632514,1.9872,25.649990604387547,935.2656267272935,6.700660573979826,0.20461495400028296
2022-07-07 06:00:00,17.0,76.0,28.05798339843756,950.9325625,9.932317336875771,0.5011200000000001,27.64644078787792,951.0213039503041,7.79233836219876,0.06048182030326097
2022-07-07 06:00:00,17.0,77.0,26.657983398437523,959.2365625,6.341820638312629,1.7625600000000003,27.28539218659304,956.4916232034789,4.7241730324291735,0.13513317644808903
2022-07-07 06:00:00,17.0,78.0,22.657983398437523,937.8445625,5.617118540495752,0.5011200000000001,25.204848439621557,939.3686452378645,4.57664580225688,0.31451454792944633
2022-07-07 06:00:00,18.0,74.0,22.85798339843751,920.8685625000002,2.471883749734172,28.70208,23.53752755037697,921.7915958857654,4.96337887279365,0.8096516917108865
2022-07-07 06:00:00,18.0,75.0,28.55798339843756,949.0765625,5.3998720773632565,12.744,26.60598367917003,949.0585890806352,5.435770367666777,0.5302510009426907
2022-07-07 06:00:00,18.0,76.0,24.05798339843756,944.3725625,6.401443177183992,2.7216,26.147482444356665,945.1341970906215,5.77649556826129,0.1844595991666485
2022-07-07 06:00:00,18.0,77.0,25.157983398437523,938.8525625,7.461245997858484,1.5897600000000005,26.463893969632615,938.977491383968,5.921910189174053,0.14407515837681378
2022-07-07 06:00:00,18.0,78.0,25.257983398437545,951.4605625,6.418083662219335,0.8208000000000002,27.123650263379318,950.1852156983207,4.865310634476905,0.1350590849571369
2022-07-08 06:00:00,11.0,74.0,27.55000000000001,1010.359375,8.831481913436857,3.3696,26.49286539379049,1010.779891556415,6.378910569859935,0.31144918933482374
2022-07-08 06:00:00,11.0,75.0,27.15000000000004,1010.247375,8.293392150005243,7.03296,26.057378574460458,1010.8388684112961,6.204815314124757,0.5848594205732665
2022-07-08 06:00:00,11.0,76.0,28.65000000000004,1005.351375,4.562032546072511,2.74752,27.425078686584488,1007.2370161784529,4.051043836322822,0.42255081760736696
2022-07-08 06:00:00,11.0,77.0,29.250000000000057,962.199375,5.141957799702837,0.3628800000000001,26.947729896135538,958.7467448355944,4.4621161751395535,0.07613957017278841
2022-07-08 06:00:00,11.0,78.0,30.850000000000023,990.3913750000002,5.419472417445824,0.0,31.596003107313425,989.4936822005563,4.844633452404628,0.011366176431550119
2022-07-08 06:00:00,12.0,74.0,27.65000000000004,1009.863375,9.122372493834517,3.83616,26.662110454465175,1009.9383047283732,7.29255951195946,0.3167361382586099
2022-07-08 06:00:00,12.0,75.0,27.15000000000004,1009.879375,9.099857870641603,10.17792,26.194344151825675,1010.0454489781355,7.531028694008357,0.6492747324030954
2022-07-08 06:00:00,12.0,76.0,22.850000000000023,919.463375,2.630107667387371,2.64384,22.833988652491694,923.8073455342852,4.417840939182326,0.4042500115670476
2022-07-08 06:00:00,12.0,77.0,25.950000000000045,925.815375,7.245890274047365,0.3628800000000001,25.114867094894375,920.8658850283904,6.547312633366556,0.12394720648682184
2022-07-08 06:00:00,12.0,78.0,28.55000000000001,960.199375,8.234555941694342,0.01728,27.68528797787368,953.2288525670804,6.738640824594659,0.08030564277339979
2022-07-08 06:00:00,13.0,74.0,27.15000000000004,1009.559375,9.934307711722568,10.05696,26.818136147214535,1010.0564084594181,8.385708427389199,0.3798780066311983
2022-07-08 06:00:00,13.0,75.0,24.05000000000001,1002.183375,4.22951583903818,6.912000000000001,25.351313280722472,1000.7755734994447,3.424949689436904,1.3915364735602196
2022-07-08 06:00:00,13.0,76.0,21.15000000000004,904.3913750000002,6.822408575693078,1.2268800000000002,21.758477719566155,900.3198492785972,5.47554241447778,0.4182189724743157
2022-07-08 06:00:00,13.0,77.0,23.250000000000057,922.583375,7.178029976260667,5.63328,23.94011491735857,920.548761557022,6.763321239181693,0.4352013206712625
2022-07-08 06:00:00,13.0,78.0,22.250000000000057,911.623375,8.687724349860508,0.9331200000000002,24.00030610757142,912.9200770802519,7.652055479248674,0.30537954118903043
2022-07-08 06:00:00,14.0,74.0,26.05000000000001,1009.431375,9.421008842041042,16.26048,25.997354282422258,1009.1151690001587,8.443933523835938,1.1754829557467608
2022-07-08 06:00:00,14.0,75.0,20.950000000000045,942.311375,4.076842432926395,11.28384,21.79788437748677,940.5125266933865,4.995421460808331,1.6854470013545386
2022-07-08 06:00:00,14.0,76.0,20.850000000000023,929.367375,5.679210054232605,2.86848,22.412334982075418,930.4411656680958,6.5755044013115125,0.3935643263940757
2022-07-08 06:00:00,14.0,77.0,21.850000000000023,936.503375,7.192478193415185,5.2358400000000005,24.357115391839184,935.2527437111246,7.081083040059231,0.2980110568855657
2022-07-08 06:00:00,14.0,78.0,22.55000000000001,934.503375,9.698975342256835,2.21184,25.545323198656078,935.0209060080084,7.7984975753719254,0.3065135680772672
2022-07-08 06:00:00,15.0,74.0,25.15000000000004,1004.423375,6.246965910751932,31.15584,25.25792111912408,1002.4429548329367,7.102236025582674,1.9063910571447624
2022-07-08 06:00:00,15.0,75.0,21.750000000000057,945.367375,5.173324620697249,11.26656,22.43423985671542,944.5793198307142,5.77837453327708,0.9520704414012533
2022-07-08 06:00:00,15.0,76.0,21.850000000000023,944.983375,6.636506280387894,8.9856,24.753991070905222,946.564545299418,6.871156320120713,0.35700509717074325
2022-07-08 06:00:00,15.0,77.0,22.65000000000004,954.935375,7.900636160616465,6.60096,25.992971601034395,953.2515990942272,6.239011302840715,0.1822235470672117
2022-07-08 06:00:00,15.0,78.0,23.950000000000045,972.327375,8.262948916053848,5.16672,25.708098389827196,972.0202585000791,5.4832471923803565,0.7487225051361486
2022-07-08 06:00:00,16.0,74.0,21.850000000000023,953.063375,3.294044109594783,16.640639999999998,23.690695014855283,954.0869027986016,4.296991571354953,2.66647308037291
2022-07-08 06:00:00,16.0,75.0,22.950000000000045,933.943375,7.207291967456238,7.5168,24.51043554698015,934.686427084214,6.3929788572134685,0.3548245849626048
2022-07-08 06:00:00,16.0,76.0,23.850000000000023,942.535375,8.790586039298828,5.47776,26.138224361303067,942.7034806664141,5.85221644761282,0.20119022106566312
2022-07-08 06:00:00,16.0,77.0,23.05000000000001,962.807375,3.5976181810226664,26.83584,25.250338410895534,962.2555305445239,4.189669455199002,1.001783215384233
2022-07-08 06:00:00,16.0,78.0,24.55000000000001,972.199375,7.325652773565419,3.26592,25.57217823195685,972.0863549439683,4.953802746001718,1.0275695657135784
2022-07-08 06:00:00,17.0,74.0,21.850000000000023,932.3913750000002,4.589073345903406,7.24032,23.220190166783976,934.7932971600006,6.016325356880685,1.1867122386662567
2022-07-08 06:00:00,17.0,75.0,22.350000000000023,935.063375,6.146835098073578,8.3808,25.359261169778684,934.8696892543238,6.249045794820574,0.485056740548427
2022-07-08 06:00:00,17.0,76.0,23.450000000000045,950.455375,7.055798419884871,7.91424,26.38311318821162,950.7885750997224,6.677527525554774,0.20439196004934823
2022-07-08 06:00:00,17.0,77.0,24.05000000000001,958.439375,6.822305742832878,6.1344,25.353533468020977,955.6206304003182,4.505621330389267,0.614146274414436
2022-07-08 06:00:00,17.0,78.0,22.250000000000057,935.975375,7.039884998718008,8.15616,23.66407087805513,937.9301229811379,5.475423177889685,0.7183222421579082
2022-07-08 06:00:00,18.0,74.0,21.55000000000001,919.879375,3.1592978684728887,11.024640000000002,23.511887003700142,920.7604827047334,5.255393229185717,0.9505795150720097
2022-07-08 06:00:00,18.0,75.0,23.05000000000001,949.079375,5.732817340746375,13.70304,25.616694894563494,948.8009968236242,5.300580178046675,0.9892047101030066
2022-07-08 06:00:00,18.0,76.0,24.15000000000004,943.335375,6.96884668054145,4.80384,25.847713235249092,944.2326574697618,5.107039834141442,0.4490192999933893
2022-07-08 06:00:00,18.0,77.0,22.250000000000057,937.655375,6.111933706054581,11.19744,24.744538803737907,938.2765846656062,4.894989691338696,0.4778997097781656
2022-07-08 06:00:00,18.0,78.0,23.15000000000004,949.847375,6.741043633721513,10.31616,24.718166652296294,948.841976666111,4.629989244352815,1.0721188148451153
2022-07-09 06:00:00,11.0,74.0,27.50109863281256,1008.94775,9.901979189924852,2.62656,26.89013582332302,1008.8580307976998,8.55189673095768,0.13535838319485743
2022-07-09 06:00:00,11.0,75.0,26.701098632812545,1008.94775,10.947950653813246,9.8496,26.244279536588024,1009.0657462578203,8.20204742533645,0.41045035411556224
2022-07-09 06:00:00,11.0,76.0,24.201098632812545,1004.70775,3.2392052824851745,12.476160000000002,25.69922240041737,1006.243392561971,3.190877578285244,0.8828982133983811
2022-07-09 06:00:00,11.0,77.0,22.80109863281251,961.95575,5.502708369270183,2.97216,24.38620643469407,958.0610325738091,4.968661204379257,0.5197565313602731
2022-07-09 06:00:00,11.0,78.0,28.00109863281256,989.77975,7.799666746109163,0.1296,29.20017301379631,988.4770792464301,6.104811886943777,0.21700315877918522
2022-07-09 06:00:00,12.0,74.0,27.50109863281256,1008.51575,9.943448331905152,1.4083200000000002,27.00345729402747,1008.3392315338201,8.754336907247342,0.08440637538577227
2022-07-09 06:00:00,12.0,75.0,26.701098632812545,1008.69175,9.228944362475788,12.11328,26.206378129846712,1008.3724270306114,8.432521946039634,0.6294941910631979
2022-07-09 06:00:00,12.0,76.0,19.80109863281251,918.33975,2.005172360200267,25.77312,21.681168238398143,922.330977645053,4.213256076295549,1.5048683030720098
2022-07-09 06:00:00,12.0,77.0,20.201098632812545,924.53175,3.453598798486585,13.44384,22.38838804091197,919.393282906113,4.729004819681132,1.0886755922899611
2022-07-09 06:00:00,12.0,78.0,27.701098632812545,959.20375,5.5514219464660455,0.9244800000000002,27.23593801934399,952.3510544801323,3.96664722694931,0.1872078163932258
2022-07-09 06:00:00,13.0,74.0,27.201098632812545,1008.24375,11.056200633314823,4.17312,26.64204118571297,1008.5528929970087,9.064877019421482,0.4509027092551628
2022-07-09 06:00:00,13.0,75.0,24.90109863281253,1000.46775,4.506428013427581,17.789759999999998,25.628502450030357,998.6884933644845,4.184489900980205,1.6835103222580854
2022-07-09 06:00:00,13.0,76.0,19.90109863281253,902.96375,6.657082781147356,7.1712,21.420592977054216,898.5239308588754,5.611919727682828,0.5714125703861866
2022-07-09 06:00:00,13.0,77.0,21.50109863281256,921.31575,5.143437370204918,1.0972800000000005,23.87244636576648,919.0822931493911,5.427599654704891,0.43520067325888934
2022-07-09 06:00:00,13.0,78.0,23.30109863281251,910.40375,9.379505577881885,0.3628800000000001,24.381095140016686,911.3432204933067,7.564495369199999,0.4137341110792643
2022-07-09 06:00:00,14.0,74.0,27.40109863281253,1007.44375,10.66001929683783,5.5728,26.075235601066392,1006.9916873510325,8.91375169370102,0.6974216110350095
2022-07-09 06:00:00,14.0,75.0,21.50109863281256,940.64375,4.763078600717304,14.8608,22.513169547603297,938.6359318987469,5.278102899307939,2.0918648336216585
2022-07-09 06:00:00,14.0,76.0,21.00109863281256,927.69975,7.276950278397356,2.85984,23.143924584182855,928.2341020946558,6.347126125948543,0.3304799308930563
2022-07-09 06:00:00,14.0,77.0,21.80109863281251,934.85175,7.902455715208397,1.2873600000000005,24.67644521980159,933.3512998071429,7.576509265345685,0.31665969198521315
2022-07-09 06:00:00,14.0,78.0,22.50109863281256,933.02775,9.735516989232094,0.4924800000000001,26.08687851871105,932.9180141088473,8.038838929158432,0.2706639633503403
2022-07-09 06:00:00,15.0,74.0,26.50109863281256,1002.41975,8.514635982290024,19.47456,25.580985068534762,1000.6025342937305,7.662730895221555,2.137833469137963
2022-07-09 06:00:00,15.0,75.0,21.701098632812545,943.95575,5.172076542784688,10.42848,22.727805732780066,942.9052601558593,5.608015028019143,1.0366401923248973
2022-07-09 06:00:00,15.0,76.0,22.601098632812523,943.69975,8.04541588608374,4.7260800000000005,24.546252242776017,944.7828432077653,7.682574435194502,0.4071041915279563
2022-07-09 06:00:00,15.0,77.0,24.40109863281253,953.41175,7.938959550403267,5.7456000000000005,26.13022997015037,951.3879190965796,6.563627559174665,0.2856031007947152
2022-07-09 06:00:00,15.0,78.0,27.80109863281251,970.49975,10.10696587807228,0.9590400000000002,28.222078143162573,969.0888661535587,7.838037546117017,0.13367279883644048
2022-07-09 06:00:00,16.0,74.0,21.80109863281251,951.76375,3.032137906808987,21.7296,23.571266968124323,952.5936665285584,4.0504833858224885,1.8578874392741402
2022-07-09 06:00:00,16.0,75.0,22.30109863281251,932.65975,8.438983155684316,4.968,23.583928685883244,932.8254366840001,6.87772454103249,0.9085613939443523
2022-07-09 06:00:00,16.0,76.0,22.101098632812523,941.07575,7.381223005664135,7.36128,24.21577783756933,940.7611729797761,6.682856047299153,0.7225473078131565
2022-07-09 06:00:00,16.0,77.0,23.50109863281256,961.39575,6.831633811894066,4.5360000000000005,25.17076129800986,959.9552777308196,5.45376074918752,0.8915648577143866
2022-07-09 06:00:00,16.0,78.0,24.40109863281253,970.22775,7.579415349729851,1.3046400000000002,25.694479083910462,969.214238546932,5.739701410550003,0.9529740240082911
2022-07-09 06:00:00,17.0,74.0,21.201098632812545,930.61175,4.720435076070039,29.92032,22.90171488465621,933.3950540802907,6.024595095659123,2.1594276507650014
2022-07-09 06:00:00,17.0,75.0,22.40109863281253,933.45975,6.815886807412141,8.32896,24.591040952105466,933.4682440899054,7.58402956298624,0.6942378176632839
2022-07-09 06:00:00,17.0,76.0,23.00109863281256,948.67575,7.703113256378585,7.8624,25.05492798499472,948.6201366321432,7.550683282665822,0.31056259908469314
2022-07-09 06:00:00,17.0,77.0,23.201098632812545,956.57975,5.216739085136648,5.261760000000001,24.644230800488945,953.685755319651,5.370248661610749,1.11422607928082
2022-07-09 06:00:00,17.0,78.0,22.30109863281251,934.41975,7.487539416682675,5.81472,23.403943842997673,935.5432296550194,6.017405869751324,1.2559972707564795
2022-07-09 06:00:00,18.0,74.0,21.50109863281256,918.86775,3.30794001182692,10.22976,23.573938946817762,919.6110921342325,5.1815123030761905,1.4309893368535072
2022-07-09 06:00:00,18.0,75.0,24.90109863281253,947.15575,5.535536658396804,4.45824,25.79891580683397,946.5183996764017,5.170561611478387,1.1408997457001515
2022-07-09 06:00:00,18.0,76.0,22.201098632812545,941.74775,4.7304754446453225,13.12416,24.87263361902513,942.4445366203172,5.233583809480755,1.043209599532376
2022-07-09 06:00:00,18.0,77.0,22.30109863281251,935.79575,6.926492719926097,6.80832,23.564249249041307,935.9945069665788,5.789427582214021,1.2453294038083211
2022-07-09 06:00:00,18.0,78.0,22.90109863281253,947.82775,6.850893448859552,19.12032,23.860212077843922,946.6002031209525,5.524929571694182,1.8993830613684723
2022-07-10 06:00:00,11.0,74.0,27.56977539062501,1009.3993125,10.081800564198556,1.4601600000000003,26.837505201053283,1009.1487279519508,7.944005234258354,0.08847235115443773
2022-07-10 06:00:00,11.0,75.0,27.16977539062504,1009.4953125,9.616272282257231,4.33728,26.220446470910236,1009.7773812263757,7.3245193930031975,0.22996206852400541
2022-07-10 06:00:00,11.0,76.0,27.16977539062504,1004.8233125,4.193194539763879,9.72864,27.09199507624704,1006.3724661326451,4.261024964293649,1.3549498763433705
2022-07-10 06:00:00,11.0,77.0,29.06977539062501,961.1913125,7.046435548178507,1.1664000000000003,28.077336476576,957.8149489723008,5.891831566584083,0.131705625853065
2022-07-10 06:00:00,11.0,78.0,31.869775390625023,989.1753125,7.9309033876355315,0.00864,31.89536477317724,988.3622441853843,5.949697405620104,0.021709839086122805
2022-07-10 06:00:00,12.0,74.0,27.469775390625045,1009.3993125,10.784232815595267,4.22496,26.866089024074025,1009.1472812967124,7.5646657464211,0.15970233936446027
2022-07-10 06:00:00,12.0,75.0,27.06977539062501,1009.3673125,9.95847746725792,11.54304,25.87108271702557,1009.0900155501316,8.281483843096696,0.7589488184461748
2022-07-10 06:00:00,12.0,76.0,21.16977539062504,918.6793125,2.7300203233462814,5.20128,22.947311834734126,922.7409693109789,4.027288601616691,1.4416587813828943
2022-07-10 06:00:00,12.0,77.0,25.469775390625045,924.6633125,8.121206264496248,0.5184000000000001,25.000127704955222,919.5557694307125,7.268230042103863,0.33298932689397753
2022-07-10 06:00:00,12.0,78.0,29.469775390625045,958.9833125,8.576869641696169,0.4752000000000002,28.721976121268646,952.093242441045,6.3302532879509466,0.0798771102142863
2022-07-10 06:00:00,13.0,74.0,26.869775390625023,1009.1273125,11.348657862597232,11.63808,26.536452935250814,1009.3367286895773,9.047230236001587,0.7249568940779042
2022-07-10 06:00:00,13.0,75.0,23.66977539062504,1001.9913125,5.307589438117657,16.78752,25.80742873178449,999.9820498203966,4.386582213936375,2.1286012415784055
2022-07-10 06:00:00,13.0,76.0,19.66977539062504,903.6393125,7.841100267024033,2.40192,21.93991409743263,899.5149557895141,6.110319439805951,0.732580573973103
2022-07-10 06:00:00,13.0,77.0,21.269775390625057,921.9913125,6.012336124412456,0.39744,24.189828151392113,919.5805152568709,6.631150680682422,0.6112275935832492
2022-07-10 06:00:00,13.0,78.0,21.269775390625057,910.7913125,8.892745269970733,0.15552,24.43859832080023,911.4415000705937,8.334558101264546,0.2574196870173674
2022-07-10 06:00:00,14.0,74.0,26.269775390625057,1008.9513125,9.98234859028641,16.70112,25.990883709127377,1008.3012134707285,9.171012722992192,1.311502111366283
2022-07-10 06:00:00,14.0,75.0,20.56977539062501,942.2473125,4.493161571465017,10.91232,22.76569914309523,940.0999587247229,5.368464622940478,1.8044428982003176
2022-07-10 06:00:00,14.0,76.0,20.56977539062501,928.8713125,6.707620926616277,5.92704,23.745777828908732,929.5176174699865,6.278972851583874,0.6051334818111564
2022-07-10 06:00:00,14.0,77.0,21.969775390625045,935.6713125,7.5530361903307615,2.23776,25.352888999947098,934.0498223152376,7.741626493708258,0.2695618652740175
2022-07-10 06:00:00,14.0,78.0,22.369775390625023,933.7513125,10.04734815803914,0.6566400000000001,26.364702013381685,933.1881133855405,8.527924884145913,0.2088501763787799
2022-07-10 06:00:00,15.0,74.0,25.16977539062504,1004.1193125,6.997613218165175,20.83104,25.267965950624603,1001.7515110819703,7.453436877756005,2.298197618492989
2022-07-10 06:00:00,15.0,75.0,20.969775390625045,945.0953125,4.504720671602733,5.72832,23.363964889932536,943.8295846559529,5.864239067462699,1.4485488116737488
2022-07-10 06:00:00,15.0,76.0,21.869775390625023,945.0793125,7.324342965884337,2.22048,25.491672456407397,946.0646699491401,7.014331790247842,0.2709455618730631
2022-07-10 06:00:00,15.0,77.0,23.66977539062504,954.5193125,8.314691409864492,0.6480000000000001,27.14143251353308,952.0836436032805,7.91067259938099,0.1434740622281876
2022-07-10 06:00:00,15.0,78.0,25.869775390625023,971.3993125,7.971033960624594,0.28512,27.915142808801594,970.0598917419309,7.591262093287419,0.4450410018103838
2022-07-10 06:00:00,16.0,74.0,21.369775390625023,952.7913125,2.9756838974074484,18.16992,23.424656693766586,953.5332842460103,4.342779292274864,2.0361667542870387
2022-07-10 06:00:00,16.0,75.0,22.269775390625057,933.8313125,7.24527835736139,3.5510400000000004,24.253192074664632,933.9689674834256,6.159844122136242,0.42878973644990886
2022-07-10 06:00:00,16.0,76.0,22.16977539062504,942.3593125,7.367358529898707,3.43872,24.901106900530056,941.9221117359662,6.799041751586537,0.47323554192668543
2022-07-10 06:00:00,16.0,77.0,23.66977539062504,962.6153125,7.643188203053094,2.6784000000000003,26.694109990162694,960.9737220049205,5.933891265433601,0.22922899675012445
2022-07-10 06:00:00,16.0,78.0,24.369775390625023,971.2553125,8.520526142852916,0.44928,26.437265246427238,969.8212185474118,6.181676220556532,0.6758360656050896
2022-07-10 06:00:00,17.0,74.0,21.869775390625023,932.2473125,5.214712700044819,7.16256,23.174839929765636,934.4083290950795,5.264332381405287,1.4036799681759262
2022-07-10 06:00:00,17.0,75.0,22.06977539062501,934.8393125,7.483009503505633,1.9612800000000008,24.256532115625294,934.0755928107417,7.438051775387493,0.3258591083864595
2022-07-10 06:00:00,17.0,76.0,22.969775390625045,950.0873125000002,7.60133107169967,6.11712,25.63836415848212,949.401733419683,7.7586651650505445,0.1731252343243886
2022-07-10 06:00:00,17.0,77.0,22.469775390625045,957.9753125,6.261369368299108,6.264,25.422727912847886,954.6557591151601,5.616953552734678,0.38060759559024804
2022-07-10 06:00:00,17.0,78.0,21.56977539062501,935.2873125,8.976184757558258,1.6502400000000004,23.584532276848847,936.0859925210457,7.432046895265493,0.716020606015049
2022-07-10 06:00:00,18.0,74.0,21.969775390625045,920.4073125,2.7739323377330662,3.33504,23.637535468780413,920.7026955207652,5.656203121688762,0.6399340951272556
2022-07-10 06:00:00,18.0,75.0,24.769775390625057,948.6153125,5.565992910448682,1.35648,25.987422419370755,947.3674981547626,6.002317522375376,0.338831209093571
2022-07-10 06:00:00,18.0,76.0,22.469775390625045,942.8393125,6.517099520584002,6.01344,24.998195236806115,943.163467935001,6.142575426583224,0.3880098945434833
2022-07-10 06:00:00,18.0,77.0,21.66977539062504,936.9193125,7.411542164418026,7.72416,24.68033062957631,936.7163075301588,6.4455490948982765,0.4381170773261734
2022-07-10 06:00:00,18.0,78.0,22.769775390625057,948.6473125,7.976611124304841,4.7088,24.810238077923497,947.3109839441938,6.827758672704238,0.35310697404082525
2022-07-11 06:00:00,11.0,74.0,27.544519042968773,1011.2937187500002,9.018311329508045,0.19008,26.153031606716148,1011.4912777910446,7.150896090069355,0.3369315601973914
2022-07-11 06:00:00,11.0,75.0,27.24451904296876,1011.14971875,8.844620420261757,3.87072,25.778013235344226,1011.6110028676845,6.723813927982929,0.44071408793364925
2022-07-11 06:00:00,11.0,76.0,26.74451904296876,1006.54171875,3.7282244102938935,7.81056,26.404648968337977,1008.107375975238,3.6262964646874076,0.9636569033388094
2022-07-11 06:00:00,11.0,77.0,26.24451904296876,963.22971875,7.164293390335723,1.4428800000000002,26.784838235608575,960.0777537025007,5.3382959328284025,0.16807315412074708
2022-07-11 06:00:00,11.0,78.0,29.044519042968773,991.10171875,9.077764922807024,0.0,30.275727043821412,990.5969933996425,6.734355878273216,0.06197508489956018
2022-07-11 06:00:00,12.0,74.0,27.644519042968795,1010.73371875,9.394090361410996,1.1318400000000002,26.253500695160948,1011.0536077255671,7.43286127072136,0.23293534059511606
2022-07-11 06:00:00,12.0,75.0,27.24451904296876,1010.79771875,8.530492856603194,5.339519999999999,25.608377265003924,1011.0348193494698,6.768812306059404,0.6479756850330173
2022-07-11 06:00:00,12.0,76.0,21.74451904296876,920.12571875,2.98693837516392,7.3008,22.26540546001587,924.7628364623404,3.426698927508706,1.574820910550899
2022-07-11 06:00:00,12.0,77.0,23.144519042968795,926.39771875,6.858005506625223,1.0886400000000005,23.317670361458983,921.4456070927121,6.270772459456745,1.1553941263169938
2022-07-11 06:00:00,12.0,78.0,28.344519042968784,960.79771875,7.664201604407562,0.06048,27.315842970060203,954.8753920182935,5.142182126879897,0.12177906970952025
2022-07-11 06:00:00,13.0,74.0,27.74451904296876,1010.17371875,9.970068702090758,2.54016,26.58687263706964,1010.8805251898137,8.198053311218363,0.27757132928896405
2022-07-11 06:00:00,13.0,75.0,26.144519042968795,1002.89371875,4.758686901648953,16.225920000000002,25.565034066300996,1001.3350280206349,4.102228103261951,1.532543198386905
2022-07-11 06:00:00,13.0,76.0,19.544519042968773,905.03771875,6.599824569874613,5.30496,21.105051816925926,901.0258794709008,5.374394658191004,0.9634898833088579
2022-07-11 06:00:00,13.0,77.0,21.644519042968795,923.34171875,6.248560392999059,1.3132800000000002,23.609275872853914,920.98629598037,5.840475082635449,0.5380364327009104
2022-07-11 06:00:00,13.0,78.0,21.544519042968773,912.22171875,8.788532436938082,0.12096,24.50487181595369,913.4188566700406,8.341449308987965,0.16630034756855722
2022-07-11 06:00:00,14.0,74.0,27.544519042968773,1009.86971875,10.291723327290889,13.76352,26.477204709154005,1009.4696258660321,8.470371796622002,1.083371745792144
2022-07-11 06:00:00,14.0,75.0,20.74451904296876,943.22971875,4.559639817060526,12.21696,22.552465035440484,941.2940302093591,4.992112199401584,1.9626335019074066
2022-07-11 06:00:00,14.0,76.0,21.144519042968795,929.93371875,7.507628456224667,2.1340800000000004,22.932602547494835,930.667386489643,6.774790426496531,0.6379278235812019
2022-07-11 06:00:00,14.0,77.0,22.644519042968795,936.94171875,9.011234710266471,0.9504000000000002,25.050257598919657,935.5788190737043,7.91173403117377,0.3595865761089251
2022-07-11 06:00:00,14.0,78.0,25.644519042968795,934.74971875,11.542786233861415,0.6220800000000001,26.911449138612536,934.9139676458649,9.150853888417997,0.15756182658562504
2022-07-11 06:00:00,15.0,74.0,26.544519042968773,1004.82971875,9.181832426407937,14.91264,25.142296112017192,1002.9796220858605,7.220701795027077,2.168069350354895
2022-07-11 06:00:00,15.0,75.0,22.544519042968773,946.25371875,5.990876539498962,3.99168,23.84290471913964,945.5106460660576,5.58384889755577,1.3217289555780423
2022-07-11 06:00:00,15.0,76.0,23.544519042968773,945.96571875,8.262934632904454,1.5897600000000005,25.485673661249518,947.0357640033461,7.6469090172148615,0.3727206765808202
2022-07-11 06:00:00,15.0,77.0,26.644519042968795,955.37371875,9.374108419979304,0.6566400000000001,27.256924400642607,953.0668990207165,7.8829519008869315,0.12511886615170653
2022-07-11 06:00:00,15.0,78.0,27.644519042968795,972.6537187500002,10.178457994993888,2.49696,28.367366793547607,971.4935792167978,7.927450694497279,0.11140445338148787
2022-07-11 06:00:00,16.0,74.0,22.344519042968784,953.51771875,4.209791347681171,7.48224,23.89422522456438,954.4305718573848,4.509312803010979,2.8137360408084104
2022-07-11 06:00:00,16.0,75.0,22.24451904296876,934.87771875,7.503389057046281,2.32416,23.953371636486697,935.0526255130494,7.071345379599852,1.3686961596406577
2022-07-11 06:00:00,16.0,76.0,22.944519042968807,943.32571875,9.294710218164097,2.65248,25.427832395259266,942.9929169264948,7.763459314326378,1.100222223129564
2022-07-11 06:00:00,16.0,77.0,25.24451904296876,963.64571875,8.819537651560898,1.0195200000000002,27.084569090752534,962.2407350565464,6.493675399235343,0.30280422954367564
2022-07-11 06:00:00,16.0,78.0,25.74451904296876,972.54171875,8.612999720602863,0.6652800000000002,27.14902061699242,971.4369743679881,6.05998789400812,0.3505786040159048
2022-07-11 06:00:00,17.0,74.0,21.444519042968807,933.26171875,6.364012928130308,6.9552000000000005,22.764664474346684,935.6378224865538,5.848264616111647,2.346873175871186
2022-07-11 06:00:00,17.0,75.0,22.144519042968795,935.61371875,8.959839459893573,2.6611200000000004,24.299404203071422,935.0578875066002,8.393057509611786,1.0040098623168645
2022-07-11 06:00:00,17.0,76.0,23.24451904296876,950.89371875,8.72415111057752,3.04992,25.91908964799267,950.8746539542066,7.775220275799441,0.9055727389137471
2022-07-11 06:00:00,17.0,77.0,22.844519042968784,959.00571875,5.153516524752207,4.4064,25.281705505077557,955.8135299172811,5.878345820320855,0.676495149377258
2022-07-11 06:00:00,17.0,78.0,21.344519042968784,936.82971875,8.112123867411666,6.98976,23.684649035169304,937.712406784894,7.520062222064081,0.7912912865246035
2022-07-11 06:00:00,18.0,74.0,21.844519042968784,921.05371875,3.2711646200221547,4.86432,23.400237584914315,921.7344033634537,5.919827248137567,1.1630302291098895
2022-07-11 06:00:00,18.0,75.0,24.344519042968784,949.45371875,6.439637067728128,1.1491200000000004,25.885981239044824,948.6747536691005,5.945140013670704,0.44034579465984547
2022-07-11 06:00:00,18.0,76.0,23.544519042968773,943.93371875,7.81175212999141,3.43872,25.28478072256252,944.5934236861375,6.844331213945176,1.074926591180726
2022-07-11 06:00:00,18.0,77.0,21.644519042968795,937.90171875,7.272486827143256,23.44896,24.33714843310214,937.9584118816375,6.481232342659123,1.8286388086055028
2022-07-11 06:00:00,18.0,78.0,21.844519042968784,949.82171875,6.873747670214894,26.96544,24.944256784907417,948.222996517037,6.029072686793782,1.5373023204490606
2022-07-12 06:00:00,11.0,74.0,27.74719238281256,1011.42046875,9.212931476284904,0.0,26.20031917913758,1011.4425384067592,6.979469839092858,0.4186945663986695
2022-07-12 06:00:00,11.0,75.0,27.64719238281253,1011.38846875,8.454110804347781,0.3888000000000001,25.8627856514067,1011.6298626884785,6.988312452179365,0.42858071730946296
2022-07-12 06:00:00,11.0,76.0,26.847192382812523,1006.62046875,4.151132750856898,8.82144,26.83761480969097,1007.9953389038885,4.169055248299998,1.474247598059994
2022-07-12 06:00:00,11.0,77.0,27.74719238281256,963.16446875,7.729487975618874,0.5529600000000002,27.482081804565865,959.8419266562296,6.273015253900144,0.06726791755193864
2022-07-12 06:00:00,11.0,78.0,30.847192382812523,990.87646875,10.359703607156307,0.0,31.713427016261903,990.1265842301589,6.991408732203836,0.019085158200838226
2022-07-12 06:00:00,12.0,74.0,27.64719238281253,1011.03646875,10.128129181771856,0.40608,26.012251154215075,1011.0233824985581,7.481519718265877,0.339409583149956
2022-07-12 06:00:00,12.0,75.0,27.447192382812545,1010.98846875,9.405482334226964,6.22944,25.922585803493465,1010.9710268681347,6.850074198912702,0.3914511149438164
2022-07-12 06:00:00,12.0,76.0,21.14719238281253,920.2524687500002,3.3373093915026457,5.68512,23.57569772749869,924.8414121516263,3.7453441342053133,0.8711600912243886
2022-07-12 06:00:00,12.0,77.0,26.14719238281253,926.17246875,8.982952519999474,0.18144,25.859005233371235,920.7649585156622,7.475379216058211,0.1597810804543692
2022-07-12 06:00:00,12.0,78.0,30.947192382812545,960.30046875,9.807072831854532,0.00864,30.001348739452254,953.2634802375445,6.955826878143387,0.04404870240423109
2022-07-12 06:00:00,13.0,74.0,27.54719238281251,1010.36446875,10.875369230441782,4.09536,26.20906152734784,1010.8566710139954,7.666129916081395,0.5878556985932122
2022-07-12 06:00:00,13.0,75.0,27.14719238281253,1002.79646875,5.380013558409892,9.77184,26.628222622601914,1001.026638992858,4.402764941985012,0.7054034419846167
2022-07-12 06:00:00,13.0,76.0,21.14719238281253,904.87646875,8.0549023546758,3.20544,23.226190419652138,900.7860810274881,7.06053027186237,0.5430726593153571
2022-07-12 06:00:00,13.0,77.0,24.24719238281256,923.02046875,9.082747574707874,0.3456000000000001,26.275669785716328,920.3428287749766,7.746287511035846,0.141505663058193
2022-07-12 06:00:00,13.0,78.0,24.74719238281256,911.77246875,11.662072475081986,0.12096,26.44081644854365,912.8897619216411,9.306572040089904,0.07300266230984295
2022-07-12 06:00:00,14.0,74.0,27.347192382812523,1009.69246875,11.010964603255385,2.55744,25.906359850767792,1009.4242860854769,7.8703622458413385,0.7207855147834965
2022-07-12 06:00:00,14.0,75.0,22.04719238281251,942.76446875,4.167998133097277,8.19936,23.86476197723998,940.7638371138444,4.968829440259653,1.9303785579385553
2022-07-12 06:00:00,14.0,76.0,22.947192382812545,929.69246875,8.040571207432919,1.5638400000000003,24.835881261208637,930.369888824604,7.372470231248573,0.35150089337954854
2022-07-12 06:00:00,14.0,77.0,24.04719238281251,936.62046875,8.942548068477665,0.4233600000000001,26.495407351529597,935.1914654676991,8.170939494453897,0.20034295618732523
2022-07-12 06:00:00,14.0,78.0,24.14719238281253,934.89246875,10.042875360077376,0.06912,26.877287679192502,934.6316077297173,8.817934847414682,0.08040041268998731
2022-07-12 06:00:00,15.0,74.0,26.347192382812523,1004.82846875,8.398120539949282,13.14144,25.140932526703235,1002.945175282527,7.200344571161766,1.8453012310355295
2022-07-12 06:00:00,15.0,75.0,22.04719238281251,946.22046875,4.87011488911766,1.8835200000000003,24.164367349484596,945.1040817008196,6.115314764828622,0.4450007439005208
2022-07-12 06:00:00,15.0,76.0,22.347192382812523,945.75646875,6.712165482819415,0.12096,25.814221884503496,946.6679975282813,7.9035858580949725,0.26978304128215363
2022-07-12 06:00:00,15.0,77.0,24.14719238281253,955.46846875,7.890826426265852,0.0,26.710242933273868,953.0681961293608,6.80193890747011,0.22108598508028715
2022-07-12 06:00:00,15.0,78.0,26.54719238281251,972.57246875,11.583219682492988,0.0,27.516275581175698,971.2298506397339,7.850319743221297,0.2469322412610701
2022-07-12 06:00:00,16.0,74.0,21.54719238281251,953.85246875,2.681165106465357,7.48224,24.248249717271154,954.6091246764692,4.219931055478569,2.1997038347487297
2022-07-12 06:00:00,16.0,75.0,22.04719238281251,934.95646875,7.205447249032924,0.16416,23.942511078306406,934.9235561951343,7.6971067458976465,0.5213007852171576
2022-07-12 06:00:00,16.0,76.0,22.14719238281253,943.51646875,6.634079232691405,0.3024,24.600337665711642,943.1935701822891,6.947903766330286,0.5178402677244183
2022-07-12 06:00:00,16.0,77.0,23.847192382812523,963.80446875,7.353896779381613,0.15552,25.97841567380225,962.1553448452376,5.907630424215812,0.3662606636134261
2022-07-12 06:00:00,16.0,78.0,24.04719238281251,972.33246875,9.32556446169878,0.0,26.81029196804257,971.1129816217575,7.443048143670911,0.2519281308707501
2022-07-12 06:00:00,17.0,74.0,21.447192382812545,933.21246875,5.577301076230712,2.35872,22.651103752123014,935.6247643798333,6.426114951857541,1.4649743545243263
2022-07-12 06:00:00,17.0,75.0,21.447192382812545,935.72446875,6.987845735800565,0.8640000000000002,23.00297116278173,934.9989561234129,8.161497383647205,0.6760041240121476
2022-07-12 06:00:00,17.0,76.0,22.64719238281253,951.38846875,8.18793093987573,1.8921600000000005,24.78528778241752,951.108451232329,8.235511745237108,0.25418263721438644
2022-07-12 06:00:00,17.0,77.0,22.447192382812545,959.27646875,7.251802119101965,5.54688,24.467061063852057,956.2423010829235,6.269859595836633,0.84363974396436
2022-07-12 06:00:00,17.0,78.0,21.04719238281251,936.62046875,10.180867611469468,3.0672,22.876909286431214,937.6090551479101,7.512899766489675,1.7279084163875784
2022-07-12 06:00:00,18.0,74.0,20.54719238281251,921.14846875,3.241187675656951,3.56832,23.32716670314152,921.7219762656358,5.978561265329233,0.8184277696135719
2022-07-12 06:00:00,18.0,75.0,21.64719238281253,949.56446875,4.344632491290533,3.62016,24.774092884548587,948.5791248825926,6.395047187126591,0.5345268097131317
2022-07-12 06:00:00,18.0,76.0,21.04719238281251,944.17246875,6.036780907131343,4.04352,24.066088350845227,944.361920830529,6.78827825943182,1.768044396613086
2022-07-12 06:00:00,18.0,77.0,20.947192382812545,937.93246875,9.205377983989978,9.84096,22.853824215326735,938.097304811162,6.497196052673145,1.346312519200381
2022-07-12 06:00:00,18.0,78.0,21.64719238281253,949.32446875,10.23851747223685,17.35776,23.594099273346565,947.9951392262171,7.224751647945902,2.22076621350389
2022-07-13 06:00:00,11.0,74.0,27.390917968750045,1009.61021875,9.630845887199182,2.7648,26.360083378883132,1009.775364337496,8.180040417037901,0.4307580743716604
2022-07-13 06:00:00,11.0,75.0,27.390917968750045,1009.54621875,9.218411297965078,1.8835200000000003,26.009067663092186,1009.8899489877344,7.498939550310029,0.4641539168705103
2022-07-13 06:00:00,11.0,76.0,26.890917968750045,1005.01821875,3.870134687963899,8.74368,26.491563432029615,1006.8337400324208,4.359700102581091,1.9229595523515162
2022-07-13 06:00:00,11.0,77.0,27.690917968750057,961.2262187500002,8.354155308059848,2.0736000000000003,27.027096496219603,957.9283370319567,6.970465230615203,0.17079397152951692
2022-07-13 06:00:00,11.0,78.0,31.790917968750023,988.49021875,11.491826070245002,0.0,31.96838091678041,987.9056809416993,7.915092237116666,0.02685068397409053
2022-07-13 06:00:00,12.0,74.0,27.49091796875001,1009.09821875,9.946453622822064,2.26368,26.692192987825432,1009.0420381802558,8.680759327042068,0.3365191950709944
2022-07-13 06:00:00,12.0,75.0,27.190917968750057,1008.87421875,9.79267256971604,5.75424,25.806095083275316,1008.9386940470454,7.8759694132589315,0.725171624435611
2022-07-13 06:00:00,12.0,76.0,19.99091796875001,918.13821875,3.792119021457963,8.77824,21.33775746384259,922.6359644749604,4.679101088382861,1.476332392976142
2022-07-13 06:00:00,12.0,77.0,24.59091796875004,924.09021875,10.429311934860422,0.44928,24.862863714897774,919.0896209362609,8.264277815882735,0.22184385818662256
2022-07-13 06:00:00,12.0,78.0,30.690917968750057,957.96221875,11.01760018741378,0.05184,29.06746104360919,951.3502428460218,7.538627930179346,0.06719259264692126
2022-07-13 06:00:00,13.0,74.0,27.59091796875004,1008.20221875,11.208080660524583,4.561920000000001,26.25182341909227,1008.7317756034987,9.527804376054231,0.632417473453425
2022-07-13 06:00:00,13.0,75.0,26.49091796875001,1000.5862187500002,5.679718721806635,12.83904,25.41337851768242,999.0149968228841,5.178666294155156,3.9599320854944455
2022-07-13 06:00:00,13.0,76.0,19.890917968750045,902.42621875,9.09598995571487,4.09536,21.352330830308183,898.486889216825,7.4049102357105845,1.0301124127527792
2022-07-13 06:00:00,13.0,77.0,23.59091796875004,920.42621875,9.93009911238995,0.4320000000000001,24.616925385738927,918.5606851515812,8.662387133331995,0.36829131073361027
2022-07-13 06:00:00,13.0,78.0,23.790917968750023,909.32221875,11.671644240232803,0.12096,25.411278216584183,910.3540792129373,9.982417175836506,0.09238613911612532
2022-07-13 06:00:00,14.0,74.0,27.390917968750045,1007.24221875,11.580581690404747,2.0563200000000004,25.940494251758203,1007.0438585546042,9.802086700054893,0.8743744029481697
2022-07-13 06:00:00,14.0,75.0,22.290917968750023,940.36221875,6.11523743446929,12.37248,23.03132805482056,938.5618416265511,5.925772867610985,2.5601842012674605
2022-07-13 06:00:00,14.0,76.0,22.190917968750057,926.93821875,9.245659371294872,1.8144000000000005,23.22402509632538,928.0216293785717,7.165669883770887,0.8393072340580956
2022-07-13 06:00:00,14.0,77.0,22.99091796875001,933.86621875,10.2665046342621,0.3456000000000001,24.844075895466446,933.2101148074638,8.907165115529518,0.3163526226562935
2022-07-13 06:00:00,14.0,78.0,23.190917968750057,932.01021875,10.638291108905849,0.05184,25.764215491496763,932.4654471599464,8.945854805132445,0.09562833269567356
2022-07-13 06:00:00,15.0,74.0,26.49091796875001,1002.15421875,10.168495661916708,21.35808,25.384044279063914,1000.498492632698,8.694329375634,3.187294778780557
2022-07-13 06:00:00,15.0,75.0,21.790917968750023,943.45021875,5.312551757381421,6.01344,23.122660387992813,942.4711053788303,5.940442489542826,1.373615923719574
2022-07-13 06:00:00,15.0,76.0,22.49091796875001,943.00221875,8.389924660777849,1.1404800000000002,23.959040163080374,944.0556789342056,7.725735949902847,0.5829197030478674
2022-07-13 06:00:00,15.0,77.0,24.49091796875001,952.60221875,9.032437082616124,0.32832,26.283358429116102,950.9237708134128,7.242823880488962,0.21710536793570337
2022-07-13 06:00:00,15.0,78.0,25.790917968750023,969.54621875,10.479568091567224,0.15552,27.95004211523268,968.8292539834396,7.412802407696065,0.11238690663043964
2022-07-13 06:00:00,16.0,74.0,21.09091796875004,951.37021875,3.817832262760529,13.53024,23.231750336156797,952.3213980404634,4.879797055245236,4.25310955502857
2022-07-13 06:00:00,16.0,75.0,21.890917968750045,931.85021875,9.42987458508762,2.92032,23.13132931548906,932.6357181669838,7.905639766262893,1.4272352920601812
2022-07-13 06:00:00,16.0,76.0,21.890917968750045,940.15421875,9.721519903865994,2.73024,23.893694055285604,940.3190177411112,7.836209299504882,1.037289549118413
2022-07-13 06:00:00,16.0,77.0,23.59091796875004,960.52221875,8.585731757831395,2.47104,25.92107225937018,958.7125638612823,6.703167616295091,0.5568328879867165
2022-07-13 06:00:00,16.0,78.0,23.49091796875001,969.43421875,8.671784119628127,0.8640000000000002,25.675198760123298,968.4611958587305,6.546501007277547,0.5807826391320314
2022-07-13 06:00:00,17.0,74.0,20.59091796875004,930.39421875,7.666239176950834,6.01344,22.525647982355828,932.6863584987301,7.413675655834457,2.2540871857985074
2022-07-13 06:00:00,17.0,75.0,21.59091796875004,932.36221875,11.090737488117064,6.16896,23.089169429409335,932.6496197940345,8.218362101084391,1.4774945402192603
2022-07-13 06:00:00,17.0,76.0,21.99091796875001,947.62621875,10.8943450973722,6.44544,24.375251132366405,947.1907141539159,8.957234828748549,1.1058170952998707
2022-07-13 06:00:00,17.0,77.0,22.390917968750045,955.62621875,9.1873675438503,7.46496,24.14643646048336,952.5723821214688,6.737337842458332,0.9915087071321983
2022-07-13 06:00:00,17.0,78.0,20.690917968750057,933.08221875,10.830200462758215,3.78432,22.560204203500017,933.8547442874332,7.787679153661896,1.4730880740360324
2022-07-13 06:00:00,18.0,74.0,21.790917968750023,917.59421875,5.887014508002724,17.55648,22.71793037306483,918.3603263684525,6.816317168140418,2.8699620757341275
2022-07-13 06:00:00,18.0,75.0,23.390917968750045,946.09021875,6.690431561969923,3.42144,24.735954153115074,945.590440801031,6.524668978112105,1.061925720932352
2022-07-13 06:00:00,18.0,76.0,21.09091796875004,940.36221875,6.703134890220921,12.80448,23.3736934120992,940.6498465552812,6.8019590950785025,2.0129775318616665
2022-07-13 06:00:00,18.0,77.0,20.690917968750057,933.91421875,9.586036010753652,18.29952,22.543567681633608,934.2485590790207,7.31209087606064,2.416820657421033
2022-07-13 06:00:00,18.0,78.0,21.49091796875001,945.43421875,10.713639981964006,27.37152,23.08991880204702,945.2205391740874,7.1595544444318815,2.152496805442461
2022-07-14 06:00:00,11.0,74.0,27.49409179687501,1007.76721875,9.71297949558197,0.4838400000000002,26.834670956605166,1007.7681593965898,9.039055357896562,0.13524855299920316
2022-07-14 06:00:00,11.0,75.0,27.59409179687504,1007.87921875,9.490046552689863,5.7888,26.54288439727173,1008.0213795312634,8.924551309748685,0.307751185578639
2022-07-14 06:00:00,11.0,76.0,28.294091796875023,1003.51121875,4.274552651342103,7.102080000000001,27.760309182158725,1005.0487830864284,4.6526036859295425,1.3702047148460557
2022-07-14 06:00:00,11.0,77.0,29.09409179687504,959.95921875,8.634193236751454,1.06272,26.96074014556014,956.9230475990738,6.686699959173701,0.4815544306270643
2022-07-14 06:00:00,11.0,78.0,32.99409179687501,987.04721875,11.871085283106313,0.0,32.45652729441334,986.8889196658334,8.277565644798013,0.017212648228202437
2022-07-14 06:00:00,12.0,74.0,27.894091796875045,1007.09521875,11.19252286763504,0.00864,26.50458287878394,1007.166542833836,8.79379969553386,0.31868532005749606
2022-07-14 06:00:00,12.0,75.0,27.794091796875023,1007.38321875,9.741449379513655,6.8601600000000005,26.545235224045378,1007.3002504778563,8.840675214694844,0.49410763441585925
2022-07-14 06:00:00,12.0,76.0,21.49409179687501,917.11121875,4.670856335218635,7.966080000000001,22.230172826781757,921.1639766194448,5.723081157096959,1.4728452296491428
2022-07-14 06:00:00,12.0,77.0,25.794091796875023,922.90321875,10.645431838184845,0.3888000000000001,24.607898269816143,918.6210101832401,7.781714315878087,0.17039156990228277
2022-07-14 06:00:00,12.0,78.0,30.794091796875023,956.98321875,10.932112457845044,0.00864,29.20463245472753,951.0784684060617,7.233346469946038,0.06047586698754952
2022-07-14 06:00:00,13.0,74.0,27.894091796875045,1006.55121875,12.269374127573789,0.15552,26.478000630470643,1007.0967179092596,9.4663047259025,0.1886616427332865
2022-07-14 06:00:00,13.0,75.0,27.194091796875057,999.14321875,5.940415803618216,12.01824,25.719012012920935,997.7373237794703,5.388483451077853,2.7219333851824614
2022-07-14 06:00:00,13.0,76.0,19.894091796875045,901.44721875,9.676074561710616,4.18176,20.998935996423253,897.8803981952375,7.877232272538866,1.3644913691431682
2022-07-14 06:00:00,13.0,77.0,24.59409179687504,919.79921875,11.2915308753827,0.5529600000000002,25.0045733822287,917.6236691715081,8.731039343498502,0.21729386002132392
2022-07-14 06:00:00,13.0,78.0,24.49409179687501,908.55121875,12.219599286259434,0.12096,25.246998242355346,909.7529854740479,10.178105937477769,0.18037656926874104
2022-07-14 06:00:00,14.0,74.0,27.49409179687501,1005.73521875,12.8683883576687,4.59648,26.516144351219996,1005.7046842673818,10.353154902682142,0.5751431405196268
2022-07-14 06:00:00,14.0,75.0,22.894091796875045,939.07921875,7.1594672611058,10.53216,22.830118807224196,937.3685537150427,6.831855216068711,2.742941968906747
2022-07-14 06:00:00,14.0,76.0,22.794091796875023,925.78321875,10.863317947751485,1.7539200000000004,23.048131911503948,925.424170675476,7.986802973552159,0.8346891555547223
2022-07-14 06:00:00,14.0,77.0,25.49409179687501,932.69521875,13.779101954121122,0.1296,25.66597896973247,931.9295910461962,10.17088162168042,0.20841034451231502
2022-07-14 06:00:00,14.0,78.0,26.194091796875057,931.23921875,12.05640970677147,0.3024,26.778297348937333,931.3522829225268,10.13541860137113,0.11123505921646604
2022-07-14 06:00:00,15.0,74.0,26.694091796875057,1000.53521875,10.26849583516262,10.30752,25.342217567709785,998.6968495187156,9.526674984349551,2.8914684788990477
2022-07-14 06:00:00,15.0,75.0,23.09409179687504,941.65521875,8.555099001401638,4.08672,22.985239923076918,940.974767704458,7.173149554736295,1.3330282725967066
2022-07-14 06:00:00,15.0,76.0,24.394091796875045,941.43121875,10.80523869607942,0.40608,24.65379917821332,941.9243455982938,9.402655307587828,0.7020168943679925
2022-07-14 06:00:00,15.0,77.0,25.294091796875023,951.27121875,9.92420915841041,0.06912,26.722391742515434,949.9013503745243,9.8257745358836,0.15434141985062227
2022-07-14 06:00:00,15.0,78.0,27.09409179687504,968.74321875,11.488909427017902,0.03456,28.742977656632046,967.1221616751177,9.24108139817699,0.08978839805061625
2022-07-14 06:00:00,16.0,74.0,22.09409179687504,949.47921875,5.199349838970451,12.2256,23.27109155201103,949.6235208026197,6.116133328395498,4.137985284336511
2022-07-14 06:00:00,16.0,75.0,22.394091796875045,930.16721875,9.71050719470774,0.9590400000000002,23.25876599829365,930.8561287739474,8.236351537405383,1.1008288588364505
2022-07-14 06:00:00,16.0,76.0,23.294091796875023,938.4712187500002,9.94630063718112,0.4233600000000001,24.17306125801324,938.4500969968647,9.851229329859255,0.8515664457900107
2022-07-14 06:00:00,16.0,77.0,24.99409179687501,959.27121875,8.472190512957425,0.2937600000000001,25.725638257700208,957.174310746957,8.352166571233276,0.5195250239408615
2022-07-14 06:00:00,16.0,78.0,24.59409179687504,968.56721875,7.414382031968059,0.7171200000000002,25.93055633896758,967.193811322023,6.774390096590623,0.6316360800316609
2022-07-14 06:00:00,17.0,74.0,20.99409179687501,928.08721875,9.851929289264024,11.9664,22.70696902647223,930.2120967503055,6.813939561302127,2.6797300247273816
2022-07-14 06:00:00,17.0,75.0,22.09409179687504,930.32721875,11.384285113131371,1.0281600000000002,23.12646176687565,930.8447959137488,9.798607279074597,1.0713820012842858
2022-07-14 06:00:00,17.0,76.0,23.09409179687504,946.55121875,10.135110975721458,0.25056,24.357284763857145,946.4952981302906,10.395162325175656,0.7389115380235441
2022-07-14 06:00:00,17.0,77.0,23.49409179687501,954.56721875,8.279206568521651,0.39744,24.967476298401436,952.1877922945506,7.301177919001827,0.9056951008072601
2022-07-14 06:00:00,17.0,78.0,22.794091796875023,932.56721875,9.734122673192076,1.3132800000000002,23.775051759929877,933.2815152094444,7.66696688869868,0.749887639501683
2022-07-14 06:00:00,18.0,74.0,21.99409179687501,915.22321875,9.483560296451936,9.62496,22.934629671185192,917.0896759294315,7.491306124283127,2.935320223968405
2022-07-14 06:00:00,18.0,75.0,23.99409179687501,943.99121875,9.357721571291515,0.3024,24.999578721136256,943.1998643029231,7.626697808469289,0.7186970849021472
2022-07-14 06:00:00,18.0,76.0,21.59409179687504,939.23921875,6.988361996665567,3.87936,24.38761073872619,940.0824510488129,6.50696697453961,0.626325193724012
2022-07-14 06:00:00,18.0,77.0,22.59409179687504,933.30321875,10.513958146028523,0.8899200000000003,24.033279563314807,933.4659943523795,7.733213332967595,0.7226549200169048
2022-07-14 06:00:00,18.0,78.0,22.894091796875045,945.68721875,8.18736651119437,1.3478400000000004,24.192726683395698,945.3064773833198,6.9763202589160604,0.5128723425147487
2022-07-15 06:00:00,11.0,74.0,27.822558593750045,1008.21653125,8.489496483953385,0.5270400000000002,26.988394969759042,1008.2174298896491,8.176321057686797,0.047360821599773666
2022-07-15 06:00:00,11.0,75.0,27.622558593750057,1008.2965312500002,7.789573658270353,1.1318400000000002,26.702895218100686,1008.5512107023651,7.609101184821815,0.050227957946092174
2022-07-15 06:00:00,11.0,76.0,27.92255859375001,1004.37653125,2.599707346112609,5.996160000000001,27.565053231609795,1005.8376745613886,4.453322334270779,1.5137856551515103
2022-07-15 06:00:00,11.0,77.0,27.122558593750057,961.78453125,6.935429763199655,0.4147200000000002,27.38302239755327,957.971393887142,6.147115636577193,0.2600227414637118
2022-07-15 06:00:00,11.0,78.0,32.42255859375001,989.12853125,9.878664582318963,0.0,32.627416165064815,988.1435035579697,7.210139803046157,0.010311512406956368
2022-07-15 06:00:00,12.0,74.0,27.92255859375001,1007.6565312500002,10.09054626809455,1.5552000000000004,26.96045195255929,1007.661738942833,9.136973364448806,0.1191218457636775
2022-07-15 06:00:00,12.0,75.0,27.822558593750045,1008.05653125,7.140792097626538,3.89664,26.557560321205802,1007.9588196640279,7.672147648159501,0.22710441601976797
2022-07-15 06:00:00,12.0,76.0,22.322558593750045,918.20053125,4.381067128436788,2.97216,22.901484234539677,922.2614001078044,4.939654745409749,0.8882593951876303
2022-07-15 06:00:00,12.0,77.0,25.42255859375001,924.48853125,9.263066408135357,0.2592,25.108597714522475,919.096142591598,6.433477465209391,0.2005177846922711
2022-07-15 06:00:00,12.0,78.0,30.722558593750023,958.44053125,8.69915018435497,0.02592,28.90931224264613,951.8951941000302,5.315288443588198,0.09150378746379952
2022-07-15 06:00:00,13.0,74.0,27.622558593750057,1007.35253125,9.993245358598507,1.2441600000000002,26.9865130880449,1007.5498997491538,8.939446109646957,0.11781017909565224
2022-07-15 06:00:00,13.0,75.0,28.52255859375004,1000.02453125,5.146456576825517,7.92288,27.201655758266114,998.3004614518519,4.93821785853678,1.1992688544560843
2022-07-15 06:00:00,13.0,76.0,23.02255859375004,902.55253125,11.150086688821949,1.3910400000000005,22.85739396661506,898.2426487830946,8.03226072989802,0.6643967960582939
2022-07-15 06:00:00,13.0,77.0,25.622558593750057,920.85653125,9.479809638670591,0.15552,25.56510642689692,918.7889263487384,6.794980874316759,0.09348451474993882
2022-07-15 06:00:00,13.0,78.0,24.722558593750023,910.32853125,10.072471644224825,0.09504,25.513630664852776,911.3539889625129,8.452443610263112,0.09433300959725392
2022-07-15 06:00:00,14.0,74.0,27.52255859375004,1006.58453125,11.441758354486566,3.4128,26.65652842774382,1005.8206099375008,9.490610619210846,0.4965587011763187
2022-07-15 06:00:00,14.0,75.0,24.822558593750045,940.10453125,7.2765492178509215,10.4112,24.134924823832986,937.784201359289,6.6515752471732625,2.2545371586019813
2022-07-15 06:00:00,14.0,76.0,25.42255859375001,926.95253125,11.655287349838565,0.8640000000000002,24.749097920734535,927.7745207733343,8.571924065733556,0.33154006797439534
2022-07-15 06:00:00,14.0,77.0,27.822558593750045,933.83253125,12.392806706738718,0.05184,27.370223809324603,932.8300635504404,8.727033853418254,0.1318677318591907
2022-07-15 06:00:00,14.0,78.0,28.92255859375001,932.5365312500002,10.981591146356903,0.01728,28.211508893622593,932.8095104911154,8.168275061503774,0.04903553980499289
2022-07-15 06:00:00,15.0,74.0,27.52255859375004,1001.62453125,9.021751956441545,7.24896,25.951886091534973,999.5276267465474,8.145017181148365,1.2744446592700114
2022-07-15 06:00:00,15.0,75.0,23.92255859375001,943.06453125,8.886384262346981,3.90528,24.106704085803592,941.9374547315119,7.725882810329319,0.8527707730834663
2022-07-15 06:00:00,15.0,76.0,27.222558593750023,942.79253125,12.04128573178522,0.9849600000000004,26.511277796840435,943.5042157287922,9.255305086819048,0.22077857548353122
2022-07-15 06:00:00,15.0,77.0,28.722558593750023,952.72853125,11.304464098703193,0.216,28.433235006145757,950.890170128425,9.291442837688859,0.05602912355148537
2022-07-15 06:00:00,15.0,78.0,29.122558593750057,970.42453125,10.6516255207668,0.05184,29.98282891756351,969.1745703240479,7.791448912776458,0.05644727764792039
2022-07-15 06:00:00,16.0,74.0,23.322558593750045,950.79253125,5.58537446150888,10.38528,24.17663009211785,951.0827156405156,6.494585541354911,3.313813046022779
2022-07-15 06:00:00,16.0,75.0,27.02255859375004,931.12853125,13.114698962285386,0.8121600000000001,25.855649995851703,931.4675768372086,9.690655316078292,0.17927534229547495
2022-07-15 06:00:00,16.0,76.0,27.92255859375001,939.91253125,11.614489316129848,0.18144,27.50632147184549,939.7507945767854,9.496991853240445,0.07809022198693316
2022-07-15 06:00:00,16.0,77.0,29.42255859375001,960.52053125,10.057322530800972,0.2419200000000001,29.355820328998107,958.7424281655549,8.401930088807408,0.05190200323082996
2022-07-15 06:00:00,16.0,78.0,29.822558593750045,969.84853125,9.757621568602508,0.18144,29.50477534020373,969.0291869534528,6.912401641429498,0.04507745679612886
2022-07-15 06:00:00,17.0,74.0,21.822558593750045,930.02453125,9.10181261803765,4.20768,22.921008379661007,931.5134164080829,7.423798237194709,0.8254219564232057
2022-07-15 06:00:00,17.0,75.0,25.722558593750023,932.18453125,13.051421818658566,0.9331200000000002,25.170418973872057,931.7015250379624,10.298108323566407,0.1720678562709433
2022-07-15 06:00:00,17.0,76.0,25.822558593750045,947.83253125,9.265604298263248,0.35424,27.095214372324346,947.4115781710188,9.312155934139943,0.11465002470112254
2022-07-15 06:00:00,17.0,77.0,27.42255859375001,956.21653125,8.225531040766874,0.10368,28.200187807446746,952.7291790232939,8.05942401892857,0.0822034667187804
2022-07-15 06:00:00,17.0,78.0,25.02255859375004,934.60053125,9.650745238401312,0.25056,26.58055375963802,935.5098940691676,8.125042942601842,0.14153683813769818
2022-07-15 06:00:00,18.0,74.0,21.52255859375004,917.19253125,6.966613865730027,4.0608,23.021692201743203,918.0825456126062,7.579780361181874,0.7749271340213815
2022-07-15 06:00:00,18.0,75.0,24.222558593750023,946.04053125,8.733717867961538,1.0195200000000002,26.15910540626335,945.2577667879356,8.39804479115333,0.4777100363792801
2022-07-15 06:00:00,18.0,76.0,23.52255859375004,940.96853125,7.865709584634235,0.3801600000000001,26.110503805060667,940.8956063529625,8.424368629602561,0.43079516285171576
2022-07-15 06:00:00,18.0,77.0,23.222558593750023,935.51253125,8.481811851800186,0.02592,26.16362067584523,935.4871839943722,8.395453127376987,0.13605624492276427
2022-07-15 06:00:00,18.0,78.0,27.122558593750057,947.64053125,9.462070244135957,0.06912,28.043808220666225,946.6538758617191,7.665568923214124,0.06108160639888675
2022-07-16 06:00:00,11.0,74.0,27.76569824218751,1008.31565625,6.860706492892143,4.70016,26.622555766776255,1008.4581028823438,7.226232570544336,0.20661203396855585
2022-07-16 06:00:00,11.0,75.0,27.26569824218751,1008.73165625,4.964075304670603,2.55744,26.357426283971776,1008.7797954023903,5.913658833641065,0.20528357846667755
2022-07-16 06:00:00,11.0,76.0,27.86569824218753,1004.31565625,3.084409052270726,5.42592,27.494366087841346,1005.9172396384521,4.065642134678155,1.4073517601069365
2022-07-16 06:00:00,11.0,77.0,29.76569824218751,961.48365625,6.825465470160023,0.8812800000000002,28.097608688598605,958.0097746758464,6.068665521241911,0.1708563605133945
2022-07-16 06:00:00,11.0,78.0,33.26569824218751,989.01965625,7.025271639166228,0.0,33.69331748696693,988.1654675219771,5.820068783910464,0.010124891318623947
2022-07-16 06:00:00,12.0,74.0,27.36569824218753,1007.97965625,7.9270374129346415,6.8256,26.219505378034846,1008.2844620756821,7.6544205715010865,0.46766411154362203
2022-07-16 06:00:00,12.0,75.0,27.565698242187523,1008.39565625,5.748122679063621,6.929279999999999,26.28248940425939,1008.3322720039822,6.3591967188117,0.34057163443164185
2022-07-16 06:00:00,12.0,76.0,22.165698242187545,918.47565625,3.3289959251549623,4.0262400000000005,23.08181611926192,922.3635847837837,3.9228908902137323,1.1039157945248552
2022-07-16 06:00:00,12.0,77.0,27.165698242187545,924.6196562500002,8.489761979831387,0.3456000000000001,26.474804443802714,919.283951874549,6.656510240623024,0.10431828503133019
2022-07-16 06:00:00,12.0,78.0,31.96569824218756,958.66765625,8.596890637911253,0.0,29.605783376138195,952.0012116550923,5.4725308951159795,0.04736660489107941
2022-07-16 06:00:00,13.0,74.0,27.46569824218756,1007.62765625,8.928784259741246,3.85344,26.156069959184926,1008.2193076853865,8.206588601268626,0.6638481594663749
2022-07-16 06:00:00,13.0,75.0,27.665698242187545,1000.12365625,4.4338728163903065,11.8368,26.05187083563497,998.493889054365,4.96673283344651,2.856179467830556
2022-07-16 06:00:00,13.0,76.0,20.065698242187523,903.19565625,5.16731032300079,2.16,22.61360393281493,898.6229272050666,6.122535623895766,0.5259145425767232
2022-07-16 06:00:00,13.0,77.0,23.165698242187545,921.75565625,6.861518299657466,0.5356800000000002,24.97196127376586,919.3471893768331,6.182158083104905,0.9287378447788845
2022-07-16 06:00:00,13.0,78.0,25.665698242187545,910.98765625,10.236738467677869,0.12096,25.61823853271441,911.6650045917983,7.646773085653087,0.08787040135097592
2022-07-16 06:00:00,14.0,74.0,27.665698242187545,1006.95565625,9.695405154299973,3.50784,26.187151344916987,1006.5541054075798,8.946859115406477,0.7842408299473476
2022-07-16 06:00:00,14.0,75.0,24.26569824218751,940.50765625,5.799595144104341,10.7136,23.41900734632658,938.2658679068551,6.090242767726969,2.4871551372468272
2022-07-16 06:00:00,14.0,76.0,24.665698242187545,927.62765625,9.097330050107931,2.71296,25.097629050460665,928.24587156492,6.657200572077913,0.2685564087952151
2022-07-16 06:00:00,14.0,77.0,27.46569824218756,934.65165625,11.084423539045256,0.2073600000000001,27.61792619152863,933.366512250396,7.255648056342067,0.09034729389757636
2022-07-16 06:00:00,14.0,78.0,27.665698242187545,933.48365625,9.98899269575031,0.10368,28.037874891591862,933.2082125629803,8.123701649346339,0.10132286858234824
2022-07-16 06:00:00,15.0,74.0,27.065698242187523,1002.12365625,6.7409678993661055,6.80832,25.707086392135476,1000.241412781151,7.8835010569640325,1.667188072086179
2022-07-16 06:00:00,15.0,75.0,24.065698242187523,943.67565625,6.4521471283587,4.561920000000001,23.738336119935976,942.6558661089898,6.078324276817826,1.2519234545432003
2022-07-16 06:00:00,15.0,76.0,27.065698242187523,943.53165625,9.784098428479494,2.29824,25.970756054789806,944.7416671350398,7.262815174856658,0.3452495506708017
2022-07-16 06:00:00,15.0,77.0,29.665698242187545,953.22765625,9.639605508674222,0.1728,28.996837833041052,951.4357834418037,7.7083740265463865,0.0639178845114571
2022-07-16 06:00:00,15.0,78.0,30.665698242187545,971.03565625,9.959391446319724,0.03456,30.623516021621665,969.6246468743306,7.883766204598142,0.07722630744871549
2022-07-16 06:00:00,16.0,74.0,23.165698242187545,950.98765625,4.491230504320674,10.2816,24.546695494742206,951.5602159847354,5.849990674635976,3.596021044134286
2022-07-16 06:00:00,16.0,75.0,25.665698242187545,932.23565625,10.651725267504126,1.0022400000000002,25.331886093492557,932.5407358885768,7.087828986344218,0.4404289827835058
2022-07-16 06:00:00,16.0,76.0,28.065698242187523,940.87565625,9.056895592099025,1.1232000000000002,27.81158092664534,940.6597661519043,6.97046514455555,0.08339327525549269
2022-07-16 06:00:00,16.0,77.0,30.165698242187545,961.24365625,7.807525361663494,0.9504000000000002,29.376938382310012,959.9317571226189,7.079419632434595,0.07012164374533018
2022-07-16 06:00:00,16.0,78.0,30.46569824218756,970.74765625,8.16567761401744,0.2073600000000001,30.116093254819795,969.699613816496,6.705943896688309,0.11018823734687345
2022-07-16 06:00:00,17.0,74.0,23.76569824218751,930.29965625,9.277306493481564,8.08704,23.999154806273705,932.1465894255952,6.847853815315611,1.2898388462883765
2022-07-16 06:00:00,17.0,75.0,26.96569824218756,933.17965625,10.548492607551722,1.3478400000000004,26.37389866010485,932.7620665221664,7.7861599049516235,0.4039472182514965
2022-07-16 06:00:00,17.0,76.0,28.76569824218751,948.68365625,8.904289589754702,1.1404800000000002,28.14818227587015,948.5971764266537,8.393094933544416,0.08145340120674376
2022-07-16 06:00:00,17.0,77.0,28.36569824218753,957.08365625,7.333577990326834,0.7257600000000002,28.602500650286675,954.0082070371941,6.753595788084953,0.19507092333387674
2022-07-16 06:00:00,17.0,78.0,26.46569824218756,935.78765625,8.112429729482535,0.39744,27.46488021003679,936.9529028308832,6.884054581941037,0.1627527565392987
2022-07-16 06:00:00,18.0,74.0,25.46569824218756,918.28365625,7.454389775912029,4.94208,24.70619466169169,918.9731750465478,6.626932660289828,0.6945021472350115
2022-07-16 06:00:00,18.0,75.0,29.665698242187545,946.65165625,9.455901290536934,0.2073600000000001,28.91394139904039,945.9497273756878,7.483892652002595,0.08481718028036182
2022-07-16 06:00:00,18.0,76.0,27.665698242187545,941.96365625,8.137535385842028,0.6048000000000001,27.860190723889925,942.1635755211607,7.548010332622747,0.09093246706133569
2022-07-16 06:00:00,18.0,77.0,27.26569824218751,936.74765625,7.291751502096815,2.81664,27.559303617834484,936.6896688951985,6.061350341523546,0.19653601732990034
2022-07-16 06:00:00,18.0,78.0,27.96569824218756,949.14765625,6.903097794308312,0.4665600000000001,28.452501826499454,947.9285198225659,5.654978635220502,0.11893831867476969
2022-07-17 06:00:00,11.0,74.0,27.636279296875045,1009.34846875,6.443047311520233,1.3996800000000005,26.848025406882627,1008.951062419581,6.192994225865762,0.0776268894049908
2022-07-17 06:00:00,11.0,75.0,27.536279296875023,1009.38046875,5.74862285999158,2.62656,26.510415913231014,1009.1733589236968,5.289715149430094,0.22224289226535657
2022-07-17 06:00:00,11.0,76.0,28.436279296875057,1004.83646875,3.104927675550939,3.66336,27.822083461105812,1006.235420671865,3.0372297996103157,0.5812305865290656
2022-07-17 06:00:00,11.0,77.0,29.83627929687504,962.03646875,5.862946773128917,0.6566400000000001,28.127200971391527,958.4141197970632,4.4236162721130965,0.15594088945063744
2022-07-17 06:00:00,11.0,78.0,32.53627929687502,989.76446875,4.451455960936823,0.0,33.20272838500927,988.7218275203234,4.269068083330952,0.01097317317513827
2022-07-17 06:00:00,12.0,74.0,27.83627929687504,1008.70846875,7.913047420173709,3.9744,26.840149058721185,1008.6359921169532,6.837545539047356,0.17795835482559594
2022-07-17 06:00:00,12.0,75.0,27.136279296875045,1009.28446875,5.47771091216021,6.238080000000001,26.255809894805793,1008.827448438042,5.544778664860618,0.2941838328029315
2022-07-17 06:00:00,12.0,76.0,20.83627929687504,919.44446875,2.186091883015921,3.2832000000000003,23.12021859696033,923.4506728475134,3.537256388283335,1.2138461980419908
2022-07-17 06:00:00,12.0,77.0,27.136279296875045,925.30046875,7.0378685527587095,0.3456000000000001,26.559576011928243,919.999636787636,6.019409677649206,0.18730430645186832
2022-07-17 06:00:00,12.0,78.0,31.33627929687504,959.58846875,7.780583029666542,0.01728,29.6495644801468,952.8940391386234,5.205158773658994,0.12502792369674937
2022-07-17 06:00:00,13.0,74.0,27.636279296875045,1008.51646875,7.694403273779117,3.55968,26.705928646934737,1008.6142413088163,6.602110995272992,0.3145829825100073
2022-07-17 06:00:00,13.0,75.0,28.23627929687501,1001.2524687500002,4.365763974869616,9.91872,26.770587892360947,999.3285362496305,4.131688760879367,1.797960602577363
2022-07-17 06:00:00,13.0,76.0,21.73627929687501,904.48446875,6.017935209101959,1.4342400000000004,24.09396976431747,900.1574495601589,5.997757557921444,0.37211818277405667
2022-07-17 06:00:00,13.0,77.0,24.936279296875057,922.22846875,7.1274948648270895,0.22464,26.158581314841257,919.9872577679926,5.985492013287539,0.19755432756851604
2022-07-17 06:00:00,13.0,78.0,25.136279296875045,911.42846875,8.725541293554192,0.10368,25.528149643207794,912.7518360383332,7.2181749606280015,0.3983565316293931
2022-07-17 06:00:00,14.0,74.0,27.436279296875057,1008.16446875,7.518390956806285,3.31776,26.228060818697454,1007.6382224726584,6.550203562510296,0.6012735012655883
2022-07-17 06:00:00,14.0,75.0,25.636279296875045,941.58846875,5.637518724962996,6.49728,24.824945580398477,939.543902789021,4.902449657392525,1.5840318838591732
2022-07-17 06:00:00,14.0,76.0,25.536279296875023,928.86846875,8.312336593277092,1.5897600000000005,24.93088842166141,929.5149256403952,5.949577112767031,0.26746817939634654
2022-07-17 06:00:00,14.0,77.0,27.136279296875045,935.82846875,9.271792757276163,0.3110400000000001,27.12960267304161,934.6573437795629,6.492045663246799,0.13107093365992928
2022-07-17 06:00:00,14.0,78.0,27.436279296875057,934.32446875,9.257694017769875,0.06912,27.932573347809047,934.2797411186074,6.490233083451682,0.20353627965982096
2022-07-17 06:00:00,15.0,74.0,27.136279296875045,1003.58846875,5.905340291737851,8.4672,25.848909756795628,1001.1616172603176,5.681665116819258,1.2314982801844323
2022-07-17 06:00:00,15.0,75.0,25.536279296875023,945.07646875,5.930014565361721,3.93984,25.625164273862318,943.6626953669046,5.399693058279465,0.7507194388729924
2022-07-17 06:00:00,15.0,76.0,27.23627929687501,944.72446875,8.149434352452532,0.6393600000000002,27.030821065871773,945.8933799174605,6.711408999952327,0.15145322697289323
2022-07-17 06:00:00,15.0,77.0,26.33627929687504,954.91646875,6.193999485806225,0.01728,27.915627117554948,952.8430280812257,5.426152285704737,0.22081278971985455
2022-07-17 06:00:00,15.0,78.0,28.33627929687504,972.05246875,8.421465497134427,0.01728,29.65124813602317,971.0977685148537,6.33875884843765,0.2056116949184323
2022-07-17 06:00:00,16.0,74.0,23.036279296875023,952.70846875,2.912014556226599,5.94432,24.575121210438063,953.1969938394769,3.53689869327736,2.014795838619763
2022-07-17 06:00:00,16.0,75.0,24.23627929687501,934.1324687500002,6.8219295059300284,0.39744,26.373671479932526,934.3200123195516,6.141480084039395,0.22082673272612524
2022-07-17 06:00:00,16.0,76.0,26.436279296875057,942.61246875,8.743594704453868,0.12096,27.232081813986515,942.2305307744281,6.464141472317873,0.24572293287636632
2022-07-17 06:00:00,16.0,77.0,28.33627929687504,962.98046875,7.863433463274148,0.06912,28.028719253094643,961.8416714195899,6.0968989700681675,0.46195887512231043
2022-07-17 06:00:00,16.0,78.0,29.73627929687501,971.66846875,8.69700924546563,0.10368,28.976791986194446,970.8458747233732,5.7443856583291195,0.23883296800191378
2022-07-17 06:00:00,17.0,74.0,22.436279296875057,932.26046875,3.236787289778144,5.08032,24.885084166914563,934.3631632706092,4.841143015176194,0.8320392355182129
2022-07-17 06:00:00,17.0,75.0,25.73627929687501,935.14046875,8.591861114362132,0.44928,26.693794128313467,934.2111742177641,7.194546154717403,0.16838497942910632
2022-07-17 06:00:00,17.0,76.0,27.83627929687504,950.53246875,8.076813860369112,0.3110400000000001,27.923927964546365,950.493572414563,5.977754524199498,0.1862511335232849
2022-07-17 06:00:00,17.0,77.0,27.936279296875057,958.43646875,6.573472337031218,0.12096,28.141306286264346,955.3717344233341,5.364918660625069,0.2911094443574197
2022-07-17 06:00:00,17.0,78.0,25.33627929687504,936.75646875,7.496324834654122,0.0864,26.786314415198415,937.8118108014372,6.2219999233942715,0.2567671371159627
2022-07-17 06:00:00,18.0,74.0,22.536279296875023,920.67646875,1.7321107098067252,1.0195200000000002,25.618114434865078,921.0773049642866,5.8170591369863764,0.6482979324554601
2022-07-17 06:00:00,18.0,75.0,28.536279296875023,948.94846875,5.577549429014276,0.12096,28.689528876487255,948.0126139335457,5.439319869037295,0.21643807612135238
2022-07-17 06:00:00,18.0,76.0,27.23627929687501,943.63646875,6.035130622218387,0.13824,27.889616301745967,944.2646493846427,5.447184493259197,0.2831296857945039
2022-07-17 06:00:00,18.0,77.0,25.33627929687504,938.24446875,6.198588445925787,0.05184,27.212978992052314,938.3533333753178,5.538226347238699,0.20731372854597147
2022-07-17 06:00:00,18.0,78.0,25.536279296875023,950.48446875,5.333985890931843,1.0713600000000003,27.258453291306555,949.2478376420374,4.582375960050799,0.18294127488305215
2022-07-18 06:00:00,11.0,74.0,27.354907226562545,1010.0846875,7.172464936198707,5.4864,26.384541567126064,1010.2645923154497,7.291195002777669,0.2436477080727976
2022-07-18 06:00:00,11.0,75.0,27.15490722656256,1010.1646875,5.642258380133563,3.24864,26.12119998600869,1010.3576576256348,6.274916365737306,0.5091053346418388
2022-07-18 06:00:00,11.0,76.0,29.55490722656253,1005.1086875,3.773676505016765,1.1318400000000002,27.480780358138897,1007.1805242428971,2.8693201909507913,0.27943334484029375
2022-07-18 06:00:00,11.0,77.0,29.45490722656251,962.8366875000002,4.181843461394663,2.17728,27.260024116449753,959.7792296906299,3.7978869209265858,0.11433438672418106
2022-07-18 06:00:00,11.0,78.0,29.65490722656256,991.1086875,3.666283087674582,0.00864,30.660748253790988,990.4648293385311,3.9491357254055544,0.038424416228019474
2022-07-18 06:00:00,12.0,74.0,27.254907226562523,1009.7006875,7.24009520674948,5.832,26.288638355616555,1009.6806150198418,7.293931938038254,0.24091909321866192
2022-07-18 06:00:00,12.0,75.0,26.854907226562545,1009.9086875,5.128600439689594,4.05216,25.96981095905799,1009.7244769576726,5.806250591611736,0.5966084359771846
2022-07-18 06:00:00,12.0,76.0,22.65490722656256,919.6206875,1.6495571994809068,0.44928,23.397894102039682,923.6362528990079,3.301527882646031,1.2847483883053672
2022-07-18 06:00:00,12.0,77.0,25.95490722656251,926.2446875,5.359087937762525,0.0864,24.988051797886264,921.1206910538759,4.992784539141371,0.13048155748475274
2022-07-18 06:00:00,12.0,78.0,30.15490722656256,960.5806875,4.044161142311752,0.2073600000000001,28.807248166990146,954.126759443929,4.01824338223135,0.06090921946269581
2022-07-18 06:00:00,13.0,74.0,27.05490722656253,1009.1406875,7.491656272829037,8.242560000000001,25.965357926745323,1009.5723983110852,7.054016638282258,0.5819203637586102
2022-07-18 06:00:00,13.0,75.0,28.05490722656253,1001.7006875,3.355637825231579,6.0048,26.133117764814735,1000.0381979417859,3.2730638929923064,0.5976491867183821
2022-07-18 06:00:00,13.0,76.0,22.05490722656253,904.5646875,4.924183029208048,0.8208000000000002,23.144894420602967,900.6102054141353,5.56594234787535,0.42124956418812504
2022-07-18 06:00:00,13.0,77.0,25.254907226562523,922.8366875000002,5.514182166920521,0.07776,25.21528890496033,920.7235252719881,5.161029634940391,0.0878799610149004
2022-07-18 06:00:00,13.0,78.0,25.45490722656251,912.5006875,7.539045310165889,0.09504,25.584729751379754,913.456708824894,6.486286243911784,0.0734069584109726
2022-07-18 06:00:00,14.0,74.0,27.354907226562545,1008.7726875,7.021364550125962,7.06752,25.859982370085753,1008.4468479065811,6.254585570276196,0.5826458503147754
2022-07-18 06:00:00,14.0,75.0,23.55490722656253,942.0686875,3.3723136428751395,4.968,24.01048720692019,940.2630229083334,3.6608908602919072,0.7364755747616348
2022-07-18 06:00:00,14.0,76.0,24.15490722656256,929.3486875,6.490163913664608,1.2268800000000002,24.359423715898807,930.514280812699,6.2975573162547605,0.20939094731127622
2022-07-18 06:00:00,14.0,77.0,25.15490722656256,936.5646875,8.081775471077266,0.06912,26.258745264900202,935.4289053286511,6.663834176602157,0.10642695148429356
2022-07-18 06:00:00,14.0,78.0,27.55490722656253,935.1726875,8.426545263475782,0.01728,27.259650876350968,935.1857292614117,6.654181698847782,0.045869631797518504
2022-07-18 06:00:00,15.0,74.0,26.45490722656251,1004.0526875,5.166955703266241,6.85152,25.091727481840124,1001.9668713834137,5.207631975117785,1.0633576365546424
2022-07-18 06:00:00,15.0,75.0,24.754907226562523,945.3966875,5.454842780057052,0.8899200000000003,25.179357654748937,944.5270406055157,5.398567268929558,0.32486306771473794
2022-07-18 06:00:00,15.0,76.0,25.354907226562545,945.4606875,6.8399164983469865,0.2937600000000001,26.609990573565163,946.8116026246431,6.6114335664695565,0.2084337664701481
2022-07-18 06:00:00,15.0,77.0,28.854907226562545,955.1406875,7.970701665983321,1.06272,28.346182447939295,953.3865442411515,6.506418258296478,0.10529263308643091
2022-07-18 06:00:00,15.0,78.0,29.65490722656256,972.9646875,7.392872157000276,3.0672,29.080259792686526,972.0633533101841,5.7818051642153465,0.12332240925357188
2022-07-18 06:00:00,16.0,74.0,22.95490722656251,953.3166875000002,2.699178882531902,4.80384,24.55605636296449,954.2193414197546,3.5289523292875433,0.8466047231794842
2022-07-18 06:00:00,16.0,75.0,24.95490722656251,934.2926875,7.207260600298097,0.19872,25.76871154509788,935.0223047365976,6.6772363588109185,0.14895784949337623
2022-07-18 06:00:00,16.0,76.0,25.95490722656251,943.0446875,8.484649157590795,0.11232,26.58004591014718,942.993510213991,7.200785971555177,0.1969391399661575
2022-07-18 06:00:00,16.0,77.0,29.05490722656253,963.3006875,7.512460176245316,2.92032,27.70611188820131,962.3417346595497,6.179609727151302,0.19829462885006202
2022-07-18 06:00:00,16.0,78.0,29.15490722656256,972.4846875,7.93545627843399,2.87712,28.262600439358472,972.0179379350917,5.916895863621428,0.19017846249707784
2022-07-18 06:00:00,17.0,74.0,21.95490722656251,933.0286875,3.8054801971014336,4.77792,23.4696039143343,935.57965938449,4.59688126174881,0.7331732704170306
2022-07-18 06:00:00,17.0,75.0,22.65490722656256,935.7326875,6.305123288010754,1.2787200000000003,25.179634983640106,935.2923974583938,6.884995971961586,0.39419099352928494
2022-07-18 06:00:00,17.0,76.0,24.65490722656256,951.2526875,8.083819151217677,1.3996800000000005,26.175837321861287,951.1345958566933,7.685413098104606,0.2531407744273977
2022-07-18 06:00:00,17.0,77.0,25.754907226562523,959.1246875,7.555554557874329,0.8035200000000002,26.97555634082298,956.2762703244173,6.122718558664991,0.26765672886735153
2022-07-18 06:00:00,17.0,78.0,25.45490722656251,937.1726875,8.208667909407556,2.0563200000000004,25.845377389832606,938.5586987663453,6.402342071832715,0.32364699082402776
2022-07-18 06:00:00,18.0,74.0,21.754907226562523,921.1726875,1.7508197966149082,5.94432,23.95503169896031,921.9158682917068,5.076308795334921,0.9008220094912033
2022-07-18 06:00:00,18.0,75.0,23.15490722656256,949.7486875,2.8740094827772698,6.333120000000001,25.993075835186513,948.9436817425792,5.0699790716515905,0.5961334925187038
2022-07-18 06:00:00,18.0,76.0,22.254907226562523,944.3406875,4.521383086933954,8.2944,25.2565514164471,945.0255642303438,5.83852961329016,1.0315483709358066
2022-07-18 06:00:00,18.0,77.0,22.65490722656256,938.3246875,7.49778219417665,0.3801600000000001,24.996014688971243,938.7224259455949,5.9944993054001285,0.545026874019253
2022-07-18 06:00:00,18.0,78.0,23.754907226562523,950.4526875,6.735370270803829,0.2592,25.422291925671285,949.4252435239954,5.161720101503835,0.6602493268952507
2022-07-19 06:00:00,11.0,74.0,26.89155273437501,1010.1528125,11.269988990510596,7.102080000000001,26.283268384208196,1010.2796169515474,8.626813508057872,0.6237987827353924
2022-07-19 06:00:00,11.0,75.0,26.89155273437501,1009.7688125,6.867880329138726,4.30272,26.060673268862928,1009.803312509483,7.218791195199337,0.4640098367022501
2022-07-19 06:00:00,11.0,76.0,29.291552734375045,1004.3448125,2.901269336048022,1.7280000000000004,27.883707272633615,1006.0306772794047,3.2868165200646833,0.31891259924353677
2022-07-19 06:00:00,11.0,77.0,29.191552734375023,962.3608125,4.106182539702178,1.1059200000000002,27.434403880370372,958.6347310103965,3.875825286242063,0.24099801849600933
2022-07-19 06:00:00,11.0,78.0,31.49155273437504,990.6328125,3.3962527446591824,0.0,32.50222664643866,989.9866037301597,3.9535296106035713,0.018828011907448636
2022-07-19 06:00:00,12.0,74.0,26.791552734375045,1009.9608125,9.4912157033686,8.3808,26.040267760377837,1009.7392966475007,8.193304511082871,0.6425236665331223
2022-07-19 06:00:00,12.0,75.0,26.791552734375045,1009.7368125,3.4960897856876336,5.25312,26.02092764136449,1009.6524723685457,3.4646048782976195,0.5500326252940096
2022-07-19 06:00:00,12.0,76.0,25.291552734375045,918.7768125,2.128526942250504,3.93984,25.25652051147221,922.938720263122,3.498320373539683,0.8908753342053941
2022-07-19 06:00:00,12.0,77.0,26.99155273437504,925.6568125,3.1588315928167026,0.5011200000000001,26.19544134083442,920.6281517207859,3.737007967136507,0.26574652072829574
2022-07-19 06:00:00,12.0,78.0,31.39155273437501,960.5848125,2.367241199997247,0.0,30.229809697896084,954.1115147710717,3.6878267472048925,0.0211181666494344
2022-07-19 06:00:00,13.0,74.0,26.89155273437501,1009.6888125,6.687005548349119,6.60096,26.0846567290655,1009.6941955506355,6.871359030011915,0.8116394268474103
2022-07-19 06:00:00,13.0,75.0,27.89155273437501,1001.5608125,2.9250780973380706,5.75424,26.22513425045832,999.9494679805955,3.434408156955797,0.7658575314325762
2022-07-19 06:00:00,13.0,76.0,23.091552734375057,904.2648125,4.875547379179148,0.8640000000000002,23.564539915849206,900.036553362593,5.24062232907318,0.7116223084548687
2022-07-19 06:00:00,13.0,77.0,26.89155273437501,922.4728125,3.787466640805488,0.03456,26.06246762832735,920.4969449872052,4.07563344260238,0.10792218139572302
2022-07-19 06:00:00,13.0,78.0,27.191552734375023,912.5368125,4.233498455231652,0.0,26.39964132505677,913.6626150275126,4.396907081418255,0.07676037948588477
2022-07-19 06:00:00,14.0,74.0,26.89155273437501,1009.2728125,4.885456673108849,6.42816,25.926125552973925,1008.8177418420904,5.676622387186556,0.7718062501146508
2022-07-19 06:00:00,14.0,75.0,25.39155273437501,942.1208125,3.619483294191749,2.83392,24.682073796035052,940.242793309683,3.96879768075064,0.8284866174009567
2022-07-19 06:00:00,14.0,76.0,26.49155273437504,929.1448125000002,6.239236269692191,0.32832,26.008964850732912,930.222363982381,6.063982566848678,0.13700907713821925
2022-07-19 06:00:00,14.0,77.0,28.39155273437501,936.2328125,5.666790807605971,0.0,27.990092504132548,934.842045203613,5.031017908156463,0.08637581361757328
2022-07-19 06:00:00,14.0,78.0,28.99155273437504,935.3688125,5.599013540569449,0.0,28.351716618421626,935.4090814180247,4.802475964280472,0.056734159937542404
2022-07-19 06:00:00,15.0,74.0,27.39155273437501,1004.4248125,3.193316245395221,2.19456,25.757265686852637,1002.4468973865346,3.576947886522068,0.49031955496427104
2022-07-19 06:00:00,15.0,75.0,26.89155273437501,945.5288125,4.861478989903886,0.6566400000000001,26.398685980053745,944.8152207758342,5.1654233447612565,0.3090482517975205
2022-07-19 06:00:00,15.0,76.0,27.691552734375023,945.4808125,6.787938592998893,0.15552,27.289716505262085,946.8504442961114,6.669094535435895,0.1743824770150128
2022-07-19 06:00:00,15.0,77.0,29.89155273437501,955.4328125,5.890180490567705,0.12096,28.820941236607965,953.2652975994545,5.081532870729893,0.09152869107705251
2022-07-19 06:00:00,15.0,78.0,31.591552734375057,973.2088125,5.231245406821045,0.01728,31.30908534404516,972.3667276414817,4.578207956068938,0.1215779059727547
2022-07-19 06:00:00,16.0,74.0,25.691552734375023,953.4328125,3.206780770598944,1.8662400000000003,25.82499906863789,954.1626616867389,3.728833316123257,0.4449678601651158
2022-07-19 06:00:00,16.0,75.0,27.691552734375023,934.5368125,6.699907411071676,0.12096,27.068681554154487,935.0120819751481,6.441185752129743,0.1358406043173473
2022-07-19 06:00:00,16.0,76.0,28.191552734375023,943.4488125,6.415371816769618,0.12096,27.775931749307354,943.3120939884094,5.890344918839748,0.20716305813318775
2022-07-19 06:00:00,16.0,77.0,29.89155273437501,963.8008125,5.786317769584128,0.2419200000000001,29.245976557799448,962.5480560176989,4.9966941247524534,0.15157716745403588
2022-07-19 06:00:00,16.0,78.0,29.99155273437504,973.6568125,5.1251947743609,0.15552,29.41635990899209,972.7941665626585,4.724453723556424,0.1925611605752188
2022-07-19 06:00:00,17.0,74.0,24.791552734375045,933.4008125,4.813761476362134,3.1968,25.379120351723554,935.5997257313155,5.3195479216249435,0.46788585737538907
2022-07-19 06:00:00,17.0,75.0,26.49155273437504,936.0408125,6.559959060953528,0.19008,26.729383395171965,935.7776359212195,6.133688329603684,0.17586342889385706
2022-07-19 06:00:00,17.0,76.0,27.791552734375045,951.6408125,6.794650817156787,0.03456,27.83946788944564,951.7607375047486,6.490882097311159,0.21314488505348386
2022-07-19 06:00:00,17.0,77.0,28.191552734375023,959.6248125,6.638057488250896,0.05184,28.064916971649122,956.5167006901054,5.586300097126497,0.24563830749997204
2022-07-19 06:00:00,17.0,78.0,26.691552734375023,938.3608125,6.606249193659745,0.0864,27.135585824875673,939.4106582535053,5.41280592465847,0.24430142007292013
2022-07-19 06:00:00,18.0,74.0,21.99155273437504,921.8168125,1.8936159297992308,1.2960000000000005,23.902749943492065,922.3923548641266,5.544422007381615,0.7998970344470526
2022-07-19 06:00:00,18.0,75.0,27.691552734375023,950.1688125,5.349947994648993,0.0864,27.736377870780448,949.1994129202778,5.275776991606934,0.21441164319694303
2022-07-19 06:00:00,18.0,76.0,26.89155273437501,944.8728125,6.337306032113925,0.3801600000000001,27.808853514283182,945.2546037858331,6.023532747995306,0.2282146052122642
2022-07-19 06:00:00,18.0,77.0,26.791552734375045,939.4008125,6.95474990778416,0.2073600000000001,27.46793185662566,940.4439088018921,5.729853839275001,0.2329191497415834
2022-07-19 06:00:00,18.0,78.0,28.39155273437501,951.6248125,6.514069504114395,0.12096,28.423190743639438,950.6733760728173,5.223605876710056,0.22233654293433627
2022-07-20 06:00:00,11.0,74.0,27.027026367187545,1010.270625,9.275024813174785,6.27264,26.10602246608494,1010.2679693409391,7.992385254405161,0.5176824736359155
2022-07-20 06:00:00,11.0,75.0,26.927026367187523,1009.678625,8.536949111290166,3.26592,26.07501482125634,1009.7855512532493,7.23192232919374,0.5008038020546518
2022-07-20 06:00:00,11.0,76.0,30.22702636718753,1004.238625,3.623369519070157,3.00672,28.247259177072763,1005.9594616567068,3.495437738959523,0.5183407981601061
2022-07-20 06:00:00,11.0,77.0,30.12702636718751,962.302625,3.3321483503526603,1.0195200000000002,28.27360901736509,958.6834135854758,3.792103488250398,0.518491647697136
2022-07-20 06:00:00,11.0,78.0,33.027026367187545,990.094625,3.604744165658876,0.0,33.713758076870384,989.2694599165085,4.093306829353173,0.016559041376584076
2022-07-20 06:00:00,12.0,74.0,27.22702636718753,1010.206625,8.910657132285394,4.561920000000001,26.18502657060206,1010.3053486696831,7.8350723247922875,0.4494165581209333
2022-07-20 06:00:00,12.0,75.0,26.927026367187523,1009.598625,6.412715139532491,3.24864,26.07443655785635,1009.620699062259,6.5252292439488295,0.5233842647470979
2022-07-20 06:00:00,12.0,76.0,27.027026367187545,918.910625,2.0103152037931027,1.7107200000000002,25.983552683763364,923.1981651684391,3.5026747397388887,0.38928219899740607
2022-07-20 06:00:00,12.0,77.0,28.12702636718751,925.646625,2.2932430216818123,0.8121600000000001,27.191808512784736,920.5023692973247,3.6165786559531745,0.3407689801012969
2022-07-20 06:00:00,12.0,78.0,32.027026367187545,959.950625,2.294311224735096,0.8640000000000002,29.9475882074667,953.1572950740755,3.647356191973148,0.45112952369886
2022-07-20 06:00:00,13.0,74.0,26.82702636718756,1010.222625,7.03146036364814,6.0307200000000005,26.00935760026403,1010.1971358323809,7.0067318552375655,0.7007881182630971
2022-07-20 06:00:00,13.0,75.0,28.72702636718753,1001.726625,3.5510950434569057,4.59648,27.010477926147892,1000.0770719702383,3.447399091542064,1.0083925350649687
2022-07-20 06:00:00,13.0,76.0,26.527026367187545,904.398625,3.669293824399128,1.2960000000000005,25.475290465692886,900.4579958961906,3.9875733102010598,0.28008646269531356
2022-07-20 06:00:00,13.0,77.0,27.72702636718753,922.702625,3.416556887950456,0.01728,26.799400950575524,920.4586175663851,4.040543182450001,0.09556398700078805
2022-07-20 06:00:00,13.0,78.0,27.72702636718753,912.478625,4.253967826327537,0.03456,26.893419521378792,913.5453079723146,4.430237652496033,0.10860550828014562
2022-07-20 06:00:00,14.0,74.0,26.527026367187545,1010.014625,5.1979954897229215,5.59872,25.74050136729976,1009.7655201713493,5.751557799130819,0.756773840283245
2022-07-20 06:00:00,14.0,75.0,26.22702636718753,942.526625,3.143354850888093,3.31776,24.491552179772018,940.5819679441272,3.7012234758905858,0.7995540009408945
2022-07-20 06:00:00,14.0,76.0,27.027026367187545,929.710625,5.218681963614156,0.0864,26.192756440108955,930.5550786841269,5.044932857993512,0.1484303293023747
2022-07-20 06:00:00,14.0,77.0,28.32702636718756,936.798625,4.696706769052235,0.0,27.873541120062207,935.5518337815876,4.69714967854566,0.183742549011167
2022-07-20 06:00:00,14.0,78.0,29.22702636718753,935.470625,4.914450310795052,0.0,29.178999605596243,935.3881311692552,4.597007934352433,0.04566514388886765
2022-07-20 06:00:00,15.0,74.0,27.027026367187545,1005.198625,4.287203010150362,6.61824,25.8206021047541,1003.3011271539556,4.663000281553439,1.3124449445935595
2022-07-20 06:00:00,15.0,75.0,27.027026367187545,946.350625,3.701414891507092,0.3456000000000001,26.622995681763403,945.3420449563888,4.139791610662017,0.347927685802571
2022-07-20 06:00:00,15.0,76.0,28.527026367187545,946.190625,5.003929762517763,0.03456,27.750351501298645,946.8697175360326,5.052866632902312,0.22367585342311821
2022-07-20 06:00:00,15.0,77.0,31.12702636718751,955.838625,3.765303595185149,0.0,30.28735676720303,953.5211872981621,4.090189091568916,0.03140977866855756
2022-07-20 06:00:00,15.0,78.0,32.727026367187534,973.262625,4.957896935525103,0.0,32.29393035998385,972.4156011369578,4.501984501533512,0.017167721499555366
2022-07-20 06:00:00,16.0,74.0,25.62702636718751,954.366625,2.824382214641452,3.888,25.389115059112633,954.4317436664692,3.580269171645744,1.1524759039960406
2022-07-20 06:00:00,16.0,75.0,27.927026367187523,935.374625,5.735586361481096,0.22464,27.22133522758127,935.2401746033876,5.255772613706599,0.1699569811683708
2022-07-20 06:00:00,16.0,76.0,28.72702636718753,944.254625,5.656455800110322,0.0,28.138208159605,944.247261138506,5.159226227608002,0.12273487056678635
2022-07-20 06:00:00,16.0,77.0,30.82702636718756,964.574625,5.164529756834276,0.0,30.323607404622585,963.1327396932807,4.721889645675865,0.030311823614680388
2022-07-20 06:00:00,16.0,78.0,30.82702636718756,973.790625,5.605448371639626,0.0,30.90991925155908,973.0716790633335,4.620041757911187,0.036435761408208485
2022-07-20 06:00:00,17.0,74.0,25.62702636718751,934.206625,4.893234884871519,2.79936,25.820314873222223,936.015396720799,5.1829959166191175,0.37519267889230296
2022-07-20 06:00:00,17.0,75.0,27.62702636718751,936.750625,6.374713652564752,0.06912,27.44368294624502,936.4065966436106,5.951297797458069,0.22312980237939353
2022-07-20 06:00:00,17.0,76.0,29.027026367187545,952.286625,5.898522667584483,0.0,29.39839703417109,952.133786838399,5.249651313425659,0.10841659374797795
2022-07-20 06:00:00,17.0,77.0,29.22702636718753,960.574625,5.373225254954114,0.01728,29.290978205382725,958.172674274153,4.833384841872402,0.12655782809617674
2022-07-20 06:00:00,17.0,78.0,27.62702636718751,938.926625,5.855583075672456,0.01728,27.629137751427017,939.4996844901331,4.913285303410583,0.2384482056816483
2022-07-20 06:00:00,18.0,74.0,26.72702636718753,922.366625,3.6614321691311695,1.5897600000000005,25.921356204103184,922.9466772592856,5.299637563709256,0.3953572762961548
2022-07-20 06:00:00,18.0,75.0,29.72702636718753,950.734625,3.8907695545244265,0.05184,29.542614104739425,950.2975591720239,4.907151864621563,0.12288867309742708
2022-07-20 06:00:00,18.0,76.0,27.82702636718756,945.806625,5.24067963893775,0.05184,28.00162733494976,946.3088582159922,5.092927496833968,0.24607857611186484
2022-07-20 06:00:00,18.0,77.0,28.027026367187545,940.382625,5.672526458958661,0.12096,28.348552646124343,940.5450941467464,5.03777925609463,0.2386238100825682
2022-07-20 06:00:00,18.0,78.0,28.82702636718756,952.686625,5.706507231832891,0.0864,28.539122262908712,951.7180265271029,4.593482842307858,0.14581393341041468
2022-07-21 06:00:00,11.0,74.0,27.130273437500023,1009.2761875,9.586635302666894,2.047680000000001,26.265792889616094,1009.0407243758337,8.486177076160114,0.4549386396171738
2022-07-21 06:00:00,11.0,75.0,26.630273437500023,1009.0041875000002,8.881194881325888,6.57504,25.973752752426815,1009.029239650953,7.5036235958485005,0.6086489777050593
2022-07-21 06:00:00,11.0,76.0,29.730273437500045,1003.5961875,3.9150462038016425,1.2873600000000005,27.87881883598281,1005.5025838665076,3.6919801463605815,0.38255349099111063
2022-07-21 06:00:00,11.0,77.0,29.030273437500057,961.8521875,3.629206269294865,0.7084800000000001,27.746625537748145,958.2446552958726,3.894230325477779,0.9001850206499036
2022-07-21 06:00:00,11.0,78.0,32.53027343750006,989.3241875,3.8400473605187018,0.0,32.9941166914987,988.5398067373286,4.1392243861301585,0.008968615972633652
2022-07-21 06:00:00,12.0,74.0,27.230273437500045,1009.3401875,8.730728037848298,1.6502400000000004,26.279261958657248,1009.0702882253242,7.434315958799822,0.3998809785080918
2022-07-21 06:00:00,12.0,75.0,26.93027343750004,1009.0681875,7.465714456387139,3.94848,26.023742645306392,1008.9822424649604,7.224230350977732,0.4785170601655141
2022-07-21 06:00:00,12.0,76.0,26.130273437500023,918.4121875,2.35038539072487,0.5011200000000001,25.327511204199944,922.5709871902646,3.692075978816269,0.4537067282536569
2022-07-21 06:00:00,12.0,77.0,26.730273437500045,925.2761875,2.7992121102299303,0.39744,25.396594474376286,920.0715953290447,3.676552080073015,0.3659061656815551
2022-07-21 06:00:00,12.0,78.0,30.630273437500023,959.6281875,2.968675255731991,0.03456,29.553115098754983,952.9755380824521,3.7765078045134897,0.0650401924186367
2022-07-21 06:00:00,13.0,74.0,27.230273437500045,1009.1001875,8.081202705570913,0.07776,26.79169880722326,1009.1701113973544,6.987605546404102,0.31972771373503694
2022-07-21 06:00:00,13.0,75.0,29.33027343750001,1000.9081875,3.7256141823482136,1.8230400000000004,27.767902517230173,999.4256705348009,3.4574157928730136,0.5846133868585177
2022-07-21 06:00:00,13.0,76.0,25.630273437500023,903.9481875,5.206933146635037,0.216,25.489145282598017,899.849303114709,5.157209665979672,0.1294840744216885
2022-07-21 06:00:00,13.0,77.0,27.630273437500023,922.2201875,3.529936545077921,0.40608,26.794779540697945,920.1859708542294,3.989906689285715,0.2666661299746837
2022-07-21 06:00:00,13.0,78.0,27.730273437500045,911.9161875,5.033254546382778,0.02592,26.842638496049435,913.1119956799213,4.703436516946962,0.07928937287775861
2022-07-21 06:00:00,14.0,74.0,27.33027343750001,1009.0681875,6.544676052293508,0.7689600000000001,26.36144778378334,1008.7223436673551,6.33523723312317,0.4253820328160105
2022-07-21 06:00:00,14.0,75.0,26.630273437500023,941.9001875,3.618700488188288,0.5011200000000001,25.706872281045772,940.0440982591703,4.065998312109107,0.7929307065948362
2022-07-21 06:00:00,14.0,76.0,27.030273437500057,929.1641875,6.343483065548583,0.03456,26.20778926286109,930.1950850126585,5.986434530143667,0.1115840932603907
2022-07-21 06:00:00,14.0,77.0,28.43027343750004,936.2681875,6.469771338496662,0.0,27.9461200648713,934.8065929532694,5.488355055054523,0.08926547685405889
2022-07-21 06:00:00,14.0,78.0,28.93027343750004,935.0041875000002,6.6296830044006745,0.0,28.411858925406303,935.0698306400423,5.469348858289563,0.05517571584286857
2022-07-21 06:00:00,15.0,74.0,27.730273437500045,1004.5561875,5.032310588967969,0.9676800000000002,26.502620395966492,1002.3896840878838,5.1567726566935415,0.24637234298665703
2022-07-21 06:00:00,15.0,75.0,26.730273437500045,945.8361875,4.299375972226422,0.13824,26.38379897259669,945.0428101444847,4.752449730877776,0.28404268635235524
2022-07-21 06:00:00,15.0,76.0,28.630273437500023,945.8201875,5.70917914625171,0.01728,27.97320792777177,946.8975153502658,5.206158258656527,0.1815317207819869
2022-07-21 06:00:00,15.0,77.0,31.030273437500057,955.4041875,5.995705043228998,0.0,30.14826421774988,953.2084810725896,4.962883111636242,0.03513597735105947
2022-07-21 06:00:00,15.0,78.0,32.63027343750002,972.7801875,7.184492486300905,0.0,31.967749895059413,971.9200418362153,5.536532547861653,0.020511054163385323
2022-07-21 06:00:00,16.0,74.0,26.230273437500045,953.8681875,2.8789791519893213,1.8144000000000005,25.9196686219817,954.4019096650406,3.5863722864798704,0.5288618517263753
2022-07-21 06:00:00,16.0,75.0,28.030273437500057,935.2441875,5.654669898474547,0.09504,27.259433446783525,935.1482746806871,5.200416960685255,0.14948958552883498
2022-07-21 06:00:00,16.0,76.0,28.730273437500045,943.9961875,6.419466980143418,0.02592,28.102932597296135,944.2568605432275,5.780834167984538,0.14836287492201128
2022-07-21 06:00:00,16.0,77.0,31.43027343750004,964.0121875,6.340378172605452,0.00864,30.637353970025217,963.0786468395642,5.444612097513888,0.05269378195206437
2022-07-21 06:00:00,16.0,78.0,31.630273437500023,973.2121875,6.599059529981935,0.0,31.40272100778321,972.3768937419427,5.38217549640132,0.03266535720328096
2022-07-21 06:00:00,17.0,74.0,25.730273437500045,934.0281875,4.488184375104582,0.9676800000000002,26.067244932921955,935.8152124811637,5.078103315255421,0.36658400533954755
2022-07-21 06:00:00,17.0,75.0,27.530273437500057,936.7961875,5.862875018036833,0.03456,27.55590435692094,936.408375515515,5.2642726438629,0.22749598780231856
2022-07-21 06:00:00,17.0,76.0,28.730273437500045,952.4441875,6.144544237555513,0.02592,28.407330009784012,952.2353830951228,5.607897702919839,0.1569365397476476
2022-07-21 06:00:00,17.0,77.0,29.83027343750001,960.3161875,5.9327604406271455,0.01728,29.422971884945966,957.1874822417193,4.889266702433331,0.09871370409763185
2022-07-21 06:00:00,17.0,78.0,28.230273437500045,938.6201875,6.037821594742006,0.6393600000000002,28.184035524530426,939.4987471296034,4.815147055172549,0.15566355797894801
2022-07-21 06:00:00,18.0,74.0,26.93027343750004,922.4921875,3.187792198704364,0.44928,27.180957628686514,922.8979999567464,5.412968285841401,0.3587312834574392
2022-07-21 06:00:00,18.0,75.0,29.33027343750001,951.1481875,4.042190877531843,0.01728,29.617759517961847,950.6805597338624,4.817318064979496,0.12454057861628165
2022-07-21 06:00:00,18.0,76.0,27.630273437500023,945.9641875,5.693984040930427,0.03456,27.991752564879757,946.4963956928971,5.241802634605679,0.21294544668489843
2022-07-21 06:00:00,18.0,77.0,24.730273437500045,940.5561875,5.602401101851478,0.01728,26.849590373851914,940.2796375023016,5.422798122043324,0.26266350770908803
2022-07-21 06:00:00,18.0,78.0,24.730273437500045,952.9401875,4.39337456839434,0.02592,26.585919605921358,952.4482791449203,4.785351711500391,0.32703296964315076
2022-07-22 06:00:00,11.0,74.0,26.949975585937523,1010.18440625,9.311057802141791,7.93152,26.22320082185723,1010.2980577974602,8.003102132899734,0.6344518440160429
2022-07-22 06:00:00,11.0,75.0,26.84997558593756,1009.81640625,7.110141932005508,6.3072,26.016640323244783,1009.8774029783722,7.334888886121934,0.42967683101206394
2022-07-22 06:00:00,11.0,76.0,29.24997558593753,1004.52040625,3.4765286139221216,3.1190400000000005,27.91926412332937,1006.1955057667063,3.3614864245682536,0.514479021767381
2022-07-22 06:00:00,11.0,77.0,29.34997558593756,962.50440625,4.069433525211412,1.5292800000000002,27.58431166361112,958.7300536740073,3.882770222800531,0.3707314510634998
2022-07-22 06:00:00,11.0,78.0,32.44997558593752,990.04040625,4.611138675539904,0.0,33.14297048368919,989.2175320768256,4.430791480679437,0.009316274925395324
2022-07-22 06:00:00,12.0,74.0,27.049975585937545,1010.00840625,8.409519784457201,6.63552,26.243533004018495,1009.9607746147093,7.14696919239744,0.6243717216453188
2022-07-22 06:00:00,12.0,75.0,26.949975585937523,1009.51240625,5.432212547519388,1.2873600000000005,26.36791506166334,1009.6056382679369,5.744984528482707,0.4423216443015544
2022-07-22 06:00:00,12.0,76.0,24.84997558593756,919.14440625,1.6898175368694268,0.3888000000000001,25.267316878178576,923.4087687575004,3.6523051877662693,0.4988954403193525
2022-07-22 06:00:00,12.0,77.0,26.24997558593753,925.92840625,3.146039394908733,1.0108800000000002,25.180647953586227,920.6923022540453,3.7854602968448408,0.35936432191136025
2022-07-22 06:00:00,12.0,78.0,28.949975585937523,960.55240625,2.2122337923141777,0.2419200000000001,28.329464119853274,954.1095631075402,3.6557189656025133,0.165438843642901
2022-07-22 06:00:00,13.0,74.0,27.14997558593751,1009.64040625,7.459429951246938,3.16224,26.46373586708345,1009.7605304996824,6.952993943749319,0.5477162513210341
2022-07-22 06:00:00,13.0,75.0,29.049975585937545,1001.28840625,3.286865734962301,0.8208000000000002,27.642189421990732,999.6296071656743,3.4979278231250026,0.7273015180240775
2022-07-22 06:00:00,13.0,76.0,24.949975585937523,904.29640625,4.9283617355850255,0.4233600000000001,25.29899075652434,900.0227928195505,5.212480704561682,0.25780314499681106
2022-07-22 06:00:00,13.0,77.0,26.449975585937523,922.68040625,2.724834925888382,0.4924800000000001,25.454576198896675,920.3592595747059,3.809514431018648,0.7679439115496778
2022-07-22 06:00:00,13.0,78.0,26.34997558593756,912.50440625,4.301371199580818,0.6652800000000002,25.59240614396585,913.5489638213625,4.645455754768518,0.24685496379233243
2022-07-22 06:00:00,14.0,74.0,27.34997558593756,1009.33640625,6.257349253866575,0.5184000000000001,26.719501774876594,1008.8638123780954,6.384286713560602,0.397339066204298
2022-07-22 06:00:00,14.0,75.0,25.84997558593756,942.16840625,3.575733156944079,1.7280000000000004,24.610664999683202,940.2196120525005,4.000382446665589,0.9186137649829237
2022-07-22 06:00:00,14.0,76.0,26.34997558593756,929.44840625,5.833160957420692,0.19008,25.871657574027786,930.5140173001583,5.629380296738561,0.142871560064883
2022-07-22 06:00:00,14.0,77.0,27.049975585937545,936.79240625,5.911244034668477,0.05184,27.3868226681652,935.4222285256354,5.246081776014886,0.1985277008493035
2022-07-22 06:00:00,14.0,78.0,26.449975585937523,935.70440625,5.003105920804241,0.2592,27.07298152407877,935.4069236819589,4.743681428531879,0.17913207497405303
2022-07-22 06:00:00,15.0,74.0,28.049975585937545,1004.68040625,4.632171802482734,0.9417600000000002,26.69864445062003,1002.3627288924074,4.884315823953063,0.2304680022669545
2022-07-22 06:00:00,15.0,75.0,27.24997558593753,945.96040625,4.184569780789211,0.5875200000000002,26.446180020949487,945.0032863046827,4.4030024437746045,0.38865618582528016
2022-07-22 06:00:00,15.0,76.0,28.74997558593753,945.75240625,5.247330490605487,0.9676800000000002,28.0897577699909,946.6860140266149,5.099882001446536,0.14348333432219013
2022-07-22 06:00:00,15.0,77.0,30.14997558593751,955.68840625,4.9539794592545645,0.14688,28.934174060432408,953.5353873696973,4.985379968906239,0.08263970252459914
2022-07-22 06:00:00,15.0,78.0,27.34997558593756,973.59240625,2.8564599865202283,0.4320000000000001,28.121337315911394,972.5666560847617,3.722344648709391,0.6394867934991932
2022-07-22 06:00:00,16.0,74.0,26.14997558593751,954.16840625,2.8140051974491502,2.47104,25.82060925765497,954.3782778602784,3.6104934379957423,0.6351939972032169
2022-07-22 06:00:00,16.0,75.0,27.449975585937523,935.28840625,5.734027163522424,1.6588800000000006,26.21618843329451,935.1044520385935,5.276470043226127,0.3202024138214444
2022-07-22 06:00:00,16.0,76.0,28.049975585937545,944.00840625,6.448212157007448,3.23136,27.752128970626025,944.2452476813229,5.838795721688267,0.31981892050166055
2022-07-22 06:00:00,16.0,77.0,30.549975585937545,964.07240625,5.501734652527119,0.9331200000000002,29.61253691291269,962.9261300339554,4.746219869194334,0.13815350346191071
2022-07-22 06:00:00,16.0,78.0,27.949975585937523,973.67240625,4.727364227697067,2.6784000000000003,28.231200961516965,972.7226157592852,4.508238088514839,0.19679985916068973
2022-07-22 06:00:00,17.0,74.0,24.549975585937545,934.47240625,3.8150817663692784,1.2009600000000002,25.72900940332407,935.8956978127914,4.659524252806219,0.4687644195249666
2022-07-22 06:00:00,17.0,75.0,26.74997558593753,937.11240625,5.388296259430788,0.11232,27.077632249294982,936.5064466607532,5.006421963801924,0.2658043889295082
2022-07-22 06:00:00,17.0,76.0,27.64997558593751,952.42440625,4.605148834022349,0.09504,27.96456240946241,952.1664500323049,4.993746590276056,0.27179400457153424
2022-07-22 06:00:00,17.0,77.0,28.549975585937545,960.23240625,5.968927419426392,0.15552,28.26388496332745,957.0920494201056,5.164865581494446,0.2275832897383476
2022-07-22 06:00:00,17.0,78.0,26.449975585937523,938.3284062500002,6.560520278567058,6.6700800000000005,26.34685166887974,939.1970904468644,5.341269041978793,1.2135318861834645
2022-07-22 06:00:00,18.0,74.0,25.949975585937523,923.01640625,3.4803849221528584,0.6825600000000002,25.751797626407402,923.1747285592077,5.4172504566291,0.4035817232677776
2022-07-22 06:00:00,18.0,75.0,28.84997558593756,951.36840625,6.252535665889796,0.03456,28.41851837424988,951.222983083029,5.8490755256063505,0.14690435894878842
2022-07-22 06:00:00,18.0,76.0,27.549975585937545,945.78440625,7.169892290088195,0.02592,27.983181499461686,946.172411270278,6.428913860388093,0.17839611465359093
2022-07-22 06:00:00,18.0,77.0,26.949975585937523,940.04040625,5.06773088960285,2.57472,27.027931663341267,939.8989085592061,5.083982347965489,0.29909635836502135
2022-07-22 06:00:00,18.0,78.0,24.34997558593756,952.53640625,3.708953220452532,4.32864,25.481866999166662,951.1365875716111,4.897384963108069,1.1589430583359714
2022-07-23 06:00:00,11.0,74.0,27.243579101562545,1009.66425,8.310684225783007,1.1923200000000005,26.533297181417865,1009.7887564982935,7.166910851573414,0.4306317553327315
2022-07-23 06:00:00,11.0,75.0,26.243579101562545,1009.60025,6.5147794292374925,4.16448,25.91734123513568,1009.812032962221,6.461761760044596,0.5511260274829684
2022-07-23 06:00:00,11.0,76.0,28.743579101562545,1004.30425,3.49565664319091,2.57472,28.037071216515876,1005.9422192821825,3.4187753964571423,0.44664435865933466
2022-07-23 06:00:00,11.0,77.0,28.143579101562523,962.0482500000002,5.002096243769056,0.5702400000000001,27.635179282148027,958.3829893542851,4.6969908152175,0.17070295221059073
2022-07-23 06:00:00,11.0,78.0,30.143579101562523,989.8082500000002,5.34314079457752,0.0,30.38470200286111,988.6196750781761,4.732805594219445,0.01780078616563655
2022-07-23 06:00:00,12.0,74.0,27.243579101562545,1009.56825,7.752385298619814,2.55744,26.488604564022857,1009.6731551851193,7.042098111812279,0.4503609917291482
2022-07-23 06:00:00,12.0,75.0,27.04357910156256,1009.42425,5.2439716492464346,3.0931200000000003,26.25287768258465,1009.4107551246034,5.772600924497391,0.5118555217495825
2022-07-23 06:00:00,12.0,76.0,24.84357910156251,918.56025,2.430199099252285,2.81664,25.290762403108463,922.5416009948415,3.608832116325396,0.4979660598257944
2022-07-23 06:00:00,12.0,77.0,26.643579101562523,925.10425,4.314080794498376,0.3110400000000001,25.577967633468514,920.073421838894,4.699816736197882,0.20766776276436738
2022-07-23 06:00:00,12.0,78.0,29.643579101562523,959.61625,3.68660527888722,0.0864,28.811198494964284,952.9167316674897,4.0627127980456335,0.08352371428438225
2022-07-23 06:00:00,13.0,74.0,26.84357910156251,1009.32825,6.585013379403909,2.62656,26.218008045962897,1009.2227203869841,6.504773803387322,0.4121231354425195
2022-07-23 06:00:00,13.0,75.0,27.54357910156256,1001.34425,3.209312641783244,2.0736000000000003,26.463383687277553,999.6556344437693,3.422773263324844,0.6226499238311913
2022-07-23 06:00:00,13.0,76.0,23.243579101562545,904.08025,5.475905745739729,1.0368000000000002,24.22043064328438,899.9088495367458,5.3258788203691605,0.7168814576947878
2022-07-23 06:00:00,13.0,77.0,25.94357910156253,922.11225,4.889323532490563,0.0864,25.45598870379762,920.1610228774654,4.978490546595407,0.14694740976595785
2022-07-23 06:00:00,13.0,78.0,26.04357910156256,911.63225,6.185971768020041,0.0864,25.522508357472237,912.8862062841671,5.612916804978571,0.1402696646313538
2022-07-23 06:00:00,14.0,74.0,27.143579101562523,1008.80025,5.4093556366903925,1.6416000000000004,26.31758157785639,1008.2896741342657,5.792515306067459,0.5130472184356233
2022-07-23 06:00:00,14.0,75.0,23.84357910156251,942.16025,3.390193022006231,0.4665600000000001,24.981694718414676,940.1961043111509,4.0505996249636045,1.0386936722233724
2022-07-23 06:00:00,14.0,76.0,25.34357910156251,929.04025,6.629672024927053,0.2592,25.728331902249067,929.6206229818367,6.1235520675369,0.18503182998599718
2022-07-23 06:00:00,14.0,77.0,26.143579101562523,936.14425,6.671936850993663,0.10368,26.778973498544975,934.7592639122776,5.835749426845964,0.1529506694644703
2022-07-23 06:00:00,14.0,78.0,25.34357910156251,935.05625,6.746319210252062,0.05184,26.674726825850357,935.0054116342087,5.853144085163757,0.13398092062056802
2022-07-23 06:00:00,15.0,74.0,27.54357910156256,1004.11225,4.587488865140478,1.4515200000000004,26.26936998587225,1001.7937508308348,4.936155142062058,0.26082175933672214
2022-07-23 06:00:00,15.0,75.0,25.643579101562523,945.47225,4.94257584092107,0.3628800000000001,26.100193659099364,944.7961702008336,5.2610780565325275,0.24205674836134597
2022-07-23 06:00:00,15.0,76.0,26.243579101562545,945.39225,6.8523239767767645,0.0864,26.846335971838634,946.6652201051055,6.529558416590925,0.18390058426444994
2022-07-23 06:00:00,15.0,77.0,27.743579101562545,955.31225,5.410579885119211,0.01728,27.93482977389392,953.2113446550036,5.0456496871579235,0.18411088976781934
2022-07-23 06:00:00,15.0,78.0,29.143579101562523,972.83225,6.196931659938176,0.3456000000000001,29.10412127624603,972.0185987892437,5.2986232014912735,0.1921549345613251
2022-07-23 06:00:00,16.0,74.0,24.743579101562545,953.28025,3.037933062283115,1.1750400000000003,25.58228250614634,953.9103168932977,3.6139819252187597,0.7209746175185154
2022-07-23 06:00:00,16.0,75.0,27.04357910156256,934.33625,7.546605011726945,0.2419200000000001,27.161048977956217,934.515522362982,6.595596143099178,0.164390773854591
2022-07-23 06:00:00,16.0,76.0,27.743579101562545,943.04025,7.04855977545061,0.2073600000000001,27.708504413397566,943.2308047736205,6.282569140617508,0.20149946232086235
2022-07-23 06:00:00,16.0,77.0,27.34357910156251,963.69625,6.001910217235561,0.0,28.13780849584003,962.7147250234526,5.2695687997026,0.19771444219294923
2022-07-23 06:00:00,16.0,78.0,25.84357910156251,973.13625,3.638177273435713,0.3801600000000001,27.449045354564714,972.4517640566795,3.898361750546297,0.579187715140727
2022-07-23 06:00:00,17.0,74.0,24.743579101562545,933.10425,5.978636232215744,0.8640000000000002,25.76225527010052,935.2193725397744,5.934063333143763,0.33631944889950555
2022-07-23 06:00:00,17.0,75.0,25.94357910156253,935.61625,7.507339779986175,0.13824,26.690916169746032,935.0896440275931,6.908568788130441,0.14098802934963722
2022-07-23 06:00:00,17.0,76.0,27.34357910156251,951.18425,7.236807982884943,0.2764800000000001,27.84422162767463,951.1598737331352,6.578775550823853,0.2672552584870678
2022-07-23 06:00:00,17.0,77.0,27.34357910156251,959.23225,4.797231138641695,1.1923200000000005,27.382167439568786,956.4358298996689,4.89483741667778,0.28333354972607044
2022-07-23 06:00:00,17.0,78.0,22.04357910156256,937.8082500000002,4.651967287549268,1.6761600000000003,24.511802731462193,939.3680364804236,5.450573504920455,0.680388736316155
2022-07-23 06:00:00,18.0,74.0,25.743579101562545,921.18425,4.393682080277713,0.7084800000000001,25.60123063823676,921.944950612381,5.063205113578569,0.6704520811675476
2022-07-23 06:00:00,18.0,75.0,29.34357910156251,949.36025,5.473488129216916,0.19008,29.116468684154643,948.4679035873546,5.210415238392329,0.12130506986027038
2022-07-23 06:00:00,18.0,76.0,25.643579101562523,944.43225,5.787088655223183,0.4320000000000001,27.028338190909633,945.0837144194842,5.615365536016792,0.2657016145186587
2022-07-23 06:00:00,18.0,77.0,24.143579101562523,938.78425,5.377271843273292,1.1059200000000002,26.071981344886602,938.9343314819042,5.2372357925459,0.337407676002065
2022-07-23 06:00:00,18.0,78.0,22.54357910156256,951.39225,3.433607246972161,2.21184,25.00741677221716,950.3659611921436,5.1053554914239445,0.8569958820189648
2022-07-24 06:00:00,11.0,74.0,27.36804199218756,1009.69490625,7.482323179278654,0.06048,27.211393067625085,1009.8036594046425,6.994267691779869,0.44416415299697615
2022-07-24 06:00:00,11.0,75.0,27.068041992187545,1009.74290625,6.636716349910597,1.7884800000000003,26.38906831506731,1009.8513884251184,6.582321078216644,0.4702348734609678
2022-07-24 06:00:00,11.0,76.0,29.968041992187523,1004.54290625,4.013829852029808,0.18144,28.3357129786283,1006.2778536502383,3.5946252191228822,0.3794604908464714
2022-07-24 06:00:00,11.0,77.0,28.76804199218753,962.39890625,4.185105454936142,0.8640000000000002,27.91233789805158,958.6706618912692,3.9897565227842606,0.22545329073382647
2022-07-24 06:00:00,11.0,78.0,30.76804199218753,990.15890625,4.839336780145667,0.00864,30.772373189911306,989.0712779348419,4.4771292924972945,0.07355745023710979
2022-07-24 06:00:00,12.0,74.0,27.26804199218753,1009.53490625,7.8381712763883105,0.8294400000000003,26.714979559991004,1009.6436453312306,7.045344000160826,0.40017584298706727
2022-07-24 06:00:00,12.0,75.0,26.968041992187523,1009.48690625,6.6726527651898415,1.0368000000000002,26.397790304425513,1009.6355738012306,6.7419460519085925,0.45381660971847526
2022-07-24 06:00:00,12.0,76.0,24.468041992187523,919.05490625,2.209567431725609,0.8640000000000002,24.912031105575405,923.4003734534529,3.669836284802779,0.6350269317347823
2022-07-24 06:00:00,12.0,77.0,26.16804199218751,925.47090625,5.673144963969941,0.06048,25.243598246648883,920.3196748793565,5.2718106443024215,0.200694364153423
2022-07-24 06:00:00,12.0,78.0,29.66804199218751,960.04690625,5.038079293904636,0.00864,29.55174268398672,953.2131114503169,4.369794315533621,0.07511686799648633
2022-07-24 06:00:00,13.0,74.0,27.16804199218751,1009.40690625,7.850043752552156,0.9590400000000002,26.62868099120073,1009.2702638494446,6.952834963946011,0.4313266629625808
2022-07-24 06:00:00,13.0,75.0,27.968041992187523,1001.51890625,3.445415864803007,2.36736,27.004159768273688,999.8884014730552,3.414642372256986,0.656893628412406
2022-07-24 06:00:00,13.0,76.0,22.16804199218751,904.14290625,5.925098170747786,0.2073600000000001,24.020725742714294,899.9792993819316,5.7507720976389605,0.40113417200541085
2022-07-24 06:00:00,13.0,77.0,25.968041992187523,922.31890625,5.499587067505785,0.0864,25.584695306246036,920.2410856906266,5.044288738124904,0.20409490364559768
2022-07-24 06:00:00,13.0,78.0,26.36804199218756,911.91890625,6.932698694199918,0.03456,25.640982412765652,913.0032033854236,6.059952111430157,0.15781031280566804
2022-07-24 06:00:00,14.0,74.0,27.068041992187545,1009.07090625,7.99259561842819,3.4128,26.187224788178373,1008.722444099365,6.833791716686775,0.652983166269237
2022-07-24 06:00:00,14.0,75.0,22.86804199218756,942.28690625,3.244124406828925,2.082240000000001,24.34343538652548,940.2838832935327,3.935413096565191,0.6996618989001888
2022-07-24 06:00:00,14.0,76.0,22.068041992187545,929.31090625,6.1402765488755175,0.10368,24.132512526871697,930.5098100541003,6.195564688210332,0.36849525338353567
2022-07-24 06:00:00,14.0,77.0,26.568041992187545,936.22290625,8.406198045436026,0.06048,27.09520700990475,934.664492751349,6.611253258684019,0.19031960983978347
2022-07-24 06:00:00,14.0,78.0,27.66804199218751,934.94290625,7.921891851744324,0.02592,27.772162523043043,934.6035185946722,6.397457484507786,0.12460593234974345
2022-07-24 06:00:00,15.0,74.0,26.468041992187523,1004.38290625,6.22564309813392,5.20992,25.33628960677641,1002.2056501352374,6.52396425931346,1.0817723345222099
2022-07-24 06:00:00,15.0,75.0,24.36804199218756,945.71090625,5.24418261242416,0.2592,25.828546361937832,944.9343911437306,5.388360581758828,0.41550051807471583
2022-07-24 06:00:00,15.0,76.0,27.16804199218751,945.23090625,7.377833407184703,0.1728,27.43523042831363,946.1518995134793,6.544872929041011,0.21509867315693734
2022-07-24 06:00:00,15.0,77.0,28.76804199218753,955.3909062500002,7.542836960137579,0.07776,28.360295890662268,953.0970331049703,6.020096682469752,0.221615937316977
2022-07-24 06:00:00,15.0,78.0,30.86804199218756,972.59090625,7.628494009470677,0.00864,30.675133983383354,971.7297629363618,5.61047204015476,0.08782436546475657
2022-07-24 06:00:00,16.0,74.0,22.568041992187545,953.71090625,2.756977069457484,3.90528,24.665250791902324,954.3573885695755,3.639881707040983,1.4766722233879817
2022-07-24 06:00:00,16.0,75.0,26.468041992187523,934.31890625,8.002001382527217,0.28512,26.597307146125658,934.2027902908786,6.492468970577846,0.2015014466787304
2022-07-24 06:00:00,16.0,76.0,27.76804199218753,943.13490625,8.02415391172268,0.11232,27.844165271111137,943.2933363863187,6.3449604788755956,0.22694501789846935
2022-07-24 06:00:00,16.0,77.0,30.26804199218753,963.40690625,6.868926827724938,0.02592,29.322868703550274,962.3523671330952,5.772767385499277,0.36149670628443475
2022-07-24 06:00:00,16.0,78.0,28.568041992187545,973.07090625,6.429628880579588,0.11232,29.06565293703111,972.4214541585299,5.314151022940877,0.4142589355047936
2022-07-24 06:00:00,17.0,74.0,20.968041992187523,933.32690625,2.7532994948587373,1.7107200000000002,23.258182430600534,935.3298923450128,4.710959763160186,1.2109664971118066
2022-07-24 06:00:00,17.0,75.0,24.16804199218751,935.93490625,8.451167073562349,0.2592,26.15671545293254,935.4695166952904,7.343604246059265,0.31406363293667267
2022-07-24 06:00:00,17.0,76.0,27.76804199218753,951.02290625,8.071142896713615,0.0432,27.850272615179918,951.0670450951988,6.394642462241757,0.25119830144138594
2022-07-24 06:00:00,17.0,77.0,28.068041992187545,959.16690625,7.623063128296836,0.8208000000000002,28.283419445647052,956.3781337888616,6.247717593664929,0.17056029138891862
2022-07-24 06:00:00,17.0,78.0,22.66804199218751,937.95090625,4.719014997007652,0.32832,25.17096951483898,939.3682809602648,4.903540972142147,0.5780048762254277
2022-07-24 06:00:00,18.0,74.0,21.36804199218756,921.42290625,1.7992082956683693,1.0886400000000005,23.539842509457664,922.0599862291134,5.444186604317199,0.9457292465943277
2022-07-24 06:00:00,18.0,75.0,24.66804199218751,950.19090625,3.3238490581725246,0.44928,26.341437878612442,949.2536653230428,5.335443841572357,0.913462676821913
2022-07-24 06:00:00,18.0,76.0,24.468041992187523,944.68690625,6.709285208629391,0.8121600000000001,26.4221481502143,945.2249140181738,6.345166671764291,0.41083196853909587
2022-07-24 06:00:00,18.0,77.0,25.26804199218753,938.97490625,6.268256465258003,3.1881600000000003,26.215220146761894,938.9476584014282,5.540781947416348,0.3899845776092831
2022-07-24 06:00:00,18.0,78.0,25.66804199218751,951.51890625,6.1258493912794965,1.5206400000000004,26.907594496619343,950.4980913166663,4.7683280094609835,0.2215613939073932
2022-07-25 06:00:00,11.0,74.0,27.577966308593773,1010.567875,5.012324615240906,0.2073600000000001,26.448102864913206,1010.7520237392202,5.6323901151551565,0.4596898929192457
2022-07-25 06:00:00,11.0,75.0,27.177966308593795,1010.535875,4.899939173900518,0.0,27.252876295678476,1010.808564261826,5.553431284253247,0.42055356950540757
2022-07-25 06:00:00,11.0,76.0,30.977966308593807,1004.951875,4.627435059110422,0.0,29.337950115711227,1006.6065042501191,4.547310741729834,0.4066955585724597
2022-07-25 06:00:00,11.0,77.0,29.27796630859376,963.111875,3.193119158849602,0.0,29.64121214963093,959.6853184510923,3.6946411944984145,0.06445491196339263
2022-07-25 06:00:00,11.0,78.0,31.77796630859376,990.903875,4.160050858608118,0.0,32.42516839258334,990.3074269858332,4.155508693341665,0.01654474535291457
2022-07-25 06:00:00,12.0,74.0,27.677966308593795,1010.583875,4.35180742709673,1.1059200000000002,26.387654714943793,1010.626691241971,4.788421579201985,0.32220171388913255
2022-07-25 06:00:00,12.0,75.0,26.77796630859376,1010.487875,2.316834831076094,0.0,27.484573453407386,1010.5374486595244,3.1881846190457663,0.3023415824417581
2022-07-25 06:00:00,12.0,76.0,26.27796630859376,919.911875,2.1130909403022367,0.0,25.679331214766595,924.362324383174,3.4689713604682546,0.25786927551700584
2022-07-25 06:00:00,12.0,77.0,27.27796630859376,926.423875,4.570214486311736,0.0,26.673704694347762,921.1723458532407,4.812464691888198,0.1042574868770051
2022-07-25 06:00:00,12.0,78.0,30.577966308593773,960.935875,4.030318927327187,0.0,29.65904000767725,955.1214440165868,4.0732848569878435,0.0217232704272547
2022-07-25 06:00:00,13.0,74.0,27.077966308593773,1010.359875,4.986000259291938,6.20352,26.125133475096103,1010.2678736290213,5.6598481324785705,0.7245382524539083
2022-07-25 06:00:00,13.0,75.0,28.077966308593773,1002.519875,2.1576179088840988,0.6393600000000002,26.691030620946574,1000.7875594583336,3.2871076367267205,0.6591304810704722
2022-07-25 06:00:00,13.0,76.0,24.677966308593795,905.255875,4.64799174351339,0.05184,25.360182544662702,901.3639618125409,5.025203244318491,0.17715594624324235
2022-07-25 06:00:00,13.0,77.0,26.977966308593807,923.351875,4.12653824913774,0.0,26.429930008698303,920.6695976037955,4.181848477075396,0.09294540787739367
2022-07-25 06:00:00,13.0,78.0,27.077966308593773,912.983875,6.566365546922857,0.0,26.547053832684128,913.8314093873009,5.72632360154259,0.0811957315582267
2022-07-25 06:00:00,14.0,74.0,26.477966308593807,1010.375875,5.104167630372314,7.18848,25.545479961867347,1010.3645104462171,5.673227408762961,0.8503556527082308
2022-07-25 06:00:00,14.0,75.0,22.977966308593807,943.399875,3.0074974188403125,0.8121600000000001,24.36713837990077,941.4322695465817,3.7354496891690343,0.6288131461887444
2022-07-25 06:00:00,14.0,76.0,23.577966308593773,930.407875,5.310701621317024,0.03456,25.334451481239434,932.313741808835,5.2057548464575945,0.1720708586361767
2022-07-25 06:00:00,14.0,77.0,24.977966308593807,937.847875,6.082558822391015,0.0,26.757125456724935,937.73837014082,5.524351282063093,0.18941384235106934
2022-07-25 06:00:00,14.0,78.0,28.177966308593795,936.247875,6.5847583947256005,0.0,27.983274917918674,935.8714858496973,5.47816769743254,0.08884017830960947
2022-07-25 06:00:00,15.0,74.0,25.77796630859376,1005.607875,2.766053948323182,5.512320000000001,25.4926653731685,1003.3424797583998,3.0746840290232575,1.2147368053421783
2022-07-25 06:00:00,15.0,75.0,25.77796630859376,946.791875,4.624574077908744,0.32832,26.176434486301225,945.9811535355551,5.0425745181795465,0.32164389342179245
2022-07-25 06:00:00,15.0,76.0,25.77796630859376,946.807875,5.9210997061517645,0.0864,26.88836540942888,946.8203204761118,5.637062450823263,0.195481462732502
2022-07-25 06:00:00,15.0,77.0,28.477966308593807,956.855875,5.605917314518809,0.03456,28.228394588006843,953.5391093794054,5.15818074203157,0.19884505957547058
2022-07-25 06:00:00,15.0,78.0,29.477966308593807,974.471875,6.117673260703105,0.0,30.185118559650782,972.9369231347085,4.969559912087565,0.037685575027649236
2022-07-25 06:00:00,16.0,74.0,22.877966308593784,954.839875,2.0888829045172126,1.8835200000000003,24.796444380738297,954.5489217259933,3.4644252428584665,0.7351306918594025
2022-07-25 06:00:00,16.0,75.0,24.077966308593773,936.007875,5.477435406692387,0.06912,25.59120812156879,935.7066203859495,5.334753442094659,0.21773376460975044
2022-07-25 06:00:00,16.0,76.0,26.27796630859376,944.711875,7.018286862900101,0.03456,27.261140563916562,945.2493311044044,6.403142258083687,0.19959379403227465
2022-07-25 06:00:00,16.0,77.0,27.177966308593795,965.495875,4.94330391691186,0.03456,27.99368347064285,963.9937418981215,4.99907945632172,0.31854974893859045
2022-07-25 06:00:00,16.0,78.0,27.877966308593784,974.8238750000002,4.038096312353974,0.0864,28.62381946325398,973.071733328612,4.011377187645241,0.3799251075817909
2022-07-25 06:00:00,17.0,74.0,22.177966308593795,934.631875,2.8053018045418066,0.6566400000000001,24.15101840759786,935.9573511290482,4.720081557345385,0.8878726092904463
2022-07-25 06:00:00,17.0,75.0,25.177966308593795,937.207875,6.908033854864649,0.1728,26.0948176911217,937.0236070262167,6.846114605434895,0.291431903755759
2022-07-25 06:00:00,17.0,76.0,25.977966308593807,952.871875,6.580693389754315,0.03456,27.360020961882284,952.817386125519,6.031505851804541,0.26031352838305116
2022-07-25 06:00:00,17.0,77.0,26.27796630859376,961.191875,3.907849122893551,0.2073600000000001,27.494565344773218,959.4519219986508,4.497345940937448,0.3892436379603521
2022-07-25 06:00:00,17.0,78.0,23.877966308593784,939.719875,4.872460110762506,0.06912,25.602555698082696,940.4549758734531,4.953683048451537,0.4430123422382986
2022-07-25 06:00:00,18.0,74.0,23.977966308593807,922.663875,2.568577815418952,0.5875200000000002,25.24215044942991,922.8703835746826,5.354082992711775,0.7860230278028967
2022-07-25 06:00:00,18.0,75.0,27.477966308593807,951.239875,4.183923262783675,0.06912,27.947401824977526,950.7012959539019,4.712892244075002,0.3086107144651047
2022-07-25 06:00:00,18.0,76.0,26.577966308593773,945.959875,5.384765162129567,0.12096,27.361116344416082,946.4247346267067,5.149304878739801,0.23334951263553536
2022-07-25 06:00:00,18.0,77.0,26.27796630859376,940.535875,5.598702817962603,0.03456,27.343367286540403,940.5811670319054,5.1890366703340645,0.2416295855972314
2022-07-25 06:00:00,18.0,78.0,26.77796630859376,953.127875,4.263648563606118,0.19008,27.73399900238361,952.6944034448413,4.7281938792996,0.32115262846521003
2022-07-26 06:00:00,11.0,74.0,27.39313964843751,1010.934375,7.526548368176606,1.4169600000000002,26.151214448954114,1010.9578907108598,7.066071652838735,0.4844689189612124
2022-07-26 06:00:00,11.0,75.0,26.59313964843756,1010.742375,7.363253043157245,1.1232000000000002,26.13255058658455,1010.8590020972221,7.200092133629055,0.4620248161996085
2022-07-26 06:00:00,11.0,76.0,30.293139648437545,1005.110375,4.311319705626913,0.2073600000000001,28.91079670871562,1007.0738333364947,4.293091864695237,0.4331937884498086
2022-07-26 06:00:00,11.0,77.0,27.49313964843753,963.542375,3.362535093135004,1.0195200000000002,27.396301968284146,960.2890667147432,3.7712722067460316,0.5314229163831947
2022-07-26 06:00:00,11.0,78.0,30.193139648437523,991.382375,4.122194259649001,0.0,30.36755129682672,990.3957331838487,4.097880186626585,0.025345275131924538
2022-07-26 06:00:00,12.0,74.0,27.39313964843751,1010.8863750000002,7.424477751955567,3.59424,26.08468253211102,1010.7290264967588,7.014692111676035,0.5600749693418182
2022-07-26 06:00:00,12.0,75.0,26.59313964843756,1010.726375,6.26005965946527,2.12544,26.026649382495933,1010.6420192950004,6.428820241409659,0.4985769802545131
2022-07-26 06:00:00,12.0,76.0,25.59313964843756,919.750375,2.3942051963220865,1.2096000000000002,25.100919180559515,923.7128164130156,3.482417123591666,0.4916060873098071
2022-07-26 06:00:00,12.0,77.0,26.193139648437523,926.566375,2.994421957245368,1.5552000000000004,25.271711753760826,921.2761303117732,3.546172118386109,0.3660014876923257
2022-07-26 06:00:00,12.0,78.0,29.39313964843751,961.398375,2.972062899328416,0.03456,28.66887003758599,956.2654694505549,3.7126770622176006,0.28758570001737305
2022-07-26 06:00:00,13.0,74.0,26.89313964843751,1010.854375,6.0068468637673735,4.07808,25.959964840432836,1010.7220042711236,6.129084756740085,0.7947116383826851
2022-07-26 06:00:00,13.0,75.0,27.49313964843753,1002.806375,2.7304038425092783,1.4342400000000004,26.572663333486016,1000.9642803464291,3.4080937411681,0.8434612075711374
2022-07-26 06:00:00,13.0,76.0,24.793139648437545,905.446375,4.917709464136549,0.3456000000000001,25.438505949055568,901.4829347167469,5.085415152547049,0.25469496174371126
2022-07-26 06:00:00,13.0,77.0,23.89313964843751,923.894375,2.677870478465945,1.3132800000000002,24.810912189654772,920.2685487791535,3.6208105509337276,0.7102920576779757
2022-07-26 06:00:00,13.0,78.0,25.89313964843751,913.302375,6.347122438448638,0.5702400000000001,25.577141902596566,915.0047008668519,5.692854650845109,0.23986746739117995
2022-07-26 06:00:00,14.0,74.0,26.39313964843751,1010.774375,4.617312177528387,3.87072,25.54635063762124,1010.6030815323809,5.373270770016401,0.9174296642409484
2022-07-26 06:00:00,14.0,75.0,25.89313964843751,943.494375,3.304373088859206,1.2441600000000002,24.965254925460968,941.8908656305372,3.9111069509991965,0.6281584968305363
2022-07-26 06:00:00,14.0,76.0,25.49313964843753,930.902375,5.320328420187815,0.15552,25.89290034362411,932.9320753173274,5.035732139148324,0.17943732070294618
2022-07-26 06:00:00,14.0,77.0,26.193139648437523,938.0063750000002,6.095254002429016,1.1404800000000002,26.315735584655197,937.866905516984,5.424480936765415,0.2446536216240079
2022-07-26 06:00:00,14.0,78.0,26.193139648437523,936.918375,6.040049100087737,1.9008000000000005,26.339296063606643,936.0988592898937,5.169304028262305,0.2406973971443545
2022-07-26 06:00:00,15.0,74.0,27.39313964843751,1005.958375,3.6971166534800375,1.0713600000000003,26.12101205030117,1003.3490279461781,3.4563083655169082,0.6462765975363227
2022-07-26 06:00:00,15.0,75.0,25.193139648437523,947.494375,3.092436474095213,0.8294400000000003,25.691246565561922,946.2804722367459,3.9183271784150695,0.590114723261019
2022-07-26 06:00:00,15.0,76.0,25.99313964843753,947.622375,4.518680266861877,0.22464,27.093174729109197,946.8319637888497,5.029642368164358,0.32423762309713294
2022-07-26 06:00:00,15.0,77.0,24.39313964843751,957.638375,4.411715024748956,2.54016,25.751035934775125,953.5270559325938,4.947223042299434,0.5210432920303036
2022-07-26 06:00:00,15.0,78.0,26.09313964843756,975.494375,6.891474945215515,0.39744,27.47351783853956,972.842092483227,5.725908316438581,0.42404794588905365
2022-07-26 06:00:00,16.0,74.0,26.09313964843756,955.078375,2.447189887670025,1.3824000000000003,25.956928323119254,954.4808454851071,3.624853179225277,0.5730369715311038
2022-07-26 06:00:00,16.0,75.0,24.293139648437545,936.726375,3.68229739803352,0.44928,25.384882500354497,936.1761299713648,4.214159045912691,0.6219070394685011
2022-07-26 06:00:00,16.0,76.0,24.09313964843756,945.910375,4.070087417796076,1.0022400000000002,25.619021569148504,946.4110707142456,4.267139428820905,0.5900213309244083
2022-07-26 06:00:00,16.0,77.0,25.99313964843753,966.342375,5.636287300849797,2.54016,26.752073320956363,964.5440834291534,5.314502579433382,0.3739533724666999
2022-07-26 06:00:00,16.0,78.0,27.09313964843756,975.606375,5.853059368511004,2.142720000000001,27.133773398932547,973.023359178691,5.132439035709371,0.4141995389198496
2022-07-26 06:00:00,17.0,74.0,25.39313964843751,935.094375,4.173100553440683,0.6912000000000001,26.160435767317452,935.8518558676192,4.761013861062847,0.4552430713221813
2022-07-26 06:00:00,17.0,75.0,26.193139648437523,937.910375,4.406233185542605,0.06912,26.800701815920636,937.8748027232014,4.855966410887301,0.3393699473827643
2022-07-26 06:00:00,17.0,76.0,26.49313964843753,953.926375,4.751830719023136,0.5184000000000001,27.415056157296597,953.3347743220709,4.9940735762563495,0.3520033676432916
2022-07-26 06:00:00,17.0,77.0,25.293139648437545,962.230375,3.890370933801098,0.8121600000000001,26.88234437114316,960.6278996245773,4.464268178996972,0.6181363978029019
2022-07-26 06:00:00,17.0,78.0,25.09313964843756,940.070375,5.293146241638986,2.021760000000001,26.143020843934526,940.5170196653579,4.860003717904716,0.34601804876692593
2022-07-26 06:00:00,18.0,74.0,26.293139648437545,923.670375,2.71153904828548,0.7603200000000002,25.76538817418519,923.2643946375407,5.4119139599927255,1.0875730238001031
2022-07-26 06:00:00,18.0,75.0,28.693139648437523,952.054375,3.5664037912951514,0.06912,28.55192124891934,951.6825027809894,5.0154545009030445,0.21224700978218675
2022-07-26 06:00:00,18.0,76.0,25.99313964843753,947.190375,4.739517541892654,0.10368,27.307493056543063,946.5565364395243,4.927367528990527,0.29626893012538397
2022-07-26 06:00:00,18.0,77.0,26.09313964843756,941.670375,4.78913629292923,2.6784000000000003,26.46669454024616,942.0274625120727,4.950863872272353,0.4065092197609513
2022-07-26 06:00:00,18.0,78.0,26.49313964843753,953.878375,4.0827681860666765,2.0736000000000003,27.192211840412714,953.118202060249,4.851090019189021,0.4916448899120787
2022-07-27 06:00:00,11.0,74.0,26.879882812500057,1010.24696875,6.473056456978828,3.024,26.247460303699444,1010.3329410367063,6.439189512121171,0.567654490127013
2022-07-27 06:00:00,11.0,75.0,26.879882812500057,1009.65496875,6.545266201698345,1.0886400000000005,26.347782780475253,1009.7925011070236,6.367929621335057,0.47312480748732205
2022-07-27 06:00:00,11.0,76.0,31.979882812500023,1003.8149687500002,1.9807190442727296,1.6934400000000005,30.35024457250396,1005.8276855987293,3.2796121708620376,0.4916204939888441
2022-07-27 06:00:00,11.0,77.0,29.979882812500023,962.67896875,1.7398599173364648,2.38464,28.43798677664683,959.3174828364232,3.540743004083465,0.512277099688697
2022-07-27 06:00:00,11.0,78.0,31.67988281250001,990.74296875,2.487147172433645,0.03456,31.53023823466137,990.0611799884527,3.7268214656902106,0.38280402533824737
2022-07-27 06:00:00,12.0,74.0,27.17988281250001,1009.99096875,6.5246720525465625,0.7776000000000002,26.427507751701693,1009.7188839496438,6.339216440150135,0.4610613548839068
2022-07-27 06:00:00,12.0,75.0,26.979882812500023,1009.43096875,5.231340947417395,0.01728,27.462995285202044,1009.4356436070636,5.4581475430293755,0.4593897831594569
2022-07-27 06:00:00,12.0,76.0,28.77988281250004,918.87096875,0.3762260980792336,3.59424,27.54579945873942,923.051747499709,3.3974404143611117,1.1533885707415257
2022-07-27 06:00:00,12.0,77.0,26.979882812500023,926.07096875,2.431775365538196,1.5206400000000004,26.091213323487747,920.6496377730424,3.548158731858331,0.42563607280591254
2022-07-27 06:00:00,12.0,78.0,30.67988281250001,960.90296875,1.0542251452863616,0.10368,29.30409936747619,954.9046762980153,3.557983797146824,0.12884193971093835
2022-07-27 06:00:00,13.0,74.0,27.079882812500045,1010.00696875,4.8853891834080425,0.22464,26.933983655672023,1009.940218081482,5.513982501707935,0.455644291102925
2022-07-27 06:00:00,13.0,75.0,30.079882812500045,1001.35096875,2.264994520619956,1.6416000000000004,28.16775032197753,999.7094451937696,3.388830861689022,0.6872268019585938
2022-07-27 06:00:00,13.0,76.0,25.979882812500023,904.72696875,1.69512985269593,2.71296,25.400304709527777,900.8211074436513,3.664338493223015,0.45807489411841773
2022-07-27 06:00:00,13.0,77.0,26.67988281250001,923.27096875,2.275437089433517,0.5875200000000002,25.615404074327895,920.3807961539018,3.672652305911903,0.45477544241966766
2022-07-27 06:00:00,13.0,78.0,26.479882812500023,913.31896875,2.2452795932524583,0.5184000000000001,25.71368308469828,915.0499116421696,3.861087565060712,0.502681794293368
2022-07-27 06:00:00,14.0,74.0,26.879882812500057,1009.83096875,3.5626260507745093,0.0,27.591382803646585,1009.3936522881087,3.652246875281216,0.22473133659995
2022-07-27 06:00:00,14.0,75.0,29.17988281250001,942.55096875,0.8335573197996344,0.7776000000000002,28.14355268496165,940.5648870580164,3.6808565519411376,0.8631394715581379
2022-07-27 06:00:00,14.0,76.0,26.579882812500045,930.15096875,2.2954516599069725,1.2441600000000002,25.445193144121692,930.9827939756352,3.756789881138756,0.4530695990839208
2022-07-27 06:00:00,14.0,77.0,27.079882812500045,937.59096875,2.034259701206817,0.19008,27.601609079062044,937.2441608978829,3.8273981035760576,0.27284780556572513
2022-07-27 06:00:00,14.0,78.0,27.479882812500023,936.59896875,2.8311283746504547,0.12096,27.922818108912708,936.086230215134,3.9132022609889003,0.17187528453516882
2022-07-27 06:00:00,15.0,74.0,27.579882812500045,1005.23896875,2.00362912501938,0.5184000000000001,26.75918523384649,1003.2848173150667,3.179806486975794,0.5796696865145908
2022-07-27 06:00:00,15.0,75.0,28.17988281250001,946.72696875,1.309442283742987,1.26144,26.800745376635977,945.9269207811109,3.713055955851454,0.48394196353701036
2022-07-27 06:00:00,15.0,76.0,28.27988281250004,946.79096875,1.5106038064558989,0.13824,28.05261844096252,946.7006610601987,3.7426171179435173,0.22226782093507547
2022-07-27 06:00:00,15.0,77.0,29.27988281250004,957.01496875,1.5554129377609185,0.12096,28.761010887069883,953.5252270341015,3.556591889295502,0.15503647053197392
2022-07-27 06:00:00,15.0,78.0,29.979882812500023,974.77496875,1.6012391999053188,0.2419200000000001,29.322746378515912,972.9244689330956,3.673069035713889,0.4534890193173509
2022-07-27 06:00:00,16.0,74.0,27.67988281250001,954.61496875,1.737547670411966,3.5424,26.034860323674966,954.444139130874,3.579241568676985,1.1711795107582776
2022-07-27 06:00:00,16.0,75.0,26.77988281250004,936.32696875,1.129521137785411,1.1059200000000002,25.89604415467196,935.759409372912,3.769804411880027,0.48880673004244113
2022-07-27 06:00:00,16.0,76.0,27.479882812500023,945.33496875,0.7545665228611723,0.9158400000000002,27.65825728165859,946.0952956367851,3.735420866810184,0.7831344738876425
2022-07-27 06:00:00,16.0,77.0,28.879882812500057,965.79896875,1.3826118790629296,0.03456,28.50402067440568,963.9952067370106,3.582212437058598,0.4096313162718186
2022-07-27 06:00:00,16.0,78.0,29.27988281250004,975.12696875,1.7511895183616406,0.22464,29.04533891281532,973.0477206205559,3.6776095595210307,0.47459518131932993
2022-07-27 06:00:00,17.0,74.0,26.77988281250004,935.25496875,1.0799672361570978,0.01728,27.839500943595237,935.7908418479761,4.544108073289551,0.2507613104354193
2022-07-27 06:00:00,17.0,75.0,26.27988281250004,937.99096875,0.7965947317925691,4.97664,25.9125070516574,937.9093382605028,4.2933722265222265,1.3012436211208176
2022-07-27 06:00:00,17.0,76.0,26.579882812500045,953.89496875,1.8982160963284187,6.46272,26.537637050238096,953.7562170315233,4.240541524667991,1.3983648833550726
2022-07-27 06:00:00,17.0,77.0,27.879882812500057,961.95896875,1.2975550862587395,0.05184,28.55054021533135,960.6141001738631,4.279554261399868,0.39317809987187197
2022-07-27 06:00:00,17.0,78.0,27.379882812500057,940.19896875,2.1987556034787152,0.12096,28.318420393246033,940.336699584127,4.560418998455822,0.28652917978488396
2022-07-27 06:00:00,18.0,74.0,26.27988281250004,923.99096875,1.068659596286535,0.9676800000000002,25.751861171293648,923.0958355583346,5.338586158453701,0.499012242154519
2022-07-27 06:00:00,18.0,75.0,28.879882812500057,952.43896875,2.0741005751931487,0.4838400000000002,27.860990634282995,952.127262835797,4.861798686590344,0.5120581934625974
2022-07-27 06:00:00,18.0,76.0,27.17988281250001,947.25496875,1.9165681259906795,0.03456,28.47939555818651,946.7206342450395,5.098389922587036,0.2374601650789742
2022-07-27 06:00:00,18.0,77.0,26.77988281250004,941.86296875,1.2966166846357967,1.9872,26.867831665429907,942.1700512032636,5.066264236600132,0.6328814179811224
2022-07-27 06:00:00,18.0,78.0,28.079882812500045,954.32696875,1.1810672323558364,0.6393600000000002,28.708358545049173,953.2991824545354,4.823919813913624,0.4904633295212264
2022-07-28 06:00:00,11.0,74.0,26.93027343750004,1009.7401875,5.245027996187728,5.77152,26.311515014918246,1009.755774156706,5.535830203431745,0.5346791265140064
2022-07-28 06:00:00,11.0,75.0,26.730273437500045,1009.4201875,3.234468081259061,0.8812800000000002,26.317176046919993,1009.4618258765876,3.337157017342063,0.7413879876789877
2022-07-28 06:00:00,11.0,76.0,31.83027343750001,1003.9001875,1.5767894345877074,0.6393600000000002,30.338187369547626,1005.819266968412,3.33689266562143,0.5116783810152494
2022-07-28 06:00:00,11.0,77.0,30.030273437500057,962.8601875,1.974673153119884,0.4147200000000002,28.66505152082541,959.4875090939225,3.6261862010021173,0.5637473401814345
2022-07-28 06:00:00,11.0,78.0,31.730273437500045,991.0201875,0.1682491964948776,0.05184,31.46328380812564,990.1840498633733,3.5420973035174597,0.3749847323334291
2022-07-28 06:00:00,12.0,74.0,27.33027343750001,1009.6121875,5.057426115641043,0.7257600000000002,26.719737563847616,1009.5665067405556,5.525221316405157,0.4826441761041546
2022-07-28 06:00:00,12.0,75.0,26.730273437500045,1009.2281875,3.0501994650344053,0.3110400000000001,26.7528311375404,1008.8416188040077,3.3115872790952374,0.5640305590762542
2022-07-28 06:00:00,12.0,76.0,27.730273437500045,918.8601875,0.7811187884390068,2.71296,27.206858226073628,923.0521028832275,3.434092616327777,0.7520485831935605
2022-07-28 06:00:00,12.0,77.0,28.730273437500045,925.8681875,1.2422736326789268,0.19008,27.54994621340873,920.6545771370504,3.564911733847617,0.1526082793453888
2022-07-28 06:00:00,12.0,78.0,30.030273437500057,961.0841875,1.3275681108689574,0.13824,28.78103890467463,955.6314810600786,3.5395691777579357,0.29545433604652954
2022-07-28 06:00:00,13.0,74.0,27.230273437500045,1009.5001875,4.94284462801842,2.36736,26.397675360532116,1009.5983392166672,5.534619105969446,0.52580469968079
2022-07-28 06:00:00,13.0,75.0,30.130273437500023,1000.9881875,2.217851276858256,1.1059200000000002,28.24569189797222,999.3845967692861,3.4301317780937826,0.6687374185755296
2022-07-28 06:00:00,13.0,76.0,26.630273437500023,904.5881875,2.343294003376827,0.7776000000000002,25.592174927915668,900.7406845812885,3.8306833685257926,0.5803167145571109
2022-07-28 06:00:00,13.0,77.0,28.130273437500023,923.0201875,1.224161136220911,0.10368,26.88743801529016,920.3389045177242,3.63501068653968,0.15695120161822054
2022-07-28 06:00:00,13.0,78.0,27.530273437500057,913.1001875,1.7693365108439794,0.22464,26.791046041583215,915.0275365412173,3.867699373044047,0.20703505055436278
2022-07-28 06:00:00,14.0,74.0,27.230273437500045,1009.3241875,6.9500033427327335,2.0563200000000004,26.233368227497852,1008.8899161425397,6.644489781520632,0.5277118211865066
2022-07-28 06:00:00,14.0,75.0,29.130273437500023,942.1241875,0.5909719790411361,3.00672,28.122865757916667,940.1692477932941,3.5789224082451043,1.0829508074283638
2022-07-28 06:00:00,14.0,76.0,28.030273437500057,929.7881875,1.7505915794549771,0.7257600000000002,27.708824901385633,930.5469719530157,3.8017575985657412,0.5240769864811489
2022-07-28 06:00:00,14.0,77.0,29.130273437500023,937.1481875,0.903127367607234,0.10368,28.466842330908197,935.7478364605953,3.774871347502248,0.15533970364005842
2022-07-28 06:00:00,14.0,78.0,29.83027343750001,936.1241875,1.6626097911151003,0.12096,28.893409596629656,935.8644751384129,3.8405613430855814,0.09939077793576316
2022-07-28 06:00:00,15.0,74.0,28.730273437500045,1004.4281875,4.574527498560909,7.27488,26.728185034069845,1002.3300357384396,4.7299834626287245,1.4297682278787176
2022-07-28 06:00:00,15.0,75.0,29.83027343750001,946.1081875,1.302655183268455,2.79936,28.171966621170643,945.3412168633334,3.6698367986197087,0.4833141874239642
2022-07-28 06:00:00,15.0,76.0,30.130273437500023,946.4281875,2.275340114328224,0.15552,28.446455901931234,947.0270447772621,3.853902729149076,0.12846570947062685
2022-07-28 06:00:00,15.0,77.0,30.93027343750004,956.5401875,2.392838299197325,0.05184,29.321255762060943,953.5322634089823,3.7186331196437945,0.11878793793956788
2022-07-28 06:00:00,15.0,78.0,32.03027343750006,974.3161875,2.5016457432925376,0.01728,31.149018183830467,972.8712124526987,3.7758409035496032,0.4274999946040737
2022-07-28 06:00:00,16.0,74.0,28.630273437500023,954.3641875,0.6143515375193767,6.01344,26.64259976019973,954.3177937982554,3.547480340111906,1.4016956275521648
2022-07-28 06:00:00,16.0,75.0,29.030273437500057,935.9161875,2.920534640616859,0.5875200000000002,28.12394446609127,935.3311034262448,3.9580607355674724,0.336910700639307
2022-07-28 06:00:00,16.0,76.0,29.93027343750004,944.8441875,2.432791541964173,0.01728,28.832109466793668,945.6100411901455,3.8918847725428685,0.1527942331485106
2022-07-28 06:00:00,16.0,77.0,30.93027343750004,965.4201875,2.4841256319684035,0.06912,29.536645011037113,964.0105735233599,3.7582581140646814,0.38472643467693646
2022-07-28 06:00:00,16.0,78.0,31.130273437500023,974.9241875,1.4563173868301071,0.01728,30.254631002812324,972.9711716996824,3.6120466352006595,0.4900265183313581
2022-07-28 06:00:00,17.0,74.0,27.33027343750001,935.2761875,2.196600329364657,3.9744,26.351249682005964,935.8099656453568,4.411264244368124,1.139168874498928
2022-07-28 06:00:00,17.0,75.0,28.130273437500023,938.0441875,2.2130772505995293,0.12096,27.962805773013883,937.9828138190738,4.54516719915344,0.2602013289380555
2022-07-28 06:00:00,17.0,76.0,29.630273437500023,953.4841875,1.808486661012094,0.15552,29.58426793327491,953.5255582340458,4.243852215273812,0.15413522085710535
2022-07-28 06:00:00,17.0,77.0,30.130273437500023,961.6121875,1.5344846508465546,0.13824,29.83023978724076,960.6468181922756,4.2064595940998695,0.32172465984838383
2022-07-28 06:00:00,17.0,78.0,29.43027343750004,940.3641875,1.207277464423795,0.13824,29.2898113180937,940.1247093759522,4.432658920600266,0.14634685261514918
2022-07-28 06:00:00,18.0,74.0,27.130273437500023,924.4601875,2.012989187229385,3.12768,26.24763512101389,923.1203413795251,5.045785930428308,0.5293214135419049
2022-07-28 06:00:00,18.0,75.0,29.030273437500057,952.9241875,1.9026105957947743,0.10368,29.276674479149502,953.1489684920009,4.82745502302209,0.19291411333145872
2022-07-28 06:00:00,18.0,76.0,29.030273437500057,947.3721875,0.3043723195660981,0.5702400000000001,29.24661783253728,946.5362377903044,5.0173140357671935,0.6755400654991397
2022-07-28 06:00:00,18.0,77.0,28.43027343750004,942.0441875,1.6426231371306073,0.8640000000000002,28.71096824080447,942.2704212473506,5.005790731589814,0.6773982123282788
2022-07-28 06:00:00,18.0,78.0,29.83027343750001,954.5881875,0.3372377875094915,3.21408,29.411062207802928,953.2805113367314,4.714056547935056,0.8703176780473516
2022-07-29 06:00:00,11.0,74.0,27.745605468750057,1008.790875,5.488585656354743,1.0540800000000004,27.113707160328264,1008.6695270577804,5.48554193269656,0.20610310565496026
2022-07-29 06:00:00,11.0,75.0,27.04560546875001,1008.4388750000002,5.211214033827604,0.0,27.70174763617369,1008.226406584471,5.4310624890249075,0.4531397040862482
2022-07-29 06:00:00,11.0,76.0,33.84560546875002,1002.998875,0.3091941506044715,0.19872,33.67151086169577,1004.6140842065075,3.3137846280603176,0.44184057148730754
2022-07-29 06:00:00,11.0,77.0,30.745605468750057,962.774875,3.0603761205659867,0.6048000000000001,29.441403082700557,959.4295404513351,3.7234487354059524,0.6430639531871839
2022-07-29 06:00:00,11.0,78.0,32.145605468750034,990.902875,2.755097680627544,0.5529600000000002,32.087115707390225,990.0625826342068,3.639854284679363,0.9906641418157018
2022-07-29 06:00:00,12.0,74.0,27.845605468750023,1008.934875,4.592677026829562,1.7539200000000004,27.276814048383812,1008.7498911252885,5.110489514954361,0.182689891089409
2022-07-29 06:00:00,12.0,75.0,27.14560546875004,1008.4388750000002,3.749947258394013,0.01728,27.625018310230036,1008.1241253488356,3.4549536481511907,0.408317864542176
2022-07-29 06:00:00,12.0,76.0,28.845605468750023,918.790875,1.2498244592813907,0.2073600000000001,27.484096859703683,922.9754472436246,3.5590403074162684,0.1804375144875371
2022-07-29 06:00:00,12.0,77.0,29.64560546875004,925.622875,1.3942727954875869,0.0,28.9832565546918,920.4502731863353,3.6101716663107126,0.08386312486207378
2022-07-29 06:00:00,12.0,78.0,30.845605468750023,960.950875,2.0844682202061207,1.6588800000000006,28.973486355750012,955.2658251476186,3.5583154485691786,0.564655503573642
2022-07-29 06:00:00,13.0,74.0,27.745605468750057,1008.662875,5.578508236775135,0.0864,27.002593076242803,1008.6316435231212,5.603882457644975,0.4159584165973108
2022-07-29 06:00:00,13.0,75.0,31.245605468750057,1000.390875,1.396180177904797,0.7430400000000003,30.100046749349204,998.6126576550922,3.416021603765875,0.948408651790798
2022-07-29 06:00:00,13.0,76.0,27.64560546875004,904.454875,3.102432410643586,0.8640000000000002,26.933721272099735,900.3473601750791,3.8968794189880964,0.3538804908655264
2022-07-29 06:00:00,13.0,77.0,29.345605468750023,922.710875,2.445988793722903,0.00864,28.9252574601402,920.3714023897617,3.716151315594045,0.07989647545432368
2022-07-29 06:00:00,13.0,78.0,28.845605468750023,912.950875,3.084173237339996,0.12096,27.654476849025116,913.8525124473018,3.9445551057587305,0.1358917008494473
2022-07-29 06:00:00,14.0,74.0,27.54560546875001,1008.662875,6.316404752034026,1.5033600000000005,26.911273834755313,1008.2179783348737,6.276981076450005,0.2133119207958286
2022-07-29 06:00:00,14.0,75.0,29.445605468750045,941.814875,1.5469112203191464,1.4601600000000003,28.19973956387169,939.8745820497888,3.6120298389693106,0.8132303638381886
2022-07-29 06:00:00,14.0,76.0,29.745605468750057,929.238875,2.029581537677292,0.05184,28.508759626951292,930.5247456621427,3.8282032799312167,0.12475899158159862
2022-07-29 06:00:00,14.0,77.0,30.845605468750023,936.518875,2.21775757895628,0.0,29.872440866733694,935.4037684383728,3.8860547980097877,0.04298958288313588
2022-07-29 06:00:00,14.0,78.0,30.945605468750045,935.654875,2.730815781293526,0.0,29.930425153458565,935.2821909486371,3.9417284314351826,0.03608603365207371
2022-07-29 06:00:00,15.0,74.0,29.04560546875001,1004.038875,4.255049820153317,1.1232000000000002,27.58325088803191,1001.8062648127396,4.375312552865211,0.21016079682736674
2022-07-29 06:00:00,15.0,75.0,30.64560546875004,945.846875,0.4869545699926951,0.9676800000000002,28.826783529023807,945.4870487168513,3.7532745296066135,1.1705625071340329
2022-07-29 06:00:00,15.0,76.0,31.745605468750057,945.766875,1.3311870390460805,0.0,30.55339714724601,947.165379578056,3.7662084498455024,0.05582958528914639
2022-07-29 06:00:00,15.0,77.0,32.145605468750034,955.910875,2.7491555428075127,0.0,31.123457678449036,953.4775685236618,3.7088075568859766,0.0263830519216101
2022-07-29 06:00:00,15.0,78.0,33.04560546875001,973.670875,3.371518494724302,0.0,32.30299060000332,972.6878307541143,3.9728461256645504,0.021862022186014636
2022-07-29 06:00:00,16.0,74.0,29.845605468750023,953.750875,1.6265091391686892,0.8208000000000002,28.63387582765262,954.3560469489164,3.613916008245237,0.8995915644856137
2022-07-29 06:00:00,16.0,75.0,30.14560546875004,935.366875,2.009489559164969,0.12096,28.59133043939792,935.0897549265844,3.9178675760256607,0.1253034162479863
2022-07-29 06:00:00,16.0,76.0,31.445605468750045,944.150875,2.55263615028401,0.0,30.62977900200432,944.3682631532934,3.9262004416589944,0.0317827056019635
2022-07-29 06:00:00,16.0,77.0,32.74560546875006,964.566875,2.8919637182661924,0.0,31.03471285224093,963.0967756433605,3.75901167105939,0.03393338723557628
2022-07-29 06:00:00,16.0,78.0,32.54560546875001,974.086875,2.002550314236641,0.0,31.840768106853794,972.9418363369047,3.7093175536281735,0.03303824336759468
2022-07-29 06:00:00,17.0,74.0,29.245605468750057,934.582875,0.7040388833938936,0.32832,28.93427415931747,935.8042224853177,4.324116335411378,0.37693839625333964
2022-07-29 06:00:00,17.0,75.0,30.04560546875001,937.126875,1.4802252676807406,0.2592,29.411026695337082,936.4680818327379,4.344342736408601,0.2831098151682717
2022-07-29 06:00:00,17.0,76.0,30.845605468750023,952.838875,2.144074489680634,0.06912,30.130760862408728,952.9949321093001,4.155171934693653,0.12323794282534886
2022-07-29 06:00:00,17.0,77.0,31.245605468750057,960.934875,1.7020329776896277,0.0,30.90153396340405,959.4070204494047,4.184342178835321,0.0334203989872694
2022-07-29 06:00:00,17.0,78.0,30.14560546875004,939.830875,1.08254837476462,1.8576000000000004,29.34737561765503,939.8229228276721,4.261391409479236,0.4281205329926551
2022-07-29 06:00:00,18.0,74.0,27.845605468750023,923.814875,2.033028535627149,0.40608,27.55671651779631,923.0584332138903,4.998566352103307,0.49862647975232005
2022-07-29 06:00:00,18.0,75.0,31.04560546875001,951.766875,2.751389607592502,0.7430400000000003,30.25295173694443,951.5495855528832,4.695226006365216,1.2979817213709322
2022-07-29 06:00:00,18.0,76.0,30.54560546875001,946.486875,0.5432998741365312,0.4320000000000001,30.467656899440467,946.8127912351184,4.86988954513386,0.905817843756147
2022-07-29 06:00:00,18.0,77.0,29.745605468750057,941.286875,0.8643847428694705,4.41504,29.265211031009265,941.4303101161105,4.750846451750927,1.654047111363857
2022-07-29 06:00:00,18.0,78.0,30.64560546875004,953.910875,0.5254775054229445,0.01728,30.053180603333324,953.2579179977894,4.646154305750927,0.16146144645240126
2022-07-30 06:00:00,11.0,74.0,27.713769531250023,1008.73275,5.896578845575053,1.2787200000000003,27.153975169588836,1008.4454367351982,5.704635219908334,0.1496622762700226
2022-07-30 06:00:00,11.0,75.0,27.313769531250045,1008.41275,4.850797941170876,2.592,26.563769634023643,1008.3001244382808,5.351234723925761,0.3629878593794509
2022-07-30 06:00:00,11.0,76.0,32.813769531250045,1002.89275,1.788765502655246,0.5875200000000002,31.630930151961675,1004.6142981731745,3.4004133668917986,0.6506320852943246
2022-07-30 06:00:00,11.0,77.0,31.51376953125004,961.93275,1.2610531204942264,0.8467200000000003,30.33176245308732,958.40319643119,3.5023099121857135,0.8422139426160057
2022-07-30 06:00:00,11.0,78.0,33.013769531250034,989.77275,2.58061646509041,0.0,33.38622272394974,988.7605860897895,3.7015782773687813,0.021374563393749605
2022-07-30 06:00:00,12.0,74.0,27.813769531250045,1008.65275,5.463981616863931,0.3110400000000001,27.114351599001246,1008.3411560409916,5.510552047842594,0.3498220913196898
2022-07-30 06:00:00,12.0,75.0,27.01376953125004,1008.20475,5.581752072012098,2.0908800000000003,26.30369230408628,1008.1123825349073,5.713849901271795,0.46632938111074923
2022-07-30 06:00:00,12.0,76.0,28.813769531250045,918.33275,0.8298671486611428,1.5206400000000004,27.519959359533072,922.3152343058728,3.425696268000793,0.64976580048221
2022-07-30 06:00:00,12.0,77.0,29.41376953125001,925.10075,1.3186655008670602,0.01728,28.675735760894185,920.1154398093248,3.5646810275496015,0.17403769100306937
2022-07-30 06:00:00,12.0,78.0,32.013769531250034,959.85275,1.5428866013110296,0.0,30.10301552014152,953.0771541035842,3.5693260475837283,0.03734911892063489
2022-07-30 06:00:00,13.0,74.0,27.41376953125001,1008.54075,7.248646509034814,5.63328,26.589167839756662,1008.5494702571406,6.77467995809392,0.7382094779886582
2022-07-30 06:00:00,13.0,75.0,29.713769531250023,1000.01275,1.929599097684892,2.19456,28.34665890536111,998.3959608059786,3.4059428792652113,0.779901272835587
2022-07-30 06:00:00,13.0,76.0,26.91376953125001,903.99675,2.6009669536159,1.7452800000000002,25.998038854898724,899.8254915087041,3.6860410471817455,0.49212775551298465
2022-07-30 06:00:00,13.0,77.0,28.41376953125001,922.09275,1.828507476563564,0.0,27.193607102997344,920.1380161453834,3.664863205044046,0.14409695201267536
2022-07-30 06:00:00,13.0,78.0,28.613769531250057,912.10875,0.3706350679139796,0.2937600000000001,27.563755665456338,913.2258109561517,3.726577170210713,0.40677822760461485
2022-07-30 06:00:00,14.0,74.0,27.41376953125001,1008.39675,7.764798333266742,0.4838400000000002,26.82238973492158,1008.0288563640472,6.758015252534764,0.3860942342718543
2022-07-30 06:00:00,14.0,75.0,28.91376953125001,941.42075,0.8401732011106253,0.2764800000000001,27.86937602731016,939.5402202650796,3.7008706137653418,0.42918464608409324
2022-07-30 06:00:00,14.0,76.0,27.613769531250057,929.08475,2.1768173401720805,0.0864,27.178436852371956,929.7310193898942,3.8251447990121688,0.20502046610837013
2022-07-30 06:00:00,14.0,77.0,28.01376953125004,936.39675,0.9885579736360812,0.0,28.33208612093844,935.1775211432956,3.7582626116042306,0.15157879377732866
2022-07-30 06:00:00,14.0,78.0,29.613769531250057,935.11675,1.768353089314879,0.2073600000000001,28.890819389518516,934.9669699442616,3.8080563401955017,0.13859315727658914
2022-07-30 06:00:00,15.0,74.0,28.613769531250057,1003.91675,5.6026124837106215,1.4169600000000002,26.897874916919573,1001.6793158806232,5.230044983529387,0.21015447860631023
2022-07-30 06:00:00,15.0,75.0,28.613769531250057,945.53275,2.1401646042431177,1.1059200000000002,26.85429147409777,944.7686072212571,3.7750163196272477,0.6435847226796528
2022-07-30 06:00:00,15.0,76.0,29.313769531250045,945.51675,1.731763685087973,0.01728,28.66099429008838,946.7259988449077,3.7467854968010585,0.2021351722793206
2022-07-30 06:00:00,15.0,77.0,30.113769531250057,955.61275,1.2328650345481251,0.0,29.793666995880947,953.4688611787698,3.5516041961693117,0.07095022895384177
2022-07-30 06:00:00,15.0,78.0,32.41376953125001,972.95675,1.5156362892792257,0.0,31.771907887430487,972.0599738606475,3.5880640648443114,0.031229515855176332
2022-07-30 06:00:00,16.0,74.0,27.713769531250023,953.82075,1.7368811403648494,1.0195200000000002,26.438140078471484,954.3463260894432,3.6051254018015864,0.9702142489306368
2022-07-30 06:00:00,16.0,75.0,27.613769531250057,935.26075,2.05274041347904,4.09536,26.162470752185,935.0363683966285,3.7149166860328044,1.257684143189598
2022-07-30 06:00:00,16.0,76.0,28.91376953125001,943.94875,1.9827650807108617,0.0,29.05847783304678,944.3213040202778,3.7754758473812164,0.13269228856110685
2022-07-30 06:00:00,16.0,77.0,30.91376953125001,964.20475,1.5959199663875616,0.0,29.838492065858542,963.0293056988764,3.650235762557539,0.04850409929694289
2022-07-30 06:00:00,16.0,78.0,31.91376953125001,973.40475,0.4709775634638557,0.0,31.203007204215396,972.6935612811897,3.5853071885331995,0.06519142798048146
2022-07-30 06:00:00,17.0,74.0,27.313769531250045,934.42875,2.0133599414804664,2.0390400000000004,26.537795398601382,935.7476180242589,4.278935621470109,0.5657525532709871
2022-07-30 06:00:00,17.0,75.0,28.01376953125004,936.95675,1.909474754977328,2.22912,26.26837278797341,936.247569861706,4.2786192834006656,0.48303896434863364
2022-07-30 06:00:00,17.0,76.0,29.51376953125004,952.44475,2.6535761895604155,1.7280000000000004,29.31976914176324,952.2364867838105,4.080006944077252,0.6465796264039534
2022-07-30 06:00:00,17.0,77.0,30.01376953125004,960.46075,2.0472310978540564,0.0,30.253396793529113,957.6918470644448,4.157377495201591,0.06733474370769268
2022-07-30 06:00:00,17.0,78.0,29.51376953125004,938.97275,1.082044727828164,0.2419200000000001,29.23777488884502,939.6557776813626,4.28546225854749,0.20108906695099402
2022-07-30 06:00:00,18.0,74.0,28.01376953125004,923.06875,1.9148195293891537,0.2419200000000001,28.024737928729078,923.0247805859541,4.9710791328921955,0.29787505744981735
2022-07-30 06:00:00,18.0,75.0,29.313769531250045,951.56475,2.6449486500459893,0.15552,29.545034660550268,951.554723034048,4.686500845973944,0.20792279557691232
2022-07-30 06:00:00,18.0,76.0,29.01376953125004,946.06075,2.983064632490298,0.06912,29.32064475245262,946.4026914017329,4.9782754755882275,0.19311251022819276
2022-07-30 06:00:00,18.0,77.0,28.813769531250045,940.73275,2.751667337592014,2.43648,28.759082940496278,940.4309119011107,4.831211902919179,0.7415339566215788
2022-07-30 06:00:00,18.0,78.0,30.01376953125004,953.00475,2.930562051476129,1.2960000000000005,29.50574267206929,952.745532015746,4.712185025361246,0.44739479719088543
